{
  "type": "FeatureCollection",
  "features": [
    {
      "type": "Feature",
      "geometry": {
        "type": "LineString",
        "coordinates": [
          [
            8.5775,
            50.0429
          ],
          [
            8.5958,
            50.0473
          ],
          [
            8.6123,
            50.0511
          ],
          [
            8.6316,
            50.0554
          ],
          [
            8.6659,
            50.0626
          ],
          [
            8.6931,
            50.0686
          ],
          [
            8.7137,
            50.0791
          ],
          [
            8.7285,
            50.0991
          ],
          [
            8.7516,
            50.1334
          ],
          [
            8.7749,
            50.168
          ],
          [
            8.7976,
            50.2013
          ],
          [
            8.8196,
            50.2338
          ],
          [
            8.8244,
            50.2534
          ],
          [
            8.8118,
            50.2753
          ],
          [
            8.7839,
            50.2898
          ],
          [
            8.7458,
            50.2987
          ],
          [
            8.6647,
            50.3244
          ],
          [
            8.6003,
            50.3452
          ],
          [
            8.5373,
            50.3657
          ],
          [
            8.4636,
            50.3896
          ],
          [
            8.3925,
            50.4125
          ],
          [
            8.3152,
            50.4374
          ],
          [
            8.2395,
            50.4616
          ],
          [
            8.1605,
            50.4869
          ],
          [
            8.0817,
            50.512
          ],
          [
            8.0033,
            50.5369
          ],
          [
            7.9199,
            50.5633
          ],
          [
            7.8309,
            50.5913
          ],
          [
            7.749,
            50.6171
          ],
          [
            7.6698,
            50.6419
          ],
          [
            7.5771,
            50.6708
          ],
          [
            7.4901,
            50.6979
          ],
          [
            7.4032,
            50.7248
          ],
          [
            7.3495,
            50.7422
          ],
          [
            7.2883,
            50.7674
          ],
          [
            7.2407,
            50.7886
          ],
          [
            7.1822,
            50.8147
          ],
          [
            7.1406,
            50.8332
          ],
          [
            7.0681,
            50.8655
          ],
          [
            6.9829,
            50.9032
          ],
          [
            6.8996,
            50.94
          ],
          [
            6.8485,
            50.9628
          ],
          [
            6.7993,
            50.9887
          ],
          [
            6.7532,
            51.015
          ],
          [
            6.6703,
            51.0613
          ],
          [
            6.5929,
            51.1045
          ],
          [
            6.5089,
            51.1516
          ],
          [
            6.4291,
            51.1962
          ],
          [
            6.3723,
            51.2281
          ],
          [
            6.3219,
            51.2562
          ],
          [
            6.1932,
            51.3277
          ],
          [
            6.1416,
            51.3563
          ],
          [
            6.0609,
            51.4008
          ],
          [
            5.9762,
            51.4474
          ],
          [
            5.9283,
            51.4751
          ],
          [
            5.8744,
            51.5138
          ],
          [
            5.8358,
            51.5437
          ],
          [
            5.7758,
            51.5909
          ],
          [
            5.7089,
            51.6436
          ],
          [
            5.5955,
            51.7334
          ],
          [
            5.5124,
            51.799
          ],
          [
            5.4444,
            51.8522
          ],
          [
            5.3783,
            51.9038
          ],
          [
            5.311,
            51.9566
          ],
          [
            5.2341,
            52.0171
          ],
          [
            5.1434,
            52.0887
          ],
          [
            5.0752,
            52.1423
          ],
          [
            5.0297,
            52.1708
          ],
          [
            4.9818,
            52.1937
          ],
          [
            4.9136,
            52.2216
          ],
          [
            4.8196,
            52.26
          ],
          [
            4.7599,
            52.2843
          ],
          [
            4.6398,
            52.3329
          ],
          [
            4.5515,
            52.3684
          ],
          [
            4.4658,
            52.4028
          ],
          [
            4.3771,
            52.4383
          ],
          [
            4.2747,
            52.4791
          ],
          [
            4.1834,
            52.5153
          ],
          [
            4.0915,
            52.5517
          ],
          [
            4.0006,
            52.5875
          ],
          [
            3.9397,
            52.6111
          ],
          [
            3.8695,
            52.63
          ],
          [
            3.729,
            52.656
          ],
          [
            3.625,
            52.675
          ],
          [
            3.5222,
            52.6937
          ],
          [
            3.4138,
            52.7133
          ],
          [
            3.3106,
            52.7318
          ],
          [
            3.2548,
            52.7418
          ],
          [
            3.1503,
            52.7604
          ],
          [
            3.0519,
            52.7779
          ],
          [
            2.943,
            52.7962
          ],
          [
            2.8389,
            52.8138
          ],
          [
            2.7356,
            52.8311
          ],
          [
            2.6338,
            52.8481
          ],
          [
            2.5297,
            52.8654
          ],
          [
            2.4212,
            52.8833
          ],
          [
            2.3163,
            52.9005
          ],
          [
            2.2152,
            52.9169
          ],
          [
            2.1101,
            52.934
          ],
          [
            2.0045,
            52.951
          ],
          [
            1.8987,
            52.9679
          ],
          [
            1.7948,
            52.9844
          ],
          [
            1.6883,
            53.0012
          ],
          [
            1.5581,
            53.0217
          ],
          [
            1.4523,
            53.0381
          ],
          [
            1.3462,
            53.0545
          ],
          [
            1.2429,
            53.0704
          ],
          [
            1.134,
            53.087
          ],
          [
            1.0296,
            53.1028
          ],
          [
            0.9239,
            53.1188
          ],
          [
            0.8336,
            53.1323
          ],
          [
            0.7285,
            53.148
          ],
          [
            0.5895,
            53.1685
          ],
          [
            0.4839,
            53.1839
          ],
          [
            0.3764,
            53.1996
          ],
          [
            0.2674,
            53.2154
          ],
          [
            0.1635,
            53.2302
          ],
          [
            0.0543,
            53.2458
          ],
          [
            -0.0545,
            53.2612
          ],
          [
            -0.1613,
            53.2762
          ],
          [
            -0.2691,
            53.2913
          ],
          [
            -0.3777,
            53.3063
          ],
          [
            -0.4734,
            53.3195
          ],
          [
            -0.5515,
            53.3302
          ],
          [
            -0.6591,
            53.3448
          ],
          [
            -0.7683,
            53.3595
          ],
          [
            -0.877,
            53.374
          ],
          [
            -0.9355,
            53.3819
          ],
          [
            -1.0429,
            53.3961
          ],
          [
            -1.153,
            53.4106
          ],
          [
            -1.3691,
            53.4386
          ],
          [
            -1.4769,
            53.4525
          ],
          [
            -1.5887,
            53.4667
          ],
          [
            -1.699,
            53.4806
          ],
          [
            -1.8054,
            53.494
          ],
          [
            -1.8811,
            53.5034
          ],
          [
            -1.9873,
            53.5166
          ],
          [
            -2.1012,
            53.5305
          ],
          [
            -2.2133,
            53.5442
          ],
          [
            -2.3255,
            53.5577
          ],
          [
            -2.4351,
            53.5709
          ],
          [
            -2.5496,
            53.5845
          ],
          [
            -2.6648,
            53.598
          ],
          [
            -2.7668,
            53.6099
          ],
          [
            -2.8791,
            53.6229
          ],
          [
            -2.9767,
            53.6342
          ],
          [
            -3.0918,
            53.6472
          ],
          [
            -3.2062,
            53.6602
          ],
          [
            -3.3587,
            53.6772
          ],
          [
            -3.476,
            53.6902
          ],
          [
            -3.5508,
            53.6983
          ],
          [
            -3.6661,
            53.7109
          ],
          [
            -3.7822,
            53.7234
          ],
          [
            -3.8965,
            53.7356
          ],
          [
            -4.0096,
            53.7475
          ],
          [
            -4.1242,
            53.7595
          ],
          [
            -4.2361,
            53.7712
          ],
          [
            -4.3477,
            53.7826
          ],
          [
            -4.4603,
            53.794
          ],
          [
            -4.5434,
            53.8002
          ],
          [
            -4.7009,
            53.8057
          ],
          [
            -4.8095,
            53.8093
          ],
          [
            -4.9208,
            53.813
          ],
          [
            -5.0062,
            53.8156
          ],
          [
            -5.1174,
            53.8191
          ],
          [
            -5.2204,
            53.8221
          ],
          [
            -5.3389,
            53.8255
          ],
          [
            -5.4673,
            53.8311
          ],
          [
            -5.5653,
            53.8413
          ],
          [
            -5.6711,
            53.8575
          ],
          [
            -5.8185,
            53.8803
          ],
          [
            -5.931,
            53.8979
          ],
          [
            -6.0345,
            53.9138
          ],
          [
            -6.1435,
            53.9305
          ],
          [
            -6.2495,
            53.9468
          ],
          [
            -6.3547,
            53.9629
          ],
          [
            -6.4629,
            53.9791
          ],
          [
            -6.5652,
            53.9944
          ],
          [
            -6.6733,
            54.0105
          ],
          [
            -6.7794,
            54.0262
          ],
          [
            -6.8885,
            54.0423
          ],
          [
            -6.9971,
            54.0581
          ],
          [
            -7.1046,
            54.0737
          ],
          [
            -7.2106,
            54.0889
          ],
          [
            -7.3301,
            54.106
          ],
          [
            -7.439,
            54.1215
          ],
          [
            -7.5515,
            54.1373
          ],
          [
            -7.6558,
            54.1518
          ],
          [
            -7.7703,
            54.1678
          ],
          [
            -7.8861,
            54.1836
          ],
          [
            -7.9889,
            54.1977
          ],
          [
            -8.0994,
            54.2128
          ],
          [
            -8.2067,
            54.2272
          ],
          [
            -8.3127,
            54.2414
          ],
          [
            -8.418,
            54.2553
          ],
          [
            -8.5284,
            54.2699
          ],
          [
            -8.5986,
            54.2791
          ],
          [
            -8.6818,
            54.2931
          ],
          [
            -8.7861,
            54.3164
          ],
          [
            -8.8951,
            54.3403
          ],
          [
            -8.9966,
            54.3627
          ],
          [
            -9.1023,
            54.3858
          ],
          [
            -9.2148,
            54.4103
          ],
          [
            -9.3199,
            54.433
          ],
          [
            -9.418,
            54.4542
          ],
          [
            -9.5252,
            54.4772
          ],
          [
            -9.621,
            54.4977
          ],
          [
            -9.7223,
            54.5192
          ],
          [
            -9.8182,
            54.5394
          ],
          [
            -9.9218,
            54.5612
          ],
          [
            -10.0251,
            54.5829
          ],
          [
            -10.1283,
            54.6044
          ],
          [
            -10.2272,
            54.6249
          ],
          [
            -10.3424,
            54.6487
          ],
          [
            -10.4388,
            54.6685
          ],
          [
            -10.5429,
            54.6898
          ],
          [
            -10.65,
            54.7116
          ],
          [
            -10.7589,
            54.7337
          ],
          [
            -10.8562,
            54.7533
          ],
          [
            -10.9547,
            54.773
          ],
          [
            -11.0546,
            54.7929
          ],
          [
            -11.1562,
            54.8131
          ],
          [
            -11.2546,
            54.8325
          ],
          [
            -11.3571,
            54.8526
          ],
          [
            -11.4623,
            54.8731
          ],
          [
            -11.5604,
            54.8922
          ],
          [
            -11.6646,
            54.9123
          ],
          [
            -11.7637,
            54.9314
          ],
          [
            -11.8634,
            54.9504
          ],
          [
            -11.9709,
            54.9709
          ],
          [
            -12.0785,
            54.9913
          ],
          [
            -12.1854,
            55.0114
          ],
          [
            -12.2881,
            55.0306
          ],
          [
            -12.3918,
            55.0499
          ],
          [
            -12.4985,
            55.0696
          ],
          [
            -12.6045,
            55.0891
          ],
          [
            -12.7088,
            55.1081
          ],
          [
            -12.8113,
            55.1268
          ],
          [
            -12.9133,
            55.1453
          ],
          [
            -13.0128,
            55.1632
          ],
          [
            -13.1238,
            55.183
          ],
          [
            -13.233,
            55.2024
          ],
          [
            -13.3383,
            55.2211
          ],
          [
            -13.5135,
            55.2518
          ],
          [
            -13.6156,
            55.2696
          ],
          [
            -13.7193,
            55.2875
          ],
          [
            -13.8707,
            55.3135
          ],
          [
            -14.3591,
            55.2388
          ],
          [
            -14.656,
            55.239
          ],
          [
            -15.0878,
            55.2846
          ],
          [
            -15.5278,
            55.3294
          ],
          [
            -15.9177,
            55.3676
          ],
          [
            -16.1732,
            55.392
          ],
          [
            -16.6228,
            55.4335
          ],
          [
            -17.0661,
            55.4728
          ],
          [
            -17.4882,
            55.5086
          ],
          [
            -17.8889,
            55.5412
          ],
          [
            -18.154,
            55.562
          ],
          [
            -18.4791,
            55.7325
          ],
          [
            -18.6427,
            55.8175
          ],
          [
            -18.9776,
            55.9895
          ],
          [
            -19.1462,
            56.0752
          ],
          [
            -19.3127,
            56.1593
          ],
          [
            -19.6199,
            56.3128
          ],
          [
            -19.8139,
            56.4087
          ],
          [
            -20.0,
            56.5
          ],
          [
            -20.8767,
            56.6223
          ],
          [
            -21.1248,
            56.6557
          ],
          [
            -21.5836,
            56.7159
          ],
          [
            -22.0359,
            56.7735
          ],
          [
            -22.29,
            56.805
          ],
          [
            -22.7602,
            56.8619
          ],
          [
            -23.2042,
            56.9138
          ],
          [
            -23.472,
            56.9443
          ],
          [
            -23.9338,
            56.9954
          ],
          [
            -24.179,
            57.0218
          ],
          [
            -24.6546,
            57.0715
          ],
          [
            -25.1315,
            57.1194
          ],
          [
            -25.5856,
            57.1633
          ],
          [
            -25.845,
            57.1875
          ],
          [
            -26.0847,
            57.2094
          ],
          [
            -26.5651,
            57.2519
          ],
          [
            -26.8057,
            57.2725
          ],
          [
            -27.2876,
            57.3122
          ],
          [
            -27.533,
            57.3317
          ],
          [
            -27.9923,
            57.3668
          ],
          [
            -28.2424,
            57.3852
          ],
          [
            -28.7394,
            57.4202
          ],
          [
            -28.9822,
            57.4366
          ],
          [
            -29.4359,
            57.4659
          ],
          [
            -29.6833,
            57.4812
          ],
          [
            -29.935,
            57.4962
          ],
          [
            -30.1911,
            57.5074
          ],
          [
            -30.4433,
            57.5168
          ],
          [
            -30.9359,
            57.5336
          ],
          [
            -31.4085,
            57.5479
          ],
          [
            -31.6531,
            57.5546
          ],
          [
            -32.1303,
            57.5664
          ],
          [
            -32.3833,
            57.5719
          ],
          [
            -32.6487,
            57.5771
          ],
          [
            -33.1223,
            57.585
          ],
          [
            -33.6003,
            57.5912
          ],
          [
            -34.107,
            57.5958
          ],
          [
            -34.6097,
            57.5983
          ],
          [
            -35.0715,
            57.5989
          ],
          [
            -35.5865,
            57.5975
          ],
          [
            -36.0728,
            57.5944
          ],
          [
            -36.3221,
            57.592
          ],
          [
            -36.5672,
            57.5892
          ],
          [
            -37.0288,
            57.5827
          ],
          [
            -37.5105,
            57.574
          ],
          [
            -37.7962,
            57.568
          ],
          [
            -38.2857,
            57.5562
          ],
          [
            -38.7749,
            57.5426
          ],
          [
            -39.2433,
            57.5277
          ],
          [
            -39.4875,
            57.5193
          ],
          [
            -39.9919,
            57.5003
          ],
          [
            -40.4256,
            57.4825
          ],
          [
            -40.6632,
            57.4258
          ],
          [
            -40.9021,
            57.4117
          ],
          [
            -41.3563,
            57.3836
          ],
          [
            -41.8251,
            57.3529
          ],
          [
            -42.2816,
            57.3212
          ],
          [
            -42.5153,
            57.3043
          ],
          [
            -42.9476,
            57.2719
          ],
          [
            -43.383,
            57.2378
          ],
          [
            -43.6194,
            57.2185
          ],
          [
            -43.8708,
            57.1976
          ],
          [
            -44.1068,
            57.1775
          ],
          [
            -44.3348,
            57.1576
          ],
          [
            -44.574,
            57.1362
          ],
          [
            -44.8016,
            57.1155
          ],
          [
            -45.2559,
            57.0727
          ],
          [
            -45.6827,
            57.031
          ],
          [
            -45.9316,
            57.0059
          ],
          [
            -46.1613,
            56.9823
          ],
          [
            -46.571,
            56.9391
          ],
          [
            -46.8299,
            56.9111
          ],
          [
            -47.2754,
            56.8615
          ],
          [
            -47.0397,
            56.8879
          ],
          [
            -47.4544,
            56.8393
          ],
          [
            -47.7,
            56.809
          ],
          [
            -48.1345,
            56.7543
          ],
          [
            -48.5639,
            56.6985
          ],
          [
            -48.8114,
            56.6656
          ],
          [
            -49.0364,
            56.6353
          ],
          [
            -49.2572,
            56.605
          ],
          [
            -49.6943,
            56.5438
          ],
          [
            -49.9141,
            56.5124
          ],
          [
            -50.3165,
            56.4231
          ],
          [
            -50.5302,
            56.3705
          ],
          [
            -50.7433,
            56.3176
          ],
          [
            -50.9558,
            56.2642
          ],
          [
            -53.1667,
            55.65
          ],
          [
            -51.3281,
            56.1699
          ],
          [
            -53.3833,
            55.6
          ],
          [
            -53.6,
            55.55
          ],
          [
            -53.7833,
            55.5
          ],
          [
            -54.0,
            55.4167
          ],
          [
            -54.2833,
            55.3833
          ],
          [
            -54.4833,
            55.3167
          ],
          [
            -54.7,
            55.2667
          ],
          [
            -54.9,
            55.2
          ],
          [
            -55.1167,
            55.1333
          ],
          [
            -55.3333,
            55.0833
          ],
          [
            -55.5333,
            55.0167
          ],
          [
            -55.75,
            54.95
          ],
          [
            -55.9333,
            54.8833
          ],
          [
            -55.9699,
            54.858
          ],
          [
            -56.0252,
            54.8317
          ],
          [
            -56.1484,
            54.7684
          ],
          [
            -56.238,
            54.7223
          ],
          [
            -56.3259,
            54.6768
          ],
          [
            -56.4098,
            54.6332
          ],
          [
            -56.4969,
            54.5877
          ],
          [
            -56.5805,
            54.5441
          ],
          [
            -56.7081,
            54.477
          ],
          [
            -56.8112,
            54.4226
          ],
          [
            -56.9123,
            54.3683
          ],
          [
            -56.9939,
            54.3243
          ],
          [
            -57.0768,
            54.2795
          ],
          [
            -57.1586,
            54.2351
          ],
          [
            -57.3221,
            54.1459
          ],
          [
            -57.4024,
            54.102
          ],
          [
            -57.483,
            54.0576
          ],
          [
            -57.5642,
            54.0129
          ],
          [
            -57.6433,
            53.9691
          ],
          [
            -57.7424,
            53.9141
          ],
          [
            -57.8754,
            53.8397
          ],
          [
            -57.9537,
            53.7959
          ],
          [
            -58.0417,
            53.7465
          ],
          [
            -58.1212,
            53.7015
          ],
          [
            -58.1989,
            53.6575
          ],
          [
            -58.279,
            53.612
          ],
          [
            -58.4276,
            53.5271
          ],
          [
            -58.514,
            53.4775
          ],
          [
            -58.7167,
            53.3833
          ],
          [
            -58.7391,
            53.3476
          ],
          [
            -58.8166,
            53.3025
          ],
          [
            -58.8925,
            53.2583
          ],
          [
            -58.9703,
            53.2128
          ],
          [
            -59.0445,
            53.1693
          ],
          [
            -59.1222,
            53.1236
          ],
          [
            -59.1959,
            53.0801
          ],
          [
            -59.2786,
            53.031
          ],
          [
            -59.3545,
            52.986
          ],
          [
            -59.4296,
            52.9412
          ],
          [
            -59.5044,
            52.8966
          ],
          [
            -59.5795,
            52.8516
          ],
          [
            -59.6545,
            52.8063
          ],
          [
            -59.798,
            52.7197
          ],
          [
            -59.8716,
            52.675
          ],
          [
            -60.0207,
            52.584
          ],
          [
            -60.0941,
            52.5389
          ],
          [
            -60.176,
            52.4887
          ],
          [
            -60.2483,
            52.444
          ],
          [
            -60.321,
            52.399
          ],
          [
            -60.3955,
            52.3528
          ],
          [
            -60.47,
            52.3065
          ],
          [
            -60.5441,
            52.2602
          ],
          [
            -60.6789,
            52.1756
          ],
          [
            -60.8223,
            52.0851
          ],
          [
            -60.9061,
            52.032
          ],
          [
            -60.9783,
            51.9861
          ],
          [
            -61.1213,
            51.8947
          ],
          [
            -61.2642,
            51.8029
          ],
          [
            -61.3343,
            51.7576
          ],
          [
            -61.4058,
            51.7113
          ],
          [
            -61.4778,
            51.6646
          ],
          [
            -61.5487,
            51.6184
          ],
          [
            -61.6833,
            51.5
          ],
          [
            -61.8267,
            51.4359
          ],
          [
            -61.8988,
            51.3883
          ],
          [
            -62.0375,
            51.2962
          ],
          [
            -62.1065,
            51.2502
          ],
          [
            -62.1777,
            51.2026
          ],
          [
            -62.2462,
            51.1568
          ],
          [
            -62.3667,
            51.05
          ],
          [
            -62.519,
            50.9725
          ],
          [
            -62.6748,
            50.8663
          ],
          [
            -62.7967,
            50.7828
          ],
          [
            -62.8859,
            50.7214
          ],
          [
            -62.9549,
            50.6736
          ],
          [
            -63.0221,
            50.6271
          ],
          [
            -63.0886,
            50.5808
          ],
          [
            -63.1564,
            50.5337
          ],
          [
            -63.2234,
            50.4868
          ],
          [
            -63.2883,
            50.4414
          ],
          [
            -63.3592,
            50.3915
          ],
          [
            -63.4251,
            50.3451
          ],
          [
            -63.4919,
            50.2979
          ],
          [
            -63.5586,
            50.2507
          ],
          [
            -63.6245,
            50.2038
          ],
          [
            -63.7233,
            50.1334
          ],
          [
            -63.793,
            50.0835
          ],
          [
            -63.8653,
            50.0316
          ],
          [
            -63.9398,
            49.9779
          ],
          [
            -64.0108,
            49.9267
          ],
          [
            -64.0754,
            49.8799
          ],
          [
            -64.1505,
            49.8253
          ],
          [
            -64.2308,
            49.7669
          ],
          [
            -64.3187,
            49.7025
          ],
          [
            -64.3837,
            49.6548
          ],
          [
            -64.4503,
            49.6058
          ],
          [
            -64.5162,
            49.5571
          ],
          [
            -64.5988,
            49.4961
          ],
          [
            -64.6625,
            49.4488
          ],
          [
            -64.7284,
            49.3998
          ],
          [
            -64.7953,
            49.3498
          ],
          [
            -64.8585,
            49.3025
          ],
          [
            -64.9213,
            49.2554
          ],
          [
            -64.9919,
            49.2022
          ],
          [
            -65.0584,
            49.152
          ],
          [
            -65.1414,
            49.0892
          ],
          [
            -65.2167,
            49.0321
          ],
          [
            -65.284,
            48.9808
          ],
          [
            -65.3467,
            48.9329
          ],
          [
            -65.4198,
            48.8769
          ],
          [
            -65.4906,
            48.8226
          ],
          [
            -65.5658,
            48.7645
          ],
          [
            -65.6324,
            48.7131
          ],
          [
            -65.7193,
            48.6458
          ],
          [
            -65.7898,
            48.5909
          ],
          [
            -65.8626,
            48.5341
          ],
          [
            -65.9313,
            48.4805
          ],
          [
            -66.0007,
            48.426
          ],
          [
            -66.0786,
            48.3648
          ],
          [
            -66.155,
            48.3045
          ],
          [
            -66.2152,
            48.2568
          ],
          [
            -66.2771,
            48.2077
          ],
          [
            -66.3442,
            48.1542
          ],
          [
            -66.4165,
            48.0966
          ],
          [
            -66.4808,
            48.0451
          ],
          [
            -66.5447,
            47.9938
          ],
          [
            -66.603,
            47.9468
          ],
          [
            -66.6841,
            47.8814
          ],
          [
            -66.7545,
            47.8244
          ],
          [
            -66.83,
            47.763
          ],
          [
            -66.8898,
            47.7143
          ],
          [
            -66.9534,
            47.6624
          ],
          [
            -67.0208,
            47.6071
          ],
          [
            -67.0857,
            47.5537
          ],
          [
            -67.1535,
            47.4979
          ],
          [
            -67.2125,
            47.4492
          ],
          [
            -67.275,
            47.3973
          ],
          [
            -67.3273,
            47.3475
          ],
          [
            -67.391,
            47.2774
          ],
          [
            -67.4413,
            47.2219
          ],
          [
            -67.4905,
            47.1676
          ],
          [
            -67.5392,
            47.1135
          ],
          [
            -67.6086,
            47.0363
          ],
          [
            -67.6635,
            46.9749
          ],
          [
            -67.7221,
            46.9094
          ],
          [
            -67.7747,
            46.8505
          ],
          [
            -67.8301,
            46.7881
          ],
          [
            -67.8839,
            46.7274
          ],
          [
            -67.9403,
            46.6636
          ],
          [
            -67.9953,
            46.6012
          ],
          [
            -68.0456,
            46.544
          ],
          [
            -68.0978,
            46.4846
          ],
          [
            -68.1629,
            46.41
          ],
          [
            -68.22,
            46.3445
          ],
          [
            -68.2784,
            46.2775
          ],
          [
            -68.3386,
            46.2079
          ],
          [
            -68.3943,
            46.1437
          ],
          [
            -68.4507,
            46.0782
          ],
          [
            -68.5009,
            46.0199
          ],
          [
            -68.5526,
            45.9597
          ],
          [
            -68.6011,
            45.9029
          ],
          [
            -68.6493,
            45.8464
          ],
          [
            -68.6974,
            45.7899
          ],
          [
            -68.7457,
            45.7331
          ],
          [
            -68.8124,
            45.6543
          ],
          [
            -68.8626,
            45.5948
          ],
          [
            -68.9094,
            45.5393
          ],
          [
            -68.9575,
            45.4821
          ],
          [
            -69.0024,
            45.4285
          ],
          [
            -69.0506,
            45.371
          ],
          [
            -69.0999,
            45.312
          ],
          [
            -69.1457,
            45.2568
          ],
          [
            -69.1958,
            45.1965
          ],
          [
            -69.2484,
            45.133
          ],
          [
            -69.2925,
            45.0798
          ],
          [
            -69.3386,
            45.0237
          ],
          [
            -69.3846,
            44.9679
          ],
          [
            -69.432,
            44.9101
          ],
          [
            -69.4813,
            44.85
          ],
          [
            -69.538,
            44.7805
          ],
          [
            -69.5823,
            44.726
          ],
          [
            -69.6275,
            44.6705
          ],
          [
            -69.6738,
            44.6133
          ],
          [
            -69.7203,
            44.5558
          ],
          [
            -69.7664,
            44.4988
          ],
          [
            -69.8126,
            44.4415
          ],
          [
            -69.8604,
            44.3818
          ],
          [
            -69.9045,
            44.3267
          ],
          [
            -69.9592,
            44.2583
          ],
          [
            -70.0073,
            44.198
          ],
          [
            -70.0528,
            44.1408
          ],
          [
            -70.0972,
            44.0849
          ],
          [
            -70.1427,
            44.0275
          ],
          [
            -70.187,
            43.9714
          ],
          [
            -70.231,
            43.9156
          ],
          [
            -70.2784,
            43.8553
          ],
          [
            -70.3241,
            43.7973
          ],
          [
            -70.3669,
            43.7425
          ],
          [
            -70.4144,
            43.6817
          ],
          [
            -70.4608,
            43.6223
          ],
          [
            -70.504,
            43.5668
          ],
          [
            -70.5498,
            43.5077
          ],
          [
            -70.5931,
            43.4511
          ],
          [
            -70.6303,
            43.3904
          ],
          [
            -70.6614,
            43.3278
          ],
          [
            -70.6925,
            43.2649
          ],
          [
            -70.7219,
            43.2052
          ],
          [
            -70.7525,
            43.1424
          ],
          [
            -70.7827,
            43.0809
          ],
          [
            -70.8131,
            43.0184
          ],
          [
            -70.8437,
            42.9557
          ],
          [
            -70.8745,
            42.8921
          ],
          [
            -70.9035,
            42.8321
          ],
          [
            -70.9339,
            42.7694
          ],
          [
            -70.9622,
            42.7116
          ],
          [
            -70.9982,
            42.6554
          ],
          [
            -71.0362,
            42.6001
          ],
          [
            -71.082,
            42.5331
          ],
          [
            -71.1212,
            42.4759
          ],
          [
            -71.1596,
            42.4194
          ],
          [
            -71.1975,
            42.3639
          ],
          [
            -71.2374,
            42.3051
          ],
          [
            -71.2752,
            42.2492
          ],
          [
            -71.3149,
            42.1905
          ],
          [
            -71.3542,
            42.1322
          ],
          [
            -71.3904,
            42.0786
          ],
          [
            -71.4264,
            42.025
          ],
          [
            -71.4662,
            41.9657
          ],
          [
            -71.502,
            41.9123
          ],
          [
            -71.5375,
            41.8593
          ],
          [
            -71.576,
            41.8016
          ],
          [
            -71.6112,
            41.7487
          ],
          [
            -71.6473,
            41.6945
          ],
          [
            -71.6829,
            41.6407
          ],
          [
            -71.7174,
            41.5885
          ],
          [
            -71.7507,
            41.5382
          ],
          [
            -71.7838,
            41.488
          ],
          [
            -71.8169,
            41.4378
          ],
          [
            -71.85,
            41.3876
          ],
          [
            -71.8807,
            41.3408
          ],
          [
            -71.9085,
            41.2993
          ],
          [
            -71.9303,
            41.274
          ],
          [
            -71.9723,
            41.2351
          ],
          [
            -72.0167,
            41.1944
          ],
          [
            -72.0585,
            41.1562
          ],
          [
            -72.0968,
            41.1211
          ],
          [
            -72.1218,
            41.1028
          ],
          [
            -72.1584,
            41.0904
          ],
          [
            -72.2122,
            41.0766
          ],
          [
            -72.2642,
            41.0638
          ],
          [
            -72.3163,
            41.0508
          ],
          [
            -72.3697,
            41.0376
          ],
          [
            -72.4218,
            41.0246
          ],
          [
            -72.4743,
            41.0114
          ],
          [
            -72.5253,
            40.9987
          ],
          [
            -72.5781,
            40.9854
          ],
          [
            -72.6307,
            40.9722
          ],
          [
            -72.6647,
            40.9628
          ],
          [
            -72.69,
            40.9466
          ],
          [
            -72.7134,
            40.9278
          ],
          [
            -72.7501,
            40.8999
          ],
          [
            -72.7885,
            40.8711
          ],
          [
            -72.8258,
            40.8428
          ],
          [
            -72.8621,
            40.8152
          ],
          [
            -72.8982,
            40.7878
          ],
          [
            -72.9203,
            40.771
          ],
          [
            -72.9564,
            40.7436
          ],
          [
            -72.9804,
            40.7259
          ],
          [
            -73.0035,
            40.7175
          ],
          [
            -73.0331,
            40.7139
          ],
          [
            -73.076,
            40.7095
          ],
          [
            -73.1024,
            40.7073
          ],
          [
            -73.148,
            40.7033
          ],
          [
            -73.1704,
            40.7012
          ],
          [
            -73.1964,
            40.6957
          ],
          [
            -73.2158,
            40.6821
          ],
          [
            -73.2402,
            40.6608
          ],
          [
            -73.2637,
            40.6398
          ],
          [
            -73.2961,
            40.6113
          ],
          [
            -73.3292,
            40.5814
          ],
          [
            -73.345,
            40.5669
          ],
          [
            -73.3733,
            40.5396
          ],
          [
            -73.3896,
            40.5277
          ],
          [
            -73.407,
            40.5234
          ],
          [
            -73.4264,
            40.5205
          ],
          [
            -73.4576,
            40.5164
          ],
          [
            -73.479,
            40.518
          ],
          [
            -73.4956,
            40.5239
          ],
          [
            -73.5263,
            40.538
          ],
          [
            -73.5548,
            40.551
          ],
          [
            -73.5745,
            40.5598
          ],
          [
            -73.6021,
            40.5722
          ],
          [
            -73.63,
            40.5849
          ],
          [
            -73.6463,
            40.5924
          ],
          [
            -73.6734,
            40.6047
          ],
          [
            -73.6917,
            40.613
          ],
          [
            -73.7035,
            40.6183
          ],
          [
            -73.7152,
            40.6237
          ],
          [
            -73.7273,
            40.6292
          ],
          [
            -73.7395,
            40.6347
          ],
          [
            -73.7528,
            40.6408
          ],
          [
            -73.7669,
            40.6472
          ]
        ]
      },
      "properties": {
        "time_europe_berlin": [
          "06.11.2025 10:29:21",
          "06.11.2025 10:29:37",
          "06.11.2025 10:29:53",
          "06.11.2025 10:30:09",
          "06.11.2025 10:30:33",
          "06.11.2025 10:30:51",
          "06.11.2025 10:31:07",
          "06.11.2025 10:31:27",
          "06.11.2025 10:31:57",
          "06.11.2025 10:32:27",
          "06.11.2025 10:32:57",
          "06.11.2025 10:33:23",
          "06.11.2025 10:33:39",
          "06.11.2025 10:33:57",
          "06.11.2025 10:34:15",
          "06.11.2025 10:34:35",
          "06.11.2025 10:35:18",
          "06.11.2025 10:35:48",
          "06.11.2025 10:36:18",
          "06.11.2025 10:36:48",
          "06.11.2025 10:37:18",
          "06.11.2025 10:37:48",
          "06.11.2025 10:38:18",
          "06.11.2025 10:38:48",
          "06.11.2025 10:39:18",
          "06.11.2025 10:39:48",
          "06.11.2025 10:40:18",
          "06.11.2025 10:40:48",
          "06.11.2025 10:41:18",
          "06.11.2025 10:41:48",
          "06.11.2025 10:42:19",
          "06.11.2025 10:42:49",
          "06.11.2025 10:43:19",
          "06.11.2025 10:43:37",
          "06.11.2025 10:43:59",
          "06.11.2025 10:44:17",
          "06.11.2025 10:44:38",
          "06.11.2025 10:44:55",
          "06.11.2025 10:45:19",
          "06.11.2025 10:45:49",
          "06.11.2025 10:46:19",
          "06.11.2025 10:46:37",
          "06.11.2025 10:46:55",
          "06.11.2025 10:47:14",
          "06.11.2025 10:47:44",
          "06.11.2025 10:48:14",
          "06.11.2025 10:48:44",
          "06.11.2025 10:49:14",
          "06.11.2025 10:49:35",
          "06.11.2025 10:49:53",
          "06.11.2025 10:50:39",
          "06.11.2025 10:50:58",
          "06.11.2025 10:51:28",
          "06.11.2025 10:51:58",
          "06.11.2025 10:52:17",
          "06.11.2025 10:52:39",
          "06.11.2025 10:52:56",
          "06.11.2025 10:53:23",
          "06.11.2025 10:53:53",
          "06.11.2025 10:54:43",
          "06.11.2025 10:55:22",
          "06.11.2025 10:55:52",
          "06.11.2025 10:56:22",
          "06.11.2025 10:56:52",
          "06.11.2025 10:57:26",
          "06.11.2025 10:58:06",
          "06.11.2025 10:58:36",
          "06.11.2025 10:58:54",
          "06.11.2025 10:59:11",
          "06.11.2025 10:59:33",
          "06.11.2025 11:00:04",
          "06.11.2025 11:00:23",
          "06.11.2025 11:01:02",
          "06.11.2025 11:01:31",
          "06.11.2025 11:02:01",
          "06.11.2025 11:02:30",
          "06.11.2025 11:03:02",
          "06.11.2025 11:03:32",
          "06.11.2025 11:04:02",
          "06.11.2025 11:04:32",
          "06.11.2025 11:04:52",
          "06.11.2025 11:05:13",
          "06.11.2025 11:05:53",
          "06.11.2025 11:06:23",
          "06.11.2025 11:06:53",
          "06.11.2025 11:07:23",
          "06.11.2025 11:07:53",
          "06.11.2025 11:08:10",
          "06.11.2025 11:08:40",
          "06.11.2025 11:09:10",
          "06.11.2025 11:09:40",
          "06.11.2025 11:10:10",
          "06.11.2025 11:10:40",
          "06.11.2025 11:11:10",
          "06.11.2025 11:11:40",
          "06.11.2025 11:12:10",
          "06.11.2025 11:12:40",
          "06.11.2025 11:13:10",
          "06.11.2025 11:13:40",
          "06.11.2025 11:14:10",
          "06.11.2025 11:14:40",
          "06.11.2025 11:15:10",
          "06.11.2025 11:15:40",
          "06.11.2025 11:16:17",
          "06.11.2025 11:16:47",
          "06.11.2025 11:17:17",
          "06.11.2025 11:17:47",
          "06.11.2025 11:18:17",
          "06.11.2025 11:18:47",
          "06.11.2025 11:19:17",
          "06.11.2025 11:19:42",
          "06.11.2025 11:20:12",
          "06.11.2025 11:20:50",
          "06.11.2025 11:21:20",
          "06.11.2025 11:21:50",
          "06.11.2025 11:22:20",
          "06.11.2025 11:22:50",
          "06.11.2025 11:23:20",
          "06.11.2025 11:23:50",
          "06.11.2025 11:24:20",
          "06.11.2025 11:24:50",
          "06.11.2025 11:25:20",
          "06.11.2025 11:25:47",
          "06.11.2025 11:26:08",
          "06.11.2025 11:26:38",
          "06.11.2025 11:27:08",
          "06.11.2025 11:27:38",
          "06.11.2025 11:27:54",
          "06.11.2025 11:28:24",
          "06.11.2025 11:28:54",
          "06.11.2025 11:29:53",
          "06.11.2025 11:30:23",
          "06.11.2025 11:30:53",
          "06.11.2025 11:31:23",
          "06.11.2025 11:31:53",
          "06.11.2025 11:32:13",
          "06.11.2025 11:32:42",
          "06.11.2025 11:33:12",
          "06.11.2025 11:33:42",
          "06.11.2025 11:34:12",
          "06.11.2025 11:34:42",
          "06.11.2025 11:35:12",
          "06.11.2025 11:35:42",
          "06.11.2025 11:36:10",
          "06.11.2025 11:36:40",
          "06.11.2025 11:37:09",
          "06.11.2025 11:37:36",
          "06.11.2025 11:38:06",
          "06.11.2025 11:38:46",
          "06.11.2025 11:39:16",
          "06.11.2025 11:39:36",
          "06.11.2025 11:40:06",
          "06.11.2025 11:40:36",
          "06.11.2025 11:41:06",
          "06.11.2025 11:41:36",
          "06.11.2025 11:42:06",
          "06.11.2025 11:42:36",
          "06.11.2025 11:43:06",
          "06.11.2025 11:43:36",
          "06.11.2025 11:43:57",
          "06.11.2025 11:44:39",
          "06.11.2025 11:45:09",
          "06.11.2025 11:45:39",
          "06.11.2025 11:46:03",
          "06.11.2025 11:46:33",
          "06.11.2025 11:47:03",
          "06.11.2025 11:47:33",
          "06.11.2025 11:48:08",
          "06.11.2025 11:48:36",
          "06.11.2025 11:49:06",
          "06.11.2025 11:49:48",
          "06.11.2025 11:50:18",
          "06.11.2025 11:50:48",
          "06.11.2025 11:51:18",
          "06.11.2025 11:51:48",
          "06.11.2025 11:52:18",
          "06.11.2025 11:52:48",
          "06.11.2025 11:53:18",
          "06.11.2025 11:53:48",
          "06.11.2025 11:54:18",
          "06.11.2025 11:54:48",
          "06.11.2025 11:55:18",
          "06.11.2025 11:55:48",
          "06.11.2025 11:56:18",
          "06.11.2025 11:56:49",
          "06.11.2025 11:57:19",
          "06.11.2025 11:57:49",
          "06.11.2025 11:58:19",
          "06.11.2025 11:58:50",
          "06.11.2025 11:59:21",
          "06.11.2025 11:59:51",
          "06.11.2025 12:00:22",
          "06.11.2025 12:00:52",
          "06.11.2025 12:01:22",
          "06.11.2025 12:01:52",
          "06.11.2025 12:02:22",
          "06.11.2025 12:02:43",
          "06.11.2025 12:03:07",
          "06.11.2025 12:03:37",
          "06.11.2025 12:04:08",
          "06.11.2025 12:04:38",
          "06.11.2025 12:05:08",
          "06.11.2025 12:05:42",
          "06.11.2025 12:06:12",
          "06.11.2025 12:06:42",
          "06.11.2025 12:07:12",
          "06.11.2025 12:07:42",
          "06.11.2025 12:08:13",
          "06.11.2025 12:08:43",
          "06.11.2025 12:09:13",
          "06.11.2025 12:09:43",
          "06.11.2025 12:10:13",
          "06.11.2025 12:10:43",
          "06.11.2025 12:11:16",
          "06.11.2025 12:11:44",
          "06.11.2025 12:12:14",
          "06.11.2025 12:12:46",
          "06.11.2025 12:13:17",
          "06.11.2025 12:13:47",
          "06.11.2025 12:14:17",
          "06.11.2025 12:14:47",
          "06.11.2025 12:15:17",
          "06.11.2025 12:15:47",
          "06.11.2025 12:16:17",
          "06.11.2025 12:16:47",
          "06.11.2025 12:17:17",
          "06.11.2025 12:17:47",
          "06.11.2025 12:18:17",
          "06.11.2025 12:18:47",
          "06.11.2025 12:19:17",
          "06.11.2025 12:19:48",
          "06.11.2025 12:20:19",
          "06.11.2025 12:20:49",
          "06.11.2025 12:21:19",
          "06.11.2025 12:21:50",
          "06.11.2025 12:22:20",
          "06.11.2025 12:22:50",
          "06.11.2025 12:23:20",
          "06.11.2025 12:23:50",
          "06.11.2025 12:24:20",
          "06.11.2025 12:24:52",
          "06.11.2025 12:25:23",
          "06.11.2025 12:25:54",
          "06.11.2025 12:26:44",
          "06.11.2025 12:27:15",
          "06.11.2025 12:27:45",
          "06.11.2025 12:28:28",
          "06.11.2025 12:30:45",
          "06.11.2025 12:31:49",
          "06.11.2025 12:33:48",
          "06.11.2025 12:35:49",
          "06.11.2025 12:37:36",
          "06.11.2025 12:38:46",
          "06.11.2025 12:40:49",
          "06.11.2025 12:42:50",
          "06.11.2025 12:44:45",
          "06.11.2025 12:46:34",
          "06.11.2025 12:47:46",
          "06.11.2025 12:49:46",
          "06.11.2025 12:50:46",
          "06.11.2025 12:52:48",
          "06.11.2025 12:53:49",
          "06.11.2025 12:54:49",
          "06.11.2025 12:56:39",
          "06.11.2025 12:57:48",
          "06.11.2025 12:58:18",
          "06.11.2025 13:00:47",
          "06.11.2025 13:01:51",
          "06.11.2025 13:03:49",
          "06.11.2025 13:05:45",
          "06.11.2025 13:06:50",
          "06.11.2025 13:08:50",
          "06.11.2025 13:10:43",
          "06.11.2025 13:11:51",
          "06.11.2025 13:13:48",
          "06.11.2025 13:14:50",
          "06.11.2025 13:16:50",
          "06.11.2025 13:18:50",
          "06.11.2025 13:20:44",
          "06.11.2025 13:21:49",
          "06.11.2025 13:22:49",
          "06.11.2025 13:24:49",
          "06.11.2025 13:25:49",
          "06.11.2025 13:27:49",
          "06.11.2025 13:28:50",
          "06.11.2025 13:30:44",
          "06.11.2025 13:31:46",
          "06.11.2025 13:33:49",
          "06.11.2025 13:34:49",
          "06.11.2025 13:36:41",
          "06.11.2025 13:37:42",
          "06.11.2025 13:38:44",
          "06.11.2025 13:39:47",
          "06.11.2025 13:40:49",
          "06.11.2025 13:42:50",
          "06.11.2025 13:44:46",
          "06.11.2025 13:45:46",
          "06.11.2025 13:47:43",
          "06.11.2025 13:48:45",
          "06.11.2025 13:49:50",
          "06.11.2025 13:51:46",
          "06.11.2025 13:53:43",
          "06.11.2025 13:55:47",
          "06.11.2025 13:57:50",
          "06.11.2025 13:59:43",
          "06.11.2025 14:01:49",
          "06.11.2025 14:03:48",
          "06.11.2025 14:04:49",
          "06.11.2025 14:05:49",
          "06.11.2025 14:07:42",
          "06.11.2025 14:09:40",
          "06.11.2025 14:10:50",
          "06.11.2025 14:12:50",
          "06.11.2025 14:14:50",
          "06.11.2025 14:16:45",
          "06.11.2025 14:17:45",
          "06.11.2025 14:19:49",
          "06.11.2025 14:21:41",
          "06.11.2025 14:22:48",
          "06.11.2025 14:23:50",
          "06.11.2025 14:25:48",
          "06.11.2025 14:27:50",
          "06.11.2025 14:29:49",
          "06.11.2025 14:30:50",
          "06.11.2025 14:32:43",
          "06.11.2025 14:34:37",
          "06.11.2025 14:35:39",
          "06.11.2025 14:36:45",
          "06.11.2025 14:37:47",
          "06.11.2025 14:38:47",
          "06.11.2025 14:39:50",
          "06.11.2025 14:40:50",
          "06.11.2025 14:42:50",
          "06.11.2025 14:44:43",
          "06.11.2025 14:45:49",
          "06.11.2025 14:46:50",
          "06.11.2025 14:48:39",
          "06.11.2025 14:49:48",
          "06.11.2025 14:51:47",
          "06.11.2025 14:52:50",
          "06.11.2025 14:54:42",
          "06.11.2025 14:55:48",
          "06.11.2025 14:57:45",
          "06.11.2025 14:59:41",
          "06.11.2025 15:00:48",
          "06.11.2025 15:01:49",
          "06.11.2025 15:02:49",
          "06.11.2025 15:04:48",
          "06.11.2025 15:05:48",
          "06.11.2025 15:07:43",
          "06.11.2025 15:08:45",
          "06.11.2025 15:09:47",
          "06.11.2025 15:10:49",
          "06.11.2025 15:12:35",
          "06.11.2025 15:12:38",
          "06.11.2025 15:13:35",
          "06.11.2025 15:14:35",
          "06.11.2025 15:15:35",
          "06.11.2025 15:16:34",
          "06.11.2025 15:17:24",
          "06.11.2025 15:18:23",
          "06.11.2025 15:19:23",
          "06.11.2025 15:20:23",
          "06.11.2025 15:21:24",
          "06.11.2025 15:22:24",
          "06.11.2025 15:23:24",
          "06.11.2025 15:24:23",
          "06.11.2025 15:25:23",
          "06.11.2025 15:25:42",
          "06.11.2025 15:26:01",
          "06.11.2025 15:26:44",
          "06.11.2025 15:27:17",
          "06.11.2025 15:27:48",
          "06.11.2025 15:28:18",
          "06.11.2025 15:28:48",
          "06.11.2025 15:29:18",
          "06.11.2025 15:30:04",
          "06.11.2025 15:30:42",
          "06.11.2025 15:31:19",
          "06.11.2025 15:31:49",
          "06.11.2025 15:32:19",
          "06.11.2025 15:32:49",
          "06.11.2025 15:33:49",
          "06.11.2025 15:34:19",
          "06.11.2025 15:34:49",
          "06.11.2025 15:35:19",
          "06.11.2025 15:35:49",
          "06.11.2025 15:36:26",
          "06.11.2025 15:37:17",
          "06.11.2025 15:37:47",
          "06.11.2025 15:38:20",
          "06.11.2025 15:38:50",
          "06.11.2025 15:39:20",
          "06.11.2025 15:39:50",
          "06.11.2025 15:40:48",
          "06.11.2025 15:41:21",
          "06.11.2025 15:42:23",
          "06.11.2025 15:42:48",
          "06.11.2025 15:43:18",
          "06.11.2025 15:43:48",
          "06.11.2025 15:44:18",
          "06.11.2025 15:44:48",
          "06.11.2025 15:45:18",
          "06.11.2025 15:45:49",
          "06.11.2025 15:46:22",
          "06.11.2025 15:46:52",
          "06.11.2025 15:47:22",
          "06.11.2025 15:47:52",
          "06.11.2025 15:48:22",
          "06.11.2025 15:48:52",
          "06.11.2025 15:49:49",
          "06.11.2025 15:50:20",
          "06.11.2025 15:51:19",
          "06.11.2025 15:51:49",
          "06.11.2025 15:52:23",
          "06.11.2025 15:52:53",
          "06.11.2025 15:53:23",
          "06.11.2025 15:53:53",
          "06.11.2025 15:54:23",
          "06.11.2025 15:54:54",
          "06.11.2025 15:55:50",
          "06.11.2025 15:56:50",
          "06.11.2025 15:57:24",
          "06.11.2025 15:57:54",
          "06.11.2025 15:58:54",
          "06.11.2025 15:59:55",
          "06.11.2025 16:00:25",
          "06.11.2025 16:00:55",
          "06.11.2025 16:01:25",
          "06.11.2025 16:01:55",
          "06.11.2025 16:03:05",
          "06.11.2025 16:03:54",
          "06.11.2025 16:04:26",
          "06.11.2025 16:05:26",
          "06.11.2025 16:05:56",
          "06.11.2025 16:06:26",
          "06.11.2025 16:06:56",
          "06.11.2025 16:08:06",
          "06.11.2025 16:08:55",
          "06.11.2025 16:10:03",
          "06.11.2025 16:10:57",
          "06.11.2025 16:11:37",
          "06.11.2025 16:12:07",
          "06.11.2025 16:12:37",
          "06.11.2025 16:13:07",
          "06.11.2025 16:13:37",
          "06.11.2025 16:14:07",
          "06.11.2025 16:14:37",
          "06.11.2025 16:15:08",
          "06.11.2025 16:15:38",
          "06.11.2025 16:16:09",
          "06.11.2025 16:16:39",
          "06.11.2025 16:17:09",
          "06.11.2025 16:17:54",
          "06.11.2025 16:18:26",
          "06.11.2025 16:18:59",
          "06.11.2025 16:19:33",
          "06.11.2025 16:20:05",
          "06.11.2025 16:20:35",
          "06.11.2025 16:21:09",
          "06.11.2025 16:21:45",
          "06.11.2025 16:22:27",
          "06.11.2025 16:22:57",
          "06.11.2025 16:23:27",
          "06.11.2025 16:23:58",
          "06.11.2025 16:24:36",
          "06.11.2025 16:25:07",
          "06.11.2025 16:25:37",
          "06.11.2025 16:26:09",
          "06.11.2025 16:26:39",
          "06.11.2025 16:27:09",
          "06.11.2025 16:27:42",
          "06.11.2025 16:28:14",
          "06.11.2025 16:28:53",
          "06.11.2025 16:29:28",
          "06.11.2025 16:30:00",
          "06.11.2025 16:30:30",
          "06.11.2025 16:31:05",
          "06.11.2025 16:31:39",
          "06.11.2025 16:32:15",
          "06.11.2025 16:32:47",
          "06.11.2025 16:33:29",
          "06.11.2025 16:34:03",
          "06.11.2025 16:34:37",
          "06.11.2025 16:35:12",
          "06.11.2025 16:35:46",
          "06.11.2025 16:36:24",
          "06.11.2025 16:37:01",
          "06.11.2025 16:37:31",
          "06.11.2025 16:38:02",
          "06.11.2025 16:38:35",
          "06.11.2025 16:39:10",
          "06.11.2025 16:39:42",
          "06.11.2025 16:40:13",
          "06.11.2025 16:40:43",
          "06.11.2025 16:41:22",
          "06.11.2025 16:41:57",
          "06.11.2025 16:42:34",
          "06.11.2025 16:43:04",
          "06.11.2025 16:43:36",
          "06.11.2025 16:44:09",
          "06.11.2025 16:44:42",
          "06.11.2025 16:45:15",
          "06.11.2025 16:45:45",
          "06.11.2025 16:46:16",
          "06.11.2025 16:46:46",
          "06.11.2025 16:47:24",
          "06.11.2025 16:47:55",
          "06.11.2025 16:48:25",
          "06.11.2025 16:48:55",
          "06.11.2025 16:49:37",
          "06.11.2025 16:50:10",
          "06.11.2025 16:50:45",
          "06.11.2025 16:51:18",
          "06.11.2025 16:51:51",
          "06.11.2025 16:52:24",
          "06.11.2025 16:53:00",
          "06.11.2025 16:53:33",
          "06.11.2025 16:54:04",
          "06.11.2025 16:54:35",
          "06.11.2025 16:55:15",
          "06.11.2025 16:55:50",
          "06.11.2025 16:56:28",
          "06.11.2025 16:57:04",
          "06.11.2025 16:57:40",
          "06.11.2025 16:58:15",
          "06.11.2025 16:58:47",
          "06.11.2025 16:59:20",
          "06.11.2025 16:59:50",
          "06.11.2025 17:00:20",
          "06.11.2025 17:00:50",
          "06.11.2025 17:01:20",
          "06.11.2025 17:02:02",
          "06.11.2025 17:02:33",
          "06.11.2025 17:03:03",
          "06.11.2025 17:03:33",
          "06.11.2025 17:04:03",
          "06.11.2025 17:04:34",
          "06.11.2025 17:05:05",
          "06.11.2025 17:05:36",
          "06.11.2025 17:06:09",
          "06.11.2025 17:06:43",
          "06.11.2025 17:07:13",
          "06.11.2025 17:07:43",
          "06.11.2025 17:08:13",
          "06.11.2025 17:08:44",
          "06.11.2025 17:09:16",
          "06.11.2025 17:09:53",
          "06.11.2025 17:10:23",
          "06.11.2025 17:10:53",
          "06.11.2025 17:11:23",
          "06.11.2025 17:11:53",
          "06.11.2025 17:12:24",
          "06.11.2025 17:12:54",
          "06.11.2025 17:13:25",
          "06.11.2025 17:13:55",
          "06.11.2025 17:14:30",
          "06.11.2025 17:15:03",
          "06.11.2025 17:15:33",
          "06.11.2025 17:16:03",
          "06.11.2025 17:16:33",
          "06.11.2025 17:17:03",
          "06.11.2025 17:17:33",
          "06.11.2025 17:18:04",
          "06.11.2025 17:18:35",
          "06.11.2025 17:19:05",
          "06.11.2025 17:19:36",
          "06.11.2025 17:20:08",
          "06.11.2025 17:20:38",
          "06.11.2025 17:21:09",
          "06.11.2025 17:21:39",
          "06.11.2025 17:22:10",
          "06.11.2025 17:22:40",
          "06.11.2025 17:23:10",
          "06.11.2025 17:23:40",
          "06.11.2025 17:24:10",
          "06.11.2025 17:24:40",
          "06.11.2025 17:25:10",
          "06.11.2025 17:25:40",
          "06.11.2025 17:26:11",
          "06.11.2025 17:26:41",
          "06.11.2025 17:27:12",
          "06.11.2025 17:27:39",
          "06.11.2025 17:28:10",
          "06.11.2025 17:28:40",
          "06.11.2025 17:29:15",
          "06.11.2025 17:29:46",
          "06.11.2025 17:30:16",
          "06.11.2025 17:30:46",
          "06.11.2025 17:31:16",
          "06.11.2025 17:31:46",
          "06.11.2025 17:32:17",
          "06.11.2025 17:32:47",
          "06.11.2025 17:33:17",
          "06.11.2025 17:33:47",
          "06.11.2025 17:34:18",
          "06.11.2025 17:34:48",
          "06.11.2025 17:35:18",
          "06.11.2025 17:35:49",
          "06.11.2025 17:36:19",
          "06.11.2025 17:36:49",
          "06.11.2025 17:37:19",
          "06.11.2025 17:37:49",
          "06.11.2025 17:38:19",
          "06.11.2025 17:38:49",
          "06.11.2025 17:39:19",
          "06.11.2025 17:39:49",
          "06.11.2025 17:40:19",
          "06.11.2025 17:40:45",
          "06.11.2025 17:41:03",
          "06.11.2025 17:41:33",
          "06.11.2025 17:42:04",
          "06.11.2025 17:42:34",
          "06.11.2025 17:43:04",
          "06.11.2025 17:43:20",
          "06.11.2025 17:43:41",
          "06.11.2025 17:44:11",
          "06.11.2025 17:44:41",
          "06.11.2025 17:45:11",
          "06.11.2025 17:45:41",
          "06.11.2025 17:46:11",
          "06.11.2025 17:46:41",
          "06.11.2025 17:47:11",
          "06.11.2025 17:47:42",
          "06.11.2025 17:48:13",
          "06.11.2025 17:48:32",
          "06.11.2025 17:48:50",
          "06.11.2025 17:49:08",
          "06.11.2025 17:49:38",
          "06.11.2025 17:50:08",
          "06.11.2025 17:50:38",
          "06.11.2025 17:51:08",
          "06.11.2025 17:51:38",
          "06.11.2025 17:51:55",
          "06.11.2025 17:52:25",
          "06.11.2025 17:52:45",
          "06.11.2025 17:53:02",
          "06.11.2025 17:53:21",
          "06.11.2025 17:53:50",
          "06.11.2025 17:54:06",
          "06.11.2025 17:54:36",
          "06.11.2025 17:54:52",
          "06.11.2025 17:55:09",
          "06.11.2025 17:55:26",
          "06.11.2025 17:55:49",
          "06.11.2025 17:56:12",
          "06.11.2025 17:56:42",
          "06.11.2025 17:57:15",
          "06.11.2025 17:57:31",
          "06.11.2025 17:58:04",
          "06.11.2025 17:58:21",
          "06.11.2025 17:58:37",
          "06.11.2025 17:58:53",
          "06.11.2025 17:59:20",
          "06.11.2025 17:59:38",
          "06.11.2025 17:59:54",
          "06.11.2025 18:00:23",
          "06.11.2025 18:00:53",
          "06.11.2025 18:01:13",
          "06.11.2025 18:01:44",
          "06.11.2025 18:02:15",
          "06.11.2025 18:02:32",
          "06.11.2025 18:03:03",
          "06.11.2025 18:03:27",
          "06.11.2025 18:03:43",
          "06.11.2025 18:03:59",
          "06.11.2025 18:04:16",
          "06.11.2025 18:04:32",
          "06.11.2025 18:04:50",
          "06.11.2025 18:05:09"
        ],
        "course_deg_clockwise_from_north": [
          70,
          70,
          71,
          71,
          72,
          70,
          37,
          23,
          24,
          23,
          23,
          23,
          358,
          326,
          294,
          290,
          297,
          297,
          297,
          297,
          297,
          297,
          297,
          297,
          297,
          296,
          296,
          296,
          296,
          296,
          296,
          296,
          296,
          300,
          305,
          305,
          305,
          305,
          305,
          305,
          305,
          306,
          312,
          312,
          312,
          312,
          312,
          312,
          312,
          312,
          312,
          311,
          311,
          311,
          315,
          321,
          321,
          322,
          322,
          322,
          322,
          322,
          322,
          322,
          322,
          322,
          321,
          311,
          305,
          304,
          304,
          304,
          303,
          303,
          303,
          303,
          303,
          303,
          303,
          303,
          300,
          288,
          287,
          287,
          287,
          287,
          286,
          286,
          286,
          286,
          286,
          286,
          285,
          285,
          285,
          285,
          285,
          285,
          285,
          285,
          285,
          285,
          285,
          285,
          284,
          284,
          284,
          284,
          284,
          284,
          284,
          284,
          284,
          284,
          284,
          284,
          284,
          283,
          283,
          283,
          283,
          283,
          284,
          283,
          283,
          283,
          283,
          283,
          283,
          282,
          282,
          282,
          282,
          282,
          282,
          282,
          282,
          282,
          282,
          282,
          281,
          281,
          281,
          281,
          281,
          281,
          282,
          281,
          281,
          281,
          282,
          280,
          280,
          280,
          281,
          280,
          280,
          280,
          280,
          275,
          274,
          273,
          273,
          274,
          273,
          273,
          273,
          277,
          282,
          285,
          285,
          285,
          285,
          285,
          284,
          284,
          284,
          284,
          284,
          284,
          284,
          284,
          284,
          284,
          284,
          284,
          283,
          283,
          283,
          283,
          283,
          283,
          283,
          283,
          283,
          283,
          285,
          290,
          291,
          291,
          291,
          291,
          292,
          291,
          291,
          290,
          291,
          291,
          290,
          291,
          291,
          290,
          290,
          291,
          291,
          289,
          289,
          290,
          289,
          289,
          289,
          289,
          289,
          289,
          289,
          289,
          289,
          288,
          288,
          288,
          288,
          288,
          288,
          288,
          288,
          288,
          288,
          288,
          288,
          287,
          287,
          287,
          287,
          287,
          287,
          287,
          287,
          255,
          281,
          281,
          280,
          280,
          280,
          279,
          279,
          279,
          278,
          278,
          313,
          313,
          313,
          312,
          312,
          312,
          312,
          285,
          284,
          284,
          283,
          283,
          283,
          282,
          282,
          282,
          281,
          281,
          281,
          280,
          280,
          280,
          279,
          279,
          279,
          278,
          278,
          278,
          278,
          277,
          277,
          277,
          276,
          276,
          274,
          274,
          273,
          273,
          273,
          272,
          272,
          272,
          272,
          271,
          271,
          270,
          270,
          270,
          269,
          269,
          269,
          268,
          268,
          268,
          267,
          267,
          266,
          266,
          266,
          266,
          264,
          264,
          264,
          263,
          263,
          262,
          262,
          262,
          262,
          261,
          261,
          261,
          261,
          261,
          260,
          260,
          260,
          259,
          259,
          259,
          259,
          78,
          258,
          257,
          257,
          257,
          257,
          256,
          256,
          256,
          256,
          246,
          246,
          246,
          246,
          246,
          246,
          248,
          248,
          244,
          236,
          258,
          240,
          248,
          240,
          242,
          248,
          240,
          242,
          238,
          242,
          228,
          228,
          228,
          228,
          228,
          228,
          228,
          228,
          228,
          227,
          227,
          227,
          227,
          227,
          227,
          227,
          227,
          227,
          227,
          227,
          227,
          227,
          226,
          226,
          226,
          226,
          226,
          226,
          226,
          226,
          226,
          226,
          226,
          226,
          225,
          226,
          225,
          225,
          225,
          225,
          225,
          225,
          225,
          225,
          225,
          225,
          225,
          225,
          225,
          225,
          225,
          224,
          224,
          224,
          224,
          224,
          224,
          224,
          224,
          224,
          224,
          224,
          224,
          223,
          223,
          223,
          223,
          223,
          223,
          223,
          223,
          223,
          223,
          223,
          223,
          223,
          222,
          222,
          222,
          222,
          222,
          222,
          222,
          222,
          222,
          222,
          222,
          222,
          222,
          222,
          222,
          222,
          222,
          222,
          222,
          221,
          221,
          221,
          221,
          221,
          221,
          221,
          221,
          221,
          221,
          221,
          221,
          221,
          221,
          221,
          221,
          221,
          221,
          220,
          221,
          220,
          220,
          220,
          220,
          220,
          220,
          220,
          220,
          220,
          220,
          220,
          220,
          220,
          220,
          220,
          220,
          220,
          219,
          220,
          219,
          219,
          213,
          212,
          212,
          212,
          212,
          212,
          212,
          212,
          211,
          211,
          211,
          211,
          211,
          211,
          211,
          211,
          211,
          211,
          211,
          211,
          211,
          211,
          211,
          211,
          211,
          211,
          211,
          211,
          211,
          211,
          211,
          210,
          211,
          210,
          210,
          211,
          210,
          210,
          210,
          210,
          210,
          210,
          210,
          210,
          210,
          210,
          210,
          210,
          210,
          210,
          210,
          210,
          210,
          210,
          210,
          210,
          210,
          210,
          210,
          210,
          210,
          210,
          210,
          209,
          209,
          207,
          201,
          200,
          200,
          200,
          200,
          200,
          200,
          200,
          200,
          200,
          200,
          202,
          208,
          207,
          207,
          207,
          207,
          207,
          207,
          207,
          207,
          207,
          207,
          206,
          207,
          207,
          207,
          207,
          206,
          207,
          206,
          207,
          206,
          206,
          206,
          206,
          206,
          209,
          216,
          219,
          220,
          220,
          220,
          234,
          251,
          252,
          252,
          252,
          252,
          252,
          252,
          252,
          252,
          252,
          247,
          223,
          224,
          225,
          226,
          225,
          225,
          225,
          225,
          225,
          229,
          258,
          262,
          264,
          264,
          263,
          263,
          239,
          222,
          221,
          221,
          221,
          220,
          219,
          218,
          236,
          257,
          260,
          261,
          286,
          299,
          301,
          301,
          301,
          299,
          301,
          301,
          301,
          301,
          301,
          301,
          301,
          301,
          301,
          301
        ],
        "speed_kts": [
          168,
          166,
          167,
          183,
          209,
          225,
          245,
          263,
          269,
          269,
          272,
          279,
          287,
          289,
          285,
          287,
          302,
          327,
          351,
          373,
          391,
          393,
          399,
          408,
          412,
          421,
          425,
          431,
          433,
          436,
          442,
          445,
          444,
          451,
          457,
          461,
          461,
          460,
          464,
          470,
          476,
          480,
          482,
          482,
          487,
          490,
          496,
          501,
          504,
          504,
          494,
          496,
          493,
          489,
          487,
          491,
          489,
          484,
          483,
          484,
          481,
          478,
          486,
          491,
          493,
          494,
          493,
          487,
          483,
          483,
          483,
          483,
          482,
          482,
          483,
          485,
          485,
          485,
          486,
          486,
          484,
          474,
          475,
          476,
          476,
          476,
          474,
          475,
          474,
          474,
          473,
          473,
          473,
          474,
          473,
          473,
          473,
          473,
          473,
          474,
          475,
          475,
          475,
          475,
          476,
          475,
          475,
          475,
          476,
          477,
          478,
          478,
          478,
          479,
          481,
          481,
          480,
          480,
          480,
          480,
          479,
          479,
          479,
          479,
          479,
          480,
          483,
          484,
          482,
          483,
          484,
          484,
          484,
          485,
          487,
          489,
          490,
          492,
          493,
          493,
          492,
          493,
          494,
          495,
          497,
          496,
          495,
          498,
          499,
          501,
          501,
          500,
          501,
          501,
          499,
          492,
          486,
          490,
          494,
          488,
          477,
          476,
          474,
          472,
          471,
          471,
          467,
          466,
          468,
          468,
          469,
          469,
          468,
          468,
          467,
          468,
          470,
          469,
          470,
          471,
          472,
          474,
          474,
          478,
          481,
          481,
          479,
          475,
          476,
          474,
          465,
          460,
          462,
          466,
          464,
          464,
          465,
          465,
          468,
          466,
          463,
          460,
          458,
          455,
          454,
          453,
          449,
          446,
          446,
          448,
          451,
          456,
          456,
          458,
          458,
          457,
          455,
          446,
          438,
          441,
          443,
          441,
          443,
          449,
          448,
          446,
          446,
          448,
          450,
          451,
          453,
          451,
          452,
          455,
          457,
          454,
          447,
          443,
          443,
          441,
          444,
          451,
          450,
          450,
          447,
          450,
          446,
          null,
          null,
          null,
          null,
          null,
          null,
          null,
          null,
          null,
          null,
          null,
          null,
          null,
          null,
          null,
          null,
          null,
          null,
          474,
          474,
          474,
          474,
          474,
          474,
          474,
          474,
          474,
          474,
          474,
          474,
          474,
          474,
          474,
          474,
          474,
          474,
          474,
          474,
          474,
          474,
          474,
          474,
          474,
          474,
          474,
          474,
          474,
          474,
          474,
          474,
          474,
          474,
          474,
          474,
          474,
          474,
          474,
          474,
          474,
          474,
          474,
          474,
          474,
          474,
          474,
          474,
          474,
          474,
          474,
          474,
          null,
          null,
          null,
          null,
          null,
          null,
          null,
          null,
          null,
          null,
          null,
          null,
          null,
          null,
          null,
          null,
          null,
          null,
          null,
          null,
          null,
          null,
          null,
          null,
          null,
          null,
          null,
          null,
          null,
          null,
          null,
          null,
          null,
          null,
          null,
          null,
          500,
          null,
          500,
          490,
          490,
          490,
          490,
          490,
          490,
          480,
          480,
          480,
          480,
          480,
          480,
          486,
          477,
          471,
          472,
          473,
          474,
          473,
          471,
          469,
          472,
          474,
          473,
          471,
          471,
          470,
          467,
          466,
          470,
          471,
          467,
          463,
          461,
          463,
          470,
          468,
          468,
          466,
          463,
          470,
          463,
          465,
          460,
          458,
          458,
          460,
          462,
          460,
          459,
          461,
          457,
          458,
          463,
          463,
          460,
          462,
          461,
          458,
          458,
          464,
          467,
          465,
          460,
          458,
          459,
          462,
          462,
          458,
          458,
          458,
          460,
          460,
          459,
          460,
          453,
          455,
          460,
          461,
          459,
          459,
          460,
          461,
          457,
          455,
          457,
          458,
          458,
          457,
          457,
          457,
          457,
          457,
          455,
          455,
          456,
          456,
          457,
          457,
          458,
          459,
          460,
          460,
          459,
          457,
          460,
          461,
          459,
          458,
          456,
          455,
          455,
          455,
          456,
          456,
          458,
          457,
          459,
          457,
          458,
          458,
          459,
          460,
          460,
          460,
          460,
          458,
          456,
          454,
          454,
          454,
          454,
          456,
          456,
          457,
          459,
          459,
          460,
          462,
          465,
          463,
          461,
          460,
          462,
          460,
          458,
          459,
          460,
          460,
          463,
          464,
          462,
          461,
          463,
          467,
          469,
          469,
          468,
          466,
          466,
          468,
          470,
          471,
          470,
          469,
          468,
          468,
          463,
          462,
          467,
          467,
          469,
          473,
          476,
          476,
          474,
          473,
          473,
          471,
          469,
          464,
          462,
          458,
          458,
          462,
          464,
          462,
          463,
          465,
          464,
          468,
          469,
          467,
          467,
          468,
          471,
          474,
          477,
          474,
          472,
          470,
          470,
          469,
          468,
          470,
          473,
          470,
          471,
          470,
          469,
          467,
          462,
          466,
          466,
          469,
          477,
          477,
          478,
          477,
          476,
          472,
          473,
          473,
          473,
          470,
          464,
          457,
          449,
          454,
          454,
          453,
          454,
          459,
          461,
          456,
          456,
          447,
          452,
          443,
          437,
          436,
          442,
          441,
          438,
          433,
          424,
          417,
          409,
          402,
          395,
          389,
          382,
          372,
          370,
          363,
          355,
          351,
          347,
          328,
          308,
          305,
          303,
          299,
          298,
          299,
          298,
          296,
          295,
          296,
          299,
          313,
          298,
          288,
          286,
          287,
          286,
          280,
          279,
          276,
          275,
          256,
          251,
          256,
          260,
          248,
          247,
          259,
          266,
          263,
          263,
          265,
          256,
          243,
          218,
          208,
          198,
          199,
          195,
          195,
          193,
          192,
          193,
          183,
          171,
          178,
          173,
          158,
          147,
          142,
          139,
          140,
          138,
          138,
          136
        ],
        "speed_mph": [
          193.0,
          191.0,
          192.0,
          211.0,
          241.0,
          259.0,
          282.0,
          303.0,
          310.0,
          310.0,
          313.0,
          321.0,
          330.0,
          333.0,
          328.0,
          330.0,
          348.0,
          376.0,
          404.0,
          429.0,
          450.0,
          452.0,
          459.0,
          470.0,
          474.0,
          484.0,
          489.0,
          496.0,
          498.0,
          502.0,
          509.0,
          512.0,
          511.0,
          519.0,
          526.0,
          531.0,
          531.0,
          529.0,
          534.0,
          541.0,
          548.0,
          552.0,
          555.0,
          555.0,
          560.0,
          564.0,
          571.0,
          577.0,
          580.0,
          580.0,
          568.0,
          571.0,
          567.0,
          563.0,
          560.0,
          565.0,
          563.0,
          557.0,
          556.0,
          557.0,
          554.0,
          550.0,
          559.0,
          565.0,
          567.0,
          568.0,
          567.0,
          560.0,
          556.0,
          556.0,
          556.0,
          556.0,
          555.0,
          555.0,
          556.0,
          558.0,
          558.0,
          558.0,
          559.0,
          559.0,
          557.0,
          545.0,
          547.0,
          548.0,
          548.0,
          548.0,
          545.0,
          547.0,
          545.0,
          545.0,
          544.0,
          544.0,
          544.0,
          545.0,
          544.0,
          544.0,
          544.0,
          544.0,
          544.0,
          545.0,
          547.0,
          547.0,
          547.0,
          547.0,
          548.0,
          547.0,
          547.0,
          547.0,
          548.0,
          549.0,
          550.0,
          550.0,
          550.0,
          551.0,
          554.0,
          554.0,
          552.0,
          552.0,
          552.0,
          552.0,
          551.0,
          551.0,
          551.0,
          551.0,
          551.0,
          552.0,
          556.0,
          557.0,
          555.0,
          556.0,
          557.0,
          557.0,
          557.0,
          558.0,
          560.0,
          563.0,
          564.0,
          566.0,
          567.0,
          567.0,
          566.0,
          567.0,
          568.0,
          570.0,
          572.0,
          571.0,
          570.0,
          573.0,
          574.0,
          577.0,
          577.0,
          575.0,
          577.0,
          577.0,
          574.0,
          566.0,
          559.0,
          564.0,
          568.0,
          562.0,
          549.0,
          548.0,
          545.0,
          543.0,
          542.0,
          542.0,
          537.0,
          536.0,
          539.0,
          539.0,
          540.0,
          540.0,
          539.0,
          539.0,
          537.0,
          539.0,
          541.0,
          540.0,
          541.0,
          542.0,
          543.0,
          545.0,
          545.0,
          550.0,
          554.0,
          554.0,
          551.0,
          547.0,
          548.0,
          545.0,
          535.0,
          529.0,
          532.0,
          536.0,
          534.0,
          534.0,
          535.0,
          535.0,
          539.0,
          536.0,
          533.0,
          529.0,
          527.0,
          524.0,
          522.0,
          521.0,
          517.0,
          513.0,
          513.0,
          516.0,
          519.0,
          525.0,
          525.0,
          527.0,
          527.0,
          526.0,
          524.0,
          513.0,
          504.0,
          507.0,
          510.0,
          507.0,
          510.0,
          517.0,
          516.0,
          513.0,
          513.0,
          516.0,
          518.0,
          519.0,
          521.0,
          519.0,
          520.0,
          524.0,
          526.0,
          522.0,
          514.0,
          510.0,
          510.0,
          507.0,
          511.0,
          519.0,
          518.0,
          518.0,
          514.0,
          518.0,
          513.0,
          null,
          null,
          null,
          null,
          null,
          null,
          null,
          null,
          null,
          null,
          null,
          null,
          null,
          null,
          null,
          null,
          null,
          null,
          545.0,
          545.0,
          545.0,
          545.0,
          545.0,
          545.0,
          545.0,
          545.0,
          545.0,
          545.0,
          545.0,
          545.0,
          545.0,
          545.0,
          545.0,
          545.0,
          545.0,
          545.0,
          545.0,
          545.0,
          545.0,
          545.0,
          545.0,
          545.0,
          545.0,
          545.0,
          545.0,
          545.0,
          545.0,
          545.0,
          545.0,
          545.0,
          545.0,
          545.0,
          545.0,
          545.0,
          545.0,
          545.0,
          545.0,
          545.0,
          545.0,
          545.0,
          545.0,
          545.0,
          545.0,
          545.0,
          545.0,
          545.0,
          545.0,
          545.0,
          545.0,
          545.0,
          null,
          null,
          null,
          null,
          null,
          null,
          null,
          null,
          null,
          null,
          null,
          null,
          null,
          null,
          null,
          null,
          null,
          null,
          null,
          null,
          null,
          null,
          null,
          null,
          null,
          null,
          null,
          null,
          null,
          null,
          null,
          null,
          null,
          null,
          null,
          null,
          575.0,
          null,
          575.0,
          564.0,
          564.0,
          564.0,
          564.0,
          564.0,
          564.0,
          552.0,
          552.0,
          552.0,
          552.0,
          552.0,
          552.0,
          559.0,
          549.0,
          542.0,
          543.0,
          544.0,
          545.0,
          544.0,
          542.0,
          540.0,
          543.0,
          545.0,
          544.0,
          542.0,
          542.0,
          541.0,
          537.0,
          536.0,
          541.0,
          542.0,
          537.0,
          533.0,
          531.0,
          533.0,
          541.0,
          539.0,
          539.0,
          536.0,
          533.0,
          541.0,
          533.0,
          535.0,
          529.0,
          527.0,
          527.0,
          529.0,
          532.0,
          529.0,
          528.0,
          531.0,
          526.0,
          527.0,
          533.0,
          533.0,
          529.0,
          532.0,
          531.0,
          527.0,
          527.0,
          534.0,
          537.0,
          535.0,
          529.0,
          527.0,
          528.0,
          532.0,
          532.0,
          527.0,
          527.0,
          527.0,
          529.0,
          529.0,
          528.0,
          529.0,
          521.0,
          524.0,
          529.0,
          531.0,
          528.0,
          528.0,
          529.0,
          531.0,
          526.0,
          524.0,
          526.0,
          527.0,
          527.0,
          526.0,
          526.0,
          526.0,
          526.0,
          526.0,
          524.0,
          524.0,
          525.0,
          525.0,
          526.0,
          526.0,
          527.0,
          528.0,
          529.0,
          529.0,
          528.0,
          526.0,
          529.0,
          531.0,
          528.0,
          527.0,
          525.0,
          524.0,
          524.0,
          524.0,
          525.0,
          525.0,
          527.0,
          526.0,
          528.0,
          526.0,
          527.0,
          527.0,
          528.0,
          529.0,
          529.0,
          529.0,
          529.0,
          527.0,
          525.0,
          522.0,
          522.0,
          522.0,
          522.0,
          525.0,
          525.0,
          526.0,
          528.0,
          528.0,
          529.0,
          532.0,
          535.0,
          533.0,
          531.0,
          529.0,
          532.0,
          529.0,
          527.0,
          528.0,
          529.0,
          529.0,
          533.0,
          534.0,
          532.0,
          531.0,
          533.0,
          537.0,
          540.0,
          540.0,
          539.0,
          536.0,
          536.0,
          539.0,
          541.0,
          542.0,
          541.0,
          540.0,
          539.0,
          539.0,
          533.0,
          532.0,
          537.0,
          537.0,
          540.0,
          544.0,
          548.0,
          548.0,
          545.0,
          544.0,
          544.0,
          542.0,
          540.0,
          534.0,
          532.0,
          527.0,
          527.0,
          532.0,
          534.0,
          532.0,
          533.0,
          535.0,
          534.0,
          539.0,
          540.0,
          537.0,
          537.0,
          539.0,
          542.0,
          545.0,
          549.0,
          545.0,
          543.0,
          541.0,
          541.0,
          540.0,
          539.0,
          541.0,
          544.0,
          541.0,
          542.0,
          541.0,
          540.0,
          537.0,
          532.0,
          536.0,
          536.0,
          540.0,
          549.0,
          549.0,
          550.0,
          549.0,
          548.0,
          543.0,
          544.0,
          544.0,
          544.0,
          541.0,
          534.0,
          526.0,
          517.0,
          522.0,
          522.0,
          521.0,
          522.0,
          528.0,
          531.0,
          525.0,
          525.0,
          514.0,
          520.0,
          510.0,
          503.0,
          502.0,
          509.0,
          507.0,
          504.0,
          498.0,
          488.0,
          480.0,
          471.0,
          463.0,
          455.0,
          448.0,
          440.0,
          428.0,
          426.0,
          418.0,
          409.0,
          404.0,
          399.0,
          377.0,
          354.0,
          351.0,
          349.0,
          344.0,
          343.0,
          344.0,
          343.0,
          341.0,
          339.0,
          341.0,
          344.0,
          360.0,
          343.0,
          331.0,
          329.0,
          330.0,
          329.0,
          322.0,
          321.0,
          318.0,
          316.0,
          295.0,
          289.0,
          295.0,
          299.0,
          285.0,
          284.0,
          298.0,
          306.0,
          303.0,
          303.0,
          305.0,
          295.0,
          280.0,
          251.0,
          239.0,
          228.0,
          229.0,
          224.0,
          224.0,
          222.0,
          221.0,
          222.0,
          211.0,
          197.0,
          205.0,
          199.0,
          182.0,
          169.0,
          163.0,
          160.0,
          161.0,
          159.0,
          159.0,
          157.0
        ],
        "altitude_ft": [
          500,
          925,
          1325,
          1525,
          1775,
          2050,
          2250,
          2650,
          3750,
          5000,
          6150,
          7050,
          7425,
          7975,
          8600,
          9250,
          10450,
          10900,
          11275,
          11650,
          12150,
          13125,
          13975,
          14675,
          15450,
          16175,
          16875,
          17625,
          18425,
          19050,
          19725,
          20400,
          21275,
          21575,
          21925,
          22225,
          22750,
          23175,
          23550,
          24050,
          24450,
          24725,
          25100,
          25450,
          25975,
          26525,
          26975,
          27475,
          27825,
          28250,
          29800,
          30175,
          31000,
          31825,
          32325,
          32750,
          33050,
          33475,
          34000,
          34775,
          35425,
          35950,
          36000,
          36000,
          36000,
          36000,
          36000,
          36000,
          36000,
          36000,
          36000,
          36000,
          36000,
          36000,
          36000,
          36000,
          36000,
          36000,
          36000,
          36000,
          36000,
          36000,
          36000,
          36000,
          36000,
          36000,
          36000,
          36000,
          36000,
          36000,
          36000,
          36000,
          36000,
          36000,
          36000,
          36000,
          36000,
          36000,
          36000,
          36000,
          36000,
          36000,
          36000,
          36000,
          36000,
          36000,
          36000,
          36000,
          36000,
          36000,
          36000,
          36000,
          36000,
          36000,
          36000,
          36000,
          36000,
          36000,
          36000,
          36000,
          36000,
          36000,
          36000,
          36000,
          36000,
          36000,
          36000,
          36000,
          36000,
          36000,
          36000,
          36000,
          36000,
          36000,
          36000,
          36000,
          36000,
          36000,
          36000,
          36000,
          36000,
          36000,
          36000,
          36000,
          36000,
          36000,
          36000,
          36000,
          36000,
          36000,
          36000,
          36000,
          36000,
          36000,
          36000,
          36000,
          36000,
          35975,
          36000,
          36000,
          36000,
          36000,
          36000,
          36000,
          36000,
          36000,
          36000,
          36000,
          36000,
          36000,
          36000,
          36000,
          36000,
          36000,
          36000,
          36000,
          36000,
          36000,
          36000,
          36000,
          36000,
          36000,
          36000,
          36000,
          36000,
          36000,
          36000,
          36000,
          36000,
          36000,
          36000,
          36000,
          36000,
          36000,
          36000,
          36000,
          36000,
          36000,
          36000,
          36000,
          36000,
          36000,
          36000,
          36000,
          36000,
          36000,
          36000,
          36000,
          36000,
          36000,
          36000,
          36000,
          36000,
          36000,
          36000,
          36000,
          36000,
          35975,
          36000,
          35975,
          36000,
          36000,
          36000,
          36000,
          36000,
          36000,
          36000,
          36000,
          36000,
          36000,
          36000,
          36000,
          36000,
          36000,
          36000,
          36000,
          36000,
          36000,
          36000,
          36000,
          36275,
          36425,
          36875,
          37000,
          37000,
          37000,
          37000,
          null,
          null,
          null,
          null,
          null,
          null,
          null,
          null,
          null,
          null,
          null,
          null,
          null,
          null,
          null,
          null,
          null,
          null,
          37000,
          37000,
          37000,
          37000,
          37000,
          37000,
          37000,
          37000,
          37000,
          37000,
          37000,
          37000,
          37000,
          37000,
          37000,
          37000,
          37000,
          37000,
          37000,
          37000,
          37000,
          37000,
          37000,
          37000,
          37000,
          37000,
          37000,
          37000,
          37000,
          37000,
          37000,
          37000,
          37000,
          37000,
          37000,
          37000,
          37000,
          37000,
          37000,
          37000,
          37000,
          37000,
          37000,
          37000,
          37000,
          37000,
          37000,
          37000,
          37000,
          37000,
          37000,
          37000,
          null,
          null,
          null,
          null,
          null,
          null,
          null,
          null,
          null,
          null,
          null,
          null,
          null,
          null,
          null,
          null,
          null,
          null,
          null,
          null,
          null,
          null,
          null,
          null,
          null,
          null,
          null,
          null,
          null,
          null,
          null,
          null,
          null,
          null,
          null,
          null,
          37000,
          null,
          37000,
          37000,
          37000,
          37000,
          37000,
          37000,
          37000,
          37000,
          37000,
          37000,
          37000,
          37400,
          38000,
          38000,
          38025,
          38000,
          38000,
          38000,
          38000,
          38000,
          38000,
          38000,
          38000,
          38000,
          38000,
          38000,
          38000,
          38000,
          38000,
          38000,
          38000,
          38000,
          38000,
          38000,
          38000,
          38000,
          38000,
          38000,
          38000,
          38000,
          38000,
          38000,
          38000,
          38000,
          38000,
          38000,
          38000,
          38000,
          38000,
          38000,
          38000,
          38000,
          38000,
          38000,
          38000,
          38000,
          38000,
          38000,
          38025,
          38000,
          38000,
          38000,
          38000,
          38000,
          38000,
          38000,
          38000,
          38000,
          38000,
          38000,
          38000,
          38000,
          38000,
          38000,
          38000,
          38000,
          38000,
          38000,
          38000,
          38000,
          38000,
          38000,
          38000,
          38000,
          38000,
          38000,
          38000,
          38000,
          38000,
          38000,
          38000,
          38000,
          38000,
          38000,
          38000,
          38000,
          38000,
          38000,
          38000,
          38000,
          38000,
          38000,
          38000,
          38000,
          38000,
          38000,
          38000,
          38000,
          38000,
          38000,
          38000,
          38000,
          38000,
          38000,
          38000,
          38000,
          38000,
          38000,
          38000,
          38000,
          38000,
          38000,
          38000,
          38000,
          38000,
          38000,
          38000,
          38000,
          38000,
          38000,
          38000,
          38000,
          38000,
          38000,
          38000,
          38000,
          38000,
          38000,
          38000,
          38000,
          38000,
          38000,
          38000,
          38000,
          38000,
          38000,
          38000,
          38000,
          38000,
          38000,
          38000,
          38000,
          38000,
          38000,
          38000,
          38000,
          38000,
          38000,
          38000,
          38000,
          38000,
          38000,
          38000,
          38000,
          38000,
          38000,
          38000,
          38000,
          38000,
          38000,
          38000,
          38000,
          38000,
          38000,
          38000,
          38000,
          37975,
          38000,
          38000,
          38000,
          38000,
          38025,
          38000,
          38000,
          38000,
          38000,
          38000,
          38000,
          38000,
          38000,
          38000,
          38000,
          38025,
          38000,
          38000,
          38000,
          38000,
          38000,
          38000,
          38000,
          38000,
          38000,
          38000,
          38000,
          38000,
          38000,
          38000,
          38000,
          38000,
          38000,
          38000,
          37975,
          38025,
          38000,
          38000,
          38000,
          38000,
          38000,
          38000,
          38000,
          38000,
          38000,
          38000,
          38000,
          38000,
          38000,
          38000,
          38000,
          38000,
          38000,
          38000,
          37575,
          37100,
          36600,
          36100,
          35575,
          35100,
          34600,
          34100,
          33625,
          33075,
          32550,
          32075,
          31575,
          31075,
          30525,
          29675,
          28825,
          28000,
          27225,
          26375,
          25625,
          24875,
          24225,
          23775,
          23000,
          22175,
          21400,
          20700,
          20275,
          19800,
          19125,
          18500,
          17850,
          17175,
          16525,
          15875,
          15250,
          14600,
          13950,
          13600,
          13475,
          13300,
          12800,
          12225,
          11625,
          10975,
          10350,
          9975,
          9425,
          9075,
          8750,
          8400,
          7600,
          7125,
          6800,
          6500,
          6050,
          5725,
          5275,
          4900,
          4400,
          4100,
          4000,
          3875,
          3875,
          3875,
          3875,
          3525,
          3075,
          2950,
          2875,
          2850,
          2850,
          2775,
          2275,
          1950,
          1475,
          1125,
          950,
          775,
          550,
          325,
          100,
          0
        ],
        "vertical_rate_fpm": [
          0.0,
          1547.0,
          1125.0,
          675.0,
          750.0,
          838.0,
          1000.0,
          1800.0,
          2350.0,
          2400.0,
          2196.0,
          1821.0,
          1632.0,
          1958.0,
          2013.0,
          1762.0,
          1356.0,
          825.0,
          750.0,
          875.0,
          1475.0,
          1825.0,
          1550.0,
          1475.0,
          1500.0,
          1425.0,
          1450.0,
          1550.0,
          1425.0,
          1279.0,
          1328.0,
          1550.0,
          1469.0,
          975.0,
          975.0,
          1269.0,
          1500.0,
          1171.0,
          972.0,
          900.0,
          844.0,
          1083.0,
          1176.0,
          1071.0,
          1075.0,
          1000.0,
          950.0,
          1000.0,
          1192.0,
          1852.0,
          1777.0,
          1469.0,
          1650.0,
          1622.0,
          1354.0,
          1115.0,
          989.0,
          1000.0,
          975.0,
          961.0,
          1022.0,
          575.0,
          50.0,
          0.0,
          0.0,
          0.0,
          0.0,
          0.0,
          0.0,
          0.0,
          0.0,
          0.0,
          0.0,
          0.0,
          0.0,
          0.0,
          0.0,
          0.0,
          0.0,
          0.0,
          0.0,
          0.0,
          0.0,
          0.0,
          0.0,
          0.0,
          0.0,
          0.0,
          0.0,
          0.0,
          0.0,
          0.0,
          0.0,
          0.0,
          0.0,
          0.0,
          0.0,
          0.0,
          0.0,
          0.0,
          0.0,
          0.0,
          0.0,
          0.0,
          0.0,
          0.0,
          0.0,
          0.0,
          0.0,
          0.0,
          0.0,
          0.0,
          0.0,
          0.0,
          0.0,
          0.0,
          0.0,
          0.0,
          0.0,
          0.0,
          0.0,
          0.0,
          0.0,
          0.0,
          0.0,
          0.0,
          0.0,
          0.0,
          0.0,
          0.0,
          0.0,
          0.0,
          0.0,
          0.0,
          0.0,
          0.0,
          0.0,
          0.0,
          0.0,
          0.0,
          0.0,
          0.0,
          0.0,
          0.0,
          0.0,
          0.0,
          0.0,
          0.0,
          0.0,
          0.0,
          0.0,
          0.0,
          0.0,
          0.0,
          0.0,
          0.0,
          -25.0,
          0.0,
          29.0,
          0.0,
          0.0,
          0.0,
          0.0,
          0.0,
          0.0,
          0.0,
          0.0,
          0.0,
          0.0,
          0.0,
          0.0,
          0.0,
          0.0,
          0.0,
          0.0,
          0.0,
          0.0,
          0.0,
          0.0,
          0.0,
          0.0,
          0.0,
          0.0,
          0.0,
          0.0,
          0.0,
          0.0,
          0.0,
          0.0,
          0.0,
          0.0,
          0.0,
          0.0,
          0.0,
          0.0,
          0.0,
          0.0,
          0.0,
          0.0,
          0.0,
          0.0,
          0.0,
          0.0,
          0.0,
          0.0,
          0.0,
          0.0,
          0.0,
          0.0,
          0.0,
          0.0,
          0.0,
          0.0,
          0.0,
          0.0,
          0.0,
          -24.0,
          0.0,
          0.0,
          0.0,
          25.0,
          0.0,
          0.0,
          0.0,
          0.0,
          0.0,
          0.0,
          0.0,
          0.0,
          0.0,
          0.0,
          0.0,
          0.0,
          0.0,
          0.0,
          0.0,
          0.0,
          0.0,
          0.0,
          266.0,
          405.0,
          581.0,
          426.0,
          93.0,
          0.0,
          0.0,
          0.0,
          0.0,
          0.0,
          0.0,
          0.0,
          0.0,
          0.0,
          0.0,
          0.0,
          0.0,
          0.0,
          0.0,
          0.0,
          0.0,
          0.0,
          0.0,
          0.0,
          0.0,
          0.0,
          0.0,
          0.0,
          0.0,
          0.0,
          0.0,
          0.0,
          0.0,
          0.0,
          0.0,
          0.0,
          0.0,
          0.0,
          0.0,
          0.0,
          0.0,
          0.0,
          0.0,
          0.0,
          0.0,
          0.0,
          0.0,
          0.0,
          0.0,
          0.0,
          0.0,
          0.0,
          0.0,
          0.0,
          0.0,
          0.0,
          0.0,
          0.0,
          0.0,
          0.0,
          0.0,
          0.0,
          0.0,
          0.0,
          0.0,
          0.0,
          0.0,
          0.0,
          0.0,
          0.0,
          0.0,
          0.0,
          0.0,
          0.0,
          0.0,
          0.0,
          0.0,
          0.0,
          0.0,
          0.0,
          0.0,
          0.0,
          0.0,
          0.0,
          0.0,
          0.0,
          0.0,
          0.0,
          0.0,
          0.0,
          0.0,
          0.0,
          0.0,
          0.0,
          0.0,
          0.0,
          0.0,
          0.0,
          0.0,
          0.0,
          0.0,
          0.0,
          0.0,
          0.0,
          0.0,
          0.0,
          0.0,
          0.0,
          0.0,
          0.0,
          0.0,
          0.0,
          0.0,
          0.0,
          0.0,
          0.0,
          0.0,
          0.0,
          0.0,
          0.0,
          0.0,
          0.0,
          0.0,
          0.0,
          0.0,
          0.0,
          202.0,
          504.0,
          456.0,
          39.0,
          0.0,
          -20.0,
          0.0,
          0.0,
          0.0,
          0.0,
          0.0,
          0.0,
          0.0,
          0.0,
          0.0,
          0.0,
          0.0,
          0.0,
          0.0,
          0.0,
          0.0,
          0.0,
          0.0,
          0.0,
          0.0,
          0.0,
          0.0,
          0.0,
          0.0,
          0.0,
          0.0,
          0.0,
          0.0,
          0.0,
          0.0,
          0.0,
          0.0,
          0.0,
          0.0,
          0.0,
          0.0,
          0.0,
          0.0,
          0.0,
          0.0,
          0.0,
          0.0,
          17.0,
          0.0,
          -23.0,
          0.0,
          0.0,
          0.0,
          0.0,
          0.0,
          0.0,
          0.0,
          0.0,
          0.0,
          0.0,
          0.0,
          0.0,
          0.0,
          0.0,
          0.0,
          0.0,
          0.0,
          0.0,
          0.0,
          0.0,
          0.0,
          0.0,
          0.0,
          0.0,
          0.0,
          0.0,
          0.0,
          0.0,
          0.0,
          0.0,
          0.0,
          0.0,
          0.0,
          0.0,
          0.0,
          0.0,
          0.0,
          0.0,
          0.0,
          0.0,
          0.0,
          0.0,
          0.0,
          0.0,
          0.0,
          0.0,
          0.0,
          0.0,
          0.0,
          0.0,
          0.0,
          0.0,
          0.0,
          0.0,
          0.0,
          0.0,
          0.0,
          0.0,
          0.0,
          0.0,
          0.0,
          0.0,
          0.0,
          0.0,
          0.0,
          0.0,
          0.0,
          0.0,
          0.0,
          0.0,
          0.0,
          0.0,
          0.0,
          0.0,
          0.0,
          0.0,
          0.0,
          0.0,
          0.0,
          0.0,
          0.0,
          0.0,
          0.0,
          0.0,
          0.0,
          0.0,
          0.0,
          0.0,
          0.0,
          0.0,
          0.0,
          0.0,
          0.0,
          0.0,
          0.0,
          0.0,
          0.0,
          0.0,
          0.0,
          0.0,
          0.0,
          0.0,
          0.0,
          0.0,
          0.0,
          0.0,
          0.0,
          0.0,
          0.0,
          0.0,
          0.0,
          0.0,
          0.0,
          0.0,
          0.0,
          -25.0,
          0.0,
          21.0,
          0.0,
          0.0,
          25.0,
          0.0,
          -24.0,
          0.0,
          0.0,
          0.0,
          0.0,
          0.0,
          0.0,
          0.0,
          0.0,
          22.0,
          0.0,
          -25.0,
          0.0,
          0.0,
          0.0,
          0.0,
          0.0,
          0.0,
          0.0,
          0.0,
          0.0,
          0.0,
          0.0,
          0.0,
          0.0,
          0.0,
          0.0,
          0.0,
          -25.0,
          24.0,
          24.0,
          -25.0,
          0.0,
          0.0,
          0.0,
          0.0,
          0.0,
          0.0,
          0.0,
          0.0,
          0.0,
          0.0,
          0.0,
          0.0,
          0.0,
          0.0,
          0.0,
          0.0,
          -386.0,
          -885.0,
          -975.0,
          -1000.0,
          -1025.0,
          -984.0,
          -959.0,
          -1000.0,
          -975.0,
          -1008.0,
          -1057.0,
          -1000.0,
          -959.0,
          -984.0,
          -1050.0,
          -1400.0,
          -1700.0,
          -1675.0,
          -1600.0,
          -1625.0,
          -1600.0,
          -1500.0,
          -1500.0,
          -1500.0,
          -1531.0,
          -1574.0,
          -1574.0,
          -1475.0,
          -1467.0,
          -1459.0,
          -1353.0,
          -1300.0,
          -1275.0,
          -1325.0,
          -1325.0,
          -1300.0,
          -1275.0,
          -1254.0,
          -1258.0,
          -1200.0,
          -770.0,
          -500.0,
          -844.0,
          -1075.0,
          -1175.0,
          -1250.0,
          -1275.0,
          -1277.0,
          -1181.0,
          -1080.0,
          -1095.0,
          -1125.0,
          -1438.0,
          -1700.0,
          -1043.0,
          -815.0,
          -1364.0,
          -1368.0,
          -1163.0,
          -1076.0,
          -991.0,
          -762.0,
          -490.0,
          -276.0,
          -150.0,
          0.0,
          0.0,
          -488.0,
          -1067.0,
          -1015.0,
          -267.0,
          -102.0,
          -30.0,
          -88.0,
          -556.0,
          -1031.0,
          -1000.0,
          -900.0,
          -788.0,
          -656.0,
          -727.0,
          -818.0,
          -794.0,
          -770.0,
          -789.0
        ]
      }
    }
  ]
}