Timestamp,UTC,Callsign,Position,Altitude,Speed,Direction
1763900938,2025-11-23T12:28:58Z,UNI131,"40.38813,39.795391",26825,0,124
1763901253,2025-11-23T12:34:13Z,UNI131,"39.895081,40.376827",34325,190,144
1763901255,2025-11-23T12:34:15Z,UNI131,"39.890778,40.382065",34400,452,138
1763901257,2025-11-23T12:34:17Z,UNI131,"39.888863,40.384449",34450,442,137
1763901260,2025-11-23T12:34:20Z,UNI131,"39.885422,40.388542",34500,444,137
1763901262,2025-11-23T12:34:22Z,UNI131,"39.881184,40.393417",34550,448,137
1763901264,2025-11-23T12:34:24Z,UNI131,"39.877369,40.398022",34625,190,139
1763901270,2025-11-23T12:34:30Z,UNI131,"39.867756,40.409817",34775,460,136
1763901297,2025-11-23T12:34:57Z,UNI131,"39.826767,40.456429",35475,474,143
1763901301,2025-11-23T12:35:01Z,UNI131,"39.822159,40.461964",35550,449,138
1763901342,2025-11-23T12:35:42Z,UNI131,"39.757122,40.538551",36425,445,137
1763901414,2025-11-23T12:36:54Z,UNI131,"39.646706,40.665909",37350,450,138
1763901426,2025-11-23T12:37:06Z,UNI131,"39.628906,40.686543",37500,200,141
1763901429,2025-11-23T12:37:09Z,UNI131,"39.622822,40.693741",37550,454,138
1763901433,2025-11-23T12:37:13Z,UNI131,"39.61887,40.698288",37600,454,139
1763901436,2025-11-23T12:37:16Z,UNI131,"39.615002,40.702736",37600,190,139
1763901438,2025-11-23T12:37:18Z,UNI131,"39.609924,40.708809",37650,520,137
1763901440,2025-11-23T12:37:20Z,UNI131,"39.60442,40.715275",37675,452,137
1763901443,2025-11-23T12:37:23Z,UNI131,"39.601589,40.718376",37700,454,138
1763901446,2025-11-23T12:37:26Z,UNI131,"39.598442,40.721775",37725,240,141
1763901449,2025-11-23T12:37:29Z,UNI131,"39.592354,40.728947",37775,451,134
1763901451,2025-11-23T12:37:31Z,UNI131,"39.590031,40.731819",37800,435,135
1763901453,2025-11-23T12:37:33Z,UNI131,"39.586021,40.736248",37825,260,142
1763901455,2025-11-23T12:37:35Z,UNI131,"39.581921,40.740696",37850,469,140
1763901458,2025-11-23T12:37:38Z,UNI131,"39.577583,40.74577",37875,480,138
1763901460,2025-11-23T12:37:40Z,UNI131,"39.574547,40.749363",37900,480,138
1763901462,2025-11-23T12:37:42Z,UNI131,"39.57262,40.751453",37950,100,138
1763901465,2025-11-23T12:37:45Z,UNI131,"39.568619,40.756222",37975,452,138
1763901468,2025-11-23T12:37:48Z,UNI131,"39.561848,40.763885",38000,453,138
1763901470,2025-11-23T12:37:50Z,UNI131,"39.55994,40.766109",38050,230,137
1763901474,2025-11-23T12:37:54Z,UNI131,"39.553608,40.773315",38075,400,138
1763901476,2025-11-23T12:37:56Z,UNI131,"39.549934,40.777542",38100,455,137
1763901478,2025-11-23T12:37:58Z,UNI131,"39.545322,40.78257",38125,500,138
1763901487,2025-11-23T12:38:07Z,UNI131,"39.533226,40.796673",38225,210,132
1763901489,2025-11-23T12:38:09Z,UNI131,"39.528702,40.801441",38250,250,141
1763901494,2025-11-23T12:38:14Z,UNI131,"39.521,40.810413",38325,453,138
1763901502,2025-11-23T12:38:22Z,UNI131,"39.508854,40.82431",38425,457,139
1763901505,2025-11-23T12:38:25Z,UNI131,"39.503719,40.830418",38450,460,158
1763901508,2025-11-23T12:38:28Z,UNI131,"39.498329,40.836628",38500,442,138
1763901511,2025-11-23T12:38:31Z,UNI131,"39.496536,40.838676",38525,450,138
1763901514,2025-11-23T12:38:34Z,UNI131,"39.490303,40.846066",38550,360,136
1763901516,2025-11-23T12:38:36Z,UNI131,"39.486649,40.850288",38600,444,138
1763901519,2025-11-23T12:38:39Z,UNI131,"39.483589,40.853893",38625,445,137
1763901521,2025-11-23T12:38:41Z,UNI131,"39.48056,40.857403",38650,447,137
1763901523,2025-11-23T12:38:43Z,UNI131,"39.476501,40.862026",38675,230,138
1763901525,2025-11-23T12:38:45Z,UNI131,"39.473148,40.866051",38700,487,138
1763901528,2025-11-23T12:38:48Z,UNI131,"39.468025,40.871994",38725,410,138
1763901531,2025-11-23T12:38:51Z,UNI131,"39.462746,40.878029",38775,455,138
1763901534,2025-11-23T12:38:54Z,UNI131,"39.458694,40.882736",38800,570,138
1763901538,2025-11-23T12:38:58Z,UNI131,"39.453156,40.889294",38850,450,138
1763901562,2025-11-23T12:39:22Z,UNI131,"39.415661,40.931435",39125,447,139
1763901565,2025-11-23T12:39:25Z,UNI131,"39.411133,40.936924",39175,447,136
1763901567,2025-11-23T12:39:27Z,UNI131,"39.406651,40.941803",39200,360,140
1763901570,2025-11-23T12:39:30Z,UNI131,"39.403416,40.945454",39225,476,139
1763901572,2025-11-23T12:39:32Z,UNI131,"39.399693,40.949684",39250,467,138
1763901574,2025-11-23T12:39:34Z,UNI131,"39.394878,40.955269",39275,451,138
1763901579,2025-11-23T12:39:39Z,UNI131,"39.388153,40.962906",39325,446,138
1763901600,2025-11-23T12:40:00Z,UNI131,"39.38298,40.999287",39550,320,132
1763901604,2025-11-23T12:40:04Z,UNI131,"39.375015,41.00811",39600,456,138
1763901608,2025-11-23T12:40:08Z,UNI131,"39.368969,41.015762",39650,460,135
1763901628,2025-11-23T12:40:28Z,UNI131,"39.337677,41.072819",39850,560,125
1763901632,2025-11-23T12:40:32Z,UNI131,"39.332077,41.057629",39875,270,140
1763901636,2025-11-23T12:40:36Z,UNI131,"39.325054,41.065113",39925,470,138
1763901645,2025-11-23T12:40:45Z,UNI131,"39.28495,41.080498",40025,960,163
1763901649,2025-11-23T12:40:49Z,UNI131,"39.278446,41.088181",40075,440,137
1763901652,2025-11-23T12:40:52Z,UNI131,"39.274284,41.092674",40100,454,139
1763901655,2025-11-23T12:40:55Z,UNI131,"39.269592,41.097713",40125,444,140
1763901659,2025-11-23T12:40:59Z,UNI131,"39.264599,41.103371",40175,444,139
1763901661,2025-11-23T12:41:01Z,UNI131,"39.259972,41.108707",40200,447,138
1763901672,2025-11-23T12:41:12Z,UNI131,"39.244495,41.126785",40300,439,137
1763901674,2025-11-23T12:41:14Z,UNI131,"39.239529,41.132122",40325,482,140
1763901677,2025-11-23T12:41:17Z,UNI131,"39.235733,41.136475",40350,453,139
1763901679,2025-11-23T12:41:19Z,UNI131,"39.231968,41.140869",40375,452,138
1763901684,2025-11-23T12:41:24Z,UNI131,"39.225075,41.149639",40425,430,135
1763901686,2025-11-23T12:41:26Z,UNI131,"39.222103,41.153522",40450,439,135
1763901689,2025-11-23T12:41:29Z,UNI131,"39.218075,41.158646",40475,442,135
1763901698,2025-11-23T12:41:38Z,UNI131,"39.206726,41.173534",40575,450,133
1763901700,2025-11-23T12:41:40Z,UNI131,"39.202793,41.179157",40600,451,132
1763901719,2025-11-23T12:41:59Z,UNI131,"39.175133,41.219097",40800,480,173
1763901721,2025-11-23T12:42:01Z,UNI131,"39.173347,41.221603",40800,310,137
1763901725,2025-11-23T12:42:05Z,UNI131,"39.168991,41.228027",40850,458,131
1763901729,2025-11-23T12:42:09Z,UNI131,"39.162327,41.238071",40875,454,176
1763901732,2025-11-23T12:42:12Z,UNI131,"39.156693,41.246361",40900,280,130
1763901735,2025-11-23T12:42:15Z,UNI131,"39.154385,41.24984",40925,437,130
1763901737,2025-11-23T12:42:17Z,UNI131,"39.151524,41.254166",40925,478,132
1763901740,2025-11-23T12:42:20Z,UNI131,"39.147758,41.26033",40950,460,128
1763901742,2025-11-23T12:42:22Z,UNI131,"39.143677,41.266407",40975,430,131
1763901746,2025-11-23T12:42:26Z,UNI131,"39.139694,41.27219",41025,450,131
1763901748,2025-11-23T12:42:28Z,UNI131,"39.136822,41.276405",41025,130,133
1763901750,2025-11-23T12:42:30Z,UNI131,"39.132816,41.28244",41050,400,130
1763901754,2025-11-23T12:42:34Z,UNI131,"39.127369,41.290638",41075,450,130
1763901756,2025-11-23T12:42:36Z,UNI131,"39.125931,41.2929",41100,457,130
1763901758,2025-11-23T12:42:38Z,UNI131,"39.120911,41.300495",41125,451,130
1763901761,2025-11-23T12:42:41Z,UNI131,"39.117844,41.305042",41150,451,130
1763901764,2025-11-23T12:42:44Z,UNI131,"39.11446,41.310013",41175,453,130
1763901767,2025-11-23T12:42:47Z,UNI131,"39.110207,41.316128",41200,451,131
1763901792,2025-11-23T12:43:12Z,UNI131,"39.076534,41.3657",41425,20,132
1763901794,2025-11-23T12:43:14Z,UNI131,"39.072269,41.371925",41450,460,131
1763901797,2025-11-23T12:43:17Z,UNI131,"39.068832,41.376942",41475,452,131
1763901799,2025-11-23T12:43:19Z,UNI131,"39.06559,41.381554",41475,453,131
1763901803,2025-11-23T12:43:23Z,UNI131,"39.061516,41.387615",41525,452,131
1763901808,2025-11-23T12:43:28Z,UNI131,"39.054367,41.397919",41550,70,134
1763901810,2025-11-23T12:43:30Z,UNI131,"39.04969,41.404518",41575,510,132
1763901812,2025-11-23T12:43:32Z,UNI131,"39.047543,41.407715",41575,457,131
1763901815,2025-11-23T12:43:35Z,UNI131,"39.043331,41.41378",41600,451,131
1763901817,2025-11-23T12:43:37Z,UNI131,"39.041805,41.416138",41625,140,129
1763901820,2025-11-23T12:43:40Z,UNI131,"39.037773,41.42223",41650,435,129
1763901822,2025-11-23T12:43:42Z,UNI131,"39.033646,41.427601",41650,460,134
1763901826,2025-11-23T12:43:46Z,UNI131,"39.028828,41.435112",41675,880,131
1763901828,2025-11-23T12:43:48Z,UNI131,"39.02449,41.440887",41700,431,134
1763901830,2025-11-23T12:43:50Z,UNI131,"39.022289,41.444031",41700,453,130
1763901839,2025-11-23T12:43:59Z,UNI131,"39.009209,41.463654",41775,455,130
1763901842,2025-11-23T12:44:02Z,UNI131,"39.006649,41.466995",41800,450,136
1763901844,2025-11-23T12:44:04Z,UNI131,"39.003117,41.472626",41800,350,121
1763901846,2025-11-23T12:44:06Z,UNI131,"39.000755,41.47578",41825,457,132
1763901848,2025-11-23T12:44:08Z,UNI131,"38.996742,41.481617",41825,455,131
1763901850,2025-11-23T12:44:10Z,UNI131,"38.995232,41.483841",41850,455,131
1763901855,2025-11-23T12:44:15Z,UNI131,"38.989067,41.493008",41875,455,130
1763901857,2025-11-23T12:44:17Z,UNI131,"38.985561,41.498203",41900,453,130
1763901860,2025-11-23T12:44:20Z,UNI131,"38.982185,41.503139",41925,456,131
1763901863,2025-11-23T12:44:23Z,UNI131,"38.978519,41.50843",41925,456,131
1763901865,2025-11-23T12:44:25Z,UNI131,"38.973866,41.51535",41950,540,130
1763901868,2025-11-23T12:44:28Z,UNI131,"38.971828,41.51823",41950,461,130
1763901870,2025-11-23T12:44:30Z,UNI131,"38.967468,41.524445",41975,456,131
1763901874,2025-11-23T12:44:34Z,UNI131,"38.962479,41.531761",42000,310,131
1763901905,2025-11-23T12:45:05Z,UNI131,"38.917236,41.596622",42175,610,130
1763901943,2025-11-23T12:45:43Z,UNI131,"38.864433,41.673435",42375,459,131
1763901969,2025-11-23T12:46:09Z,UNI131,"38.829418,41.723751",42525,459,131
1763901971,2025-11-23T12:46:11Z,UNI131,"38.826473,41.727798",42550,70,135
1763901973,2025-11-23T12:46:13Z,UNI131,"38.822941,41.733143",42550,340,131
1763901976,2025-11-23T12:46:16Z,UNI131,"38.820068,41.737129",42550,466,134
1763901978,2025-11-23T12:46:18Z,UNI131,"38.81477,41.74485",42575,390,130
1763901981,2025-11-23T12:46:21Z,UNI131,"38.812668,41.747936",42575,220,130
1763901984,2025-11-23T12:46:24Z,UNI131,"38.808899,41.753319",42600,60,135
1763901986,2025-11-23T12:46:26Z,UNI131,"38.804718,41.759426",42625,400,132
1763901994,2025-11-23T12:46:34Z,UNI131,"38.794086,41.774708",42675,340,131
1763901998,2025-11-23T12:46:38Z,UNI131,"38.78616,41.785965",42675,590,133
1763902001,2025-11-23T12:46:41Z,UNI131,"38.780754,41.793373",42700,790,131
1763902004,2025-11-23T12:46:44Z,UNI131,"38.777069,41.798958",42700,980,133
1763902006,2025-11-23T12:46:46Z,UNI131,"38.780434,41.794788",42725,90,318
1763902017,2025-11-23T12:46:57Z,UNI131,"38.759399,41.823914",42775,330,132
1763902021,2025-11-23T12:47:01Z,UNI131,"38.757133,41.827595",42800,320,317
1763902026,2025-11-23T12:47:06Z,UNI131,"38.752163,41.843895",42825,230,81
1763902028,2025-11-23T12:47:08Z,UNI131,"38.746841,41.842392",42850,150,131
1763902030,2025-11-23T12:47:10Z,UNI131,"38.741848,41.849384",42850,580,132
1763902033,2025-11-23T12:47:13Z,UNI131,"38.740032,41.852119",42875,270,132
1763902035,2025-11-23T12:47:15Z,UNI131,"38.738205,41.855015",42875,270,132
1763902039,2025-11-23T12:47:19Z,UNI131,"38.728664,41.86795",42900,660,133
1763902042,2025-11-23T12:47:22Z,UNI131,"38.726582,41.871418",42925,110,132
1763902045,2025-11-23T12:47:25Z,UNI131,"38.724545,41.874733",42950,270,128
1763902047,2025-11-23T12:47:27Z,UNI131,"38.719673,41.881508",42950,552,130
1763902049,2025-11-23T12:47:29Z,UNI131,"38.716728,41.885742",42975,482,132
1763902051,2025-11-23T12:47:31Z,UNI131,"38.713634,41.890179",42975,467,132
1763902054,2025-11-23T12:47:34Z,UNI131,"38.709408,41.896126",42975,455,132
1763902057,2025-11-23T12:47:37Z,UNI131,"38.70565,41.901478",43000,456,132
1763902059,2025-11-23T12:47:39Z,UNI131,"38.702911,41.905396",43000,455,131
1763902062,2025-11-23T12:47:42Z,UNI131,"38.699108,41.910816",43025,396,132
1763902064,2025-11-23T12:47:44Z,UNI131,"38.694767,41.917103",43025,530,131
1763902067,2025-11-23T12:47:47Z,UNI131,"38.691113,41.922215",43050,290,131
1763902070,2025-11-23T12:47:50Z,UNI131,"38.688171,41.926643",43075,436,130
1763902072,2025-11-23T12:47:52Z,UNI131,"38.6847,41.931648",43075,462,131
1763902084,2025-11-23T12:48:04Z,UNI131,"38.668518,41.955158",43150,90,125
1763902086,2025-11-23T12:48:06Z,UNI131,"38.665909,41.958656",43175,300,133
1763902088,2025-11-23T12:48:08Z,UNI131,"38.661919,41.964443",43175,454,132
1763902091,2025-11-23T12:48:11Z,UNI131,"38.657761,41.970184",43175,463,132
1763902093,2025-11-23T12:48:13Z,UNI131,"38.655437,41.973431",43200,461,132
1763902095,2025-11-23T12:48:15Z,UNI131,"38.652081,41.978195",43200,459,132
1763902097,2025-11-23T12:48:17Z,UNI131,"38.650303,41.98436",43225,350,86
1763902100,2025-11-23T12:48:20Z,UNI131,"38.646141,41.986778",43225,260,132
1763902102,2025-11-23T12:48:22Z,UNI131,"38.643047,41.991055",43250,449,133
1763902104,2025-11-23T12:48:24Z,UNI131,"38.638081,41.998062",43250,451,132
1763902107,2025-11-23T12:48:27Z,UNI131,"38.636158,42.00082",43275,454,132
1763902110,2025-11-23T12:48:30Z,UNI131,"38.630547,42.009281",43300,190,127
1763902112,2025-11-23T12:48:32Z,UNI131,"38.625523,42.015846",43300,800,134
1763902115,2025-11-23T12:48:35Z,UNI131,"38.625172,42.016842",43325,120,130
1763902117,2025-11-23T12:48:37Z,UNI131,"38.621536,42.021976",43325,453,132
1763902120,2025-11-23T12:48:40Z,UNI131,"38.61932,42.025097",43350,456,132
1763902122,2025-11-23T12:48:42Z,UNI131,"38.613045,42.033844",43350,110,114
1763902124,2025-11-23T12:48:44Z,UNI131,"38.61338,42.033928",43375,30,133
1763902128,2025-11-23T12:48:48Z,UNI131,"38.610054,42.038906",43375,40,122
1763902130,2025-11-23T12:48:50Z,UNI131,"38.604092,42.046951",43400,580,133
1763902132,2025-11-23T12:48:52Z,UNI131,"38.600273,42.052261",43400,590,133
1763902135,2025-11-23T12:48:55Z,UNI131,"38.5947,42.059906",43425,490,131
1763902137,2025-11-23T12:48:57Z,UNI131,"38.593025,42.062347",43450,490,194
1763902139,2025-11-23T12:48:59Z,UNI131,"38.589664,42.067261",43450,490,168
1763902143,2025-11-23T12:49:03Z,UNI131,"38.58469,42.074371",43475,340,130
1763902145,2025-11-23T12:49:05Z,UNI131,"38.580372,42.080078",43475,610,133
1763902149,2025-11-23T12:49:09Z,UNI131,"38.57246,42.090744",43500,624,133
1763902151,2025-11-23T12:49:11Z,UNI131,"38.569424,42.095009",43500,594,133
1763902155,2025-11-23T12:49:15Z,UNI131,"38.569309,42.09655",43525,80,128
1763902158,2025-11-23T12:49:18Z,UNI131,"38.567001,42.09996",43525,180,131
1763902160,2025-11-23T12:49:20Z,UNI131,"38.562382,42.106361",43550,540,132
1763902162,2025-11-23T12:49:22Z,UNI131,"38.558182,42.112",43550,537,132
1763902166,2025-11-23T12:49:26Z,UNI131,"38.552826,42.119831",43575,320,133
1763902168,2025-11-23T12:49:28Z,UNI131,"38.551197,42.12244",43575,40,131
1763902170,2025-11-23T12:49:30Z,UNI131,"38.547577,42.12743",43600,260,133
1763902174,2025-11-23T12:49:34Z,UNI131,"38.54208,42.135208",43600,220,129
1763902176,2025-11-23T12:49:36Z,UNI131,"38.538048,42.140526",43600,300,131
1763902178,2025-11-23T12:49:38Z,UNI131,"38.533756,42.14687",43625,580,131
1763902181,2025-11-23T12:49:41Z,UNI131,"38.530479,42.151405",43625,380,132
1763902183,2025-11-23T12:49:43Z,UNI131,"38.527531,42.155609",43625,540,133
1763902186,2025-11-23T12:49:46Z,UNI131,"38.523293,42.161354",43650,400,133
1763902188,2025-11-23T12:49:48Z,UNI131,"38.519604,42.166843",43650,590,133
1763902190,2025-11-23T12:49:50Z,UNI131,"38.517773,42.169537",43675,120,125
1763902194,2025-11-23T12:49:54Z,UNI131,"38.515118,42.173725",43675,270,133
1763902196,2025-11-23T12:49:56Z,UNI131,"38.509487,42.181",43675,580,134
1763902198,2025-11-23T12:49:58Z,UNI131,"38.505703,42.186302",43700,430,132
1763902200,2025-11-23T12:50:00Z,UNI131,"38.502594,42.190575",43700,280,134
1763902204,2025-11-23T12:50:04Z,UNI131,"38.497974,42.197166",43700,330,131
1763902206,2025-11-23T12:50:06Z,UNI131,"38.494331,42.20245",43725,430,131
1763902208,2025-11-23T12:50:08Z,UNI131,"38.494396,42.2029",43725,321,125
1763902211,2025-11-23T12:50:11Z,UNI131,"38.491821,42.206715",43750,330,131
1763902214,2025-11-23T12:50:14Z,UNI131,"38.488071,42.211975",43750,350,133
1763902216,2025-11-23T12:50:16Z,UNI131,"38.485592,42.215607",43750,30,130
1763902218,2025-11-23T12:50:18Z,UNI131,"38.476574,42.227421",43775,500,134
1763902221,2025-11-23T12:50:21Z,UNI131,"38.473415,42.231785",43775,200,129
1763902223,2025-11-23T12:50:23Z,UNI131,"38.470539,42.236031",43775,220,126
1763902225,2025-11-23T12:50:25Z,UNI131,"38.469429,42.238144",43800,80,132
1763902227,2025-11-23T12:50:27Z,UNI131,"38.465233,42.243893",43800,680,135
1763902230,2025-11-23T12:50:30Z,UNI131,"38.464466,42.245453",43800,190,129
1763902232,2025-11-23T12:50:32Z,UNI131,"38.460594,42.250763",43825,170,133
1763902234,2025-11-23T12:50:34Z,UNI131,"38.456203,42.256653",43825,380,133
1763902237,2025-11-23T12:50:37Z,UNI131,"38.451893,42.262852",43825,430,132
1763902239,2025-11-23T12:50:39Z,UNI131,"38.44595,42.267929",43850,650,153
1763902242,2025-11-23T12:50:42Z,UNI131,"38.447094,42.269871",43850,650,144
1763902244,2025-11-23T12:50:44Z,UNI131,"38.439827,42.279449",43850,860,133
1763902246,2025-11-23T12:50:46Z,UNI131,"38.437874,42.282452",43875,220,129
1763902248,2025-11-23T12:50:48Z,UNI131,"38.436848,42.284523",43875,160,131
1763902251,2025-11-23T12:50:51Z,UNI131,"38.433281,42.289227",43900,440,135
1763902254,2025-11-23T12:50:54Z,UNI131,"38.429333,42.295055",43900,462,131
1763902258,2025-11-23T12:50:58Z,UNI131,"38.424553,42.301605",43925,453,132
1763902260,2025-11-23T12:51:00Z,UNI131,"38.420074,42.308075",43925,370,130
1763902262,2025-11-23T12:51:02Z,UNI131,"38.415951,42.313839",43925,440,132
1763902266,2025-11-23T12:51:06Z,UNI131,"38.412914,42.318317",43950,290,131
1763902268,2025-11-23T12:51:08Z,UNI131,"38.408886,42.323666",43950,360,135
1763902271,2025-11-23T12:51:11Z,UNI131,"38.403366,42.331413",43975,390,131
1763902273,2025-11-23T12:51:13Z,UNI131,"38.401859,42.334087",43975,300,130
1763902276,2025-11-23T12:51:16Z,UNI131,"38.39986,42.337299",43975,250,129
1763902279,2025-11-23T12:51:19Z,UNI131,"38.39407,42.345188",44000,490,133
1763902282,2025-11-23T12:51:22Z,UNI131,"38.389202,42.351864",44000,390,233
1763902285,2025-11-23T12:51:25Z,UNI131,"38.385498,42.356712",44025,180,135
1763902287,2025-11-23T12:51:27Z,UNI131,"38.382256,42.361454",44025,437,131
1763902289,2025-11-23T12:51:29Z,UNI131,"38.379398,42.365532",44025,452,131
1763902292,2025-11-23T12:51:32Z,UNI131,"38.375092,42.371593",44050,454,131
1763902294,2025-11-23T12:51:34Z,UNI131,"38.37188,42.375912",44050,454,132
1763902297,2025-11-23T12:51:37Z,UNI131,"38.367878,42.381271",44050,458,133
1763902299,2025-11-23T12:51:39Z,UNI131,"38.364388,42.386204",44075,410,131
1763902302,2025-11-23T12:51:42Z,UNI131,"38.360218,42.392082",44075,453,132
1763902304,2025-11-23T12:51:44Z,UNI131,"38.358276,42.394932",44100,449,131
1763902306,2025-11-23T12:51:46Z,UNI131,"38.353558,42.401466",44100,447,132
1763902308,2025-11-23T12:51:48Z,UNI131,"38.351974,42.403728",44100,461,132
1763902311,2025-11-23T12:51:51Z,UNI131,"38.347523,42.410149",44125,459,131
1763902313,2025-11-23T12:51:53Z,UNI131,"38.34425,42.414864",44125,360,131
1763902323,2025-11-23T12:52:03Z,UNI131,"38.330341,42.434479",44175,410,132
1763902335,2025-11-23T12:52:15Z,UNI131,"38.314621,42.456745",44200,380,133
1763902337,2025-11-23T12:52:17Z,UNI131,"38.311298,42.461208",44225,220,136
1763902339,2025-11-23T12:52:19Z,UNI131,"38.307579,42.466442",44225,370,132
1763902342,2025-11-23T12:52:22Z,UNI131,"38.302944,42.472736",44225,520,134
1763902344,2025-11-23T12:52:24Z,UNI131,"38.300621,42.476418",44250,473,132
1763902347,2025-11-23T12:52:27Z,UNI131,"38.296967,42.481667",44250,451,131
1763902349,2025-11-23T12:52:29Z,UNI131,"38.293686,42.48629",44250,280,131
1763902351,2025-11-23T12:52:31Z,UNI131,"38.290833,42.490257",44275,260,133
1763902354,2025-11-23T12:52:34Z,UNI131,"38.286541,42.496056",44275,260,133
1763902357,2025-11-23T12:52:37Z,UNI131,"38.282536,42.501984",44300,300,122
1763902359,2025-11-23T12:52:39Z,UNI131,"38.278561,42.507465",44300,510,132
1763902365,2025-11-23T12:52:45Z,UNI131,"38.272251,42.516315",44325,400,131
1763902368,2025-11-23T12:52:48Z,UNI131,"38.266148,42.524761",44325,390,132
1763902372,2025-11-23T12:52:52Z,UNI131,"38.261616,42.531063",44350,451,132
1763902374,2025-11-23T12:52:54Z,UNI131,"38.258419,42.535763",44350,460,131
1763902376,2025-11-23T12:52:56Z,UNI131,"38.255257,42.540104",44350,200,135
1763902383,2025-11-23T12:53:03Z,UNI131,"38.244804,42.55518",44400,450,131
1763902390,2025-11-23T12:53:10Z,UNI131,"38.23547,42.56773",44400,450,133
1763902392,2025-11-23T12:53:12Z,UNI131,"38.231899,42.572613",44425,480,130
1763902394,2025-11-23T12:53:14Z,UNI131,"38.229504,42.576344",44425,483,129
1763902398,2025-11-23T12:53:18Z,UNI131,"38.224285,42.583576",44425,430,132
1763902400,2025-11-23T12:53:20Z,UNI131,"38.221153,42.588047",44450,360,131
1763902403,2025-11-23T12:53:23Z,UNI131,"38.215572,42.595619",44450,461,132
1763902406,2025-11-23T12:53:26Z,UNI131,"38.212536,42.599838",44475,300,132
1763902408,2025-11-23T12:53:28Z,UNI131,"38.209408,42.604218",44475,466,131
1763902410,2025-11-23T12:53:30Z,UNI131,"38.206047,42.60886",44475,462,132
1763902413,2025-11-23T12:53:33Z,UNI131,"38.2019,42.614651",44500,430,134
1763902415,2025-11-23T12:53:35Z,UNI131,"38.198944,42.618858",44500,310,131
1763902419,2025-11-23T12:53:39Z,UNI131,"38.194042,42.625751",44525,461,131
1763902423,2025-11-23T12:53:43Z,UNI131,"38.186768,42.635876",44525,510,132
1763902434,2025-11-23T12:53:54Z,UNI131,"38.172756,42.656841",44575,840,146
1763902436,2025-11-23T12:53:56Z,UNI131,"38.168591,42.66143",44600,400,138
1763902439,2025-11-23T12:53:59Z,UNI131,"38.165627,42.665482",44600,459,132
1763902442,2025-11-23T12:54:02Z,UNI131,"38.161785,42.67086",44600,456,132
1763902447,2025-11-23T12:54:07Z,UNI131,"38.154606,42.681137",44625,420,131
1763902455,2025-11-23T12:54:15Z,UNI131,"38.142811,42.697765",44650,390,131
1763902458,2025-11-23T12:54:18Z,UNI131,"38.140457,42.701054",44675,442,132
1763902460,2025-11-23T12:54:20Z,UNI131,"38.136528,42.706451",44675,160,134
1763902463,2025-11-23T12:54:23Z,UNI131,"38.1315,42.713604",44675,290,131
1763902465,2025-11-23T12:54:25Z,UNI131,"38.128654,42.717457",44700,454,131
1763902496,2025-11-23T12:54:56Z,UNI131,"38.085262,42.77774",44800,458,131
1763902530,2025-11-23T12:55:30Z,UNI131,"38.03574,42.846031",44975,490,133
1763902539,2025-11-23T12:55:39Z,UNI131,"38.023651,42.863056",45000,451,131
1763902542,2025-11-23T12:55:42Z,UNI131,"38.020176,42.86795",45000,455,131
1763902544,2025-11-23T12:55:44Z,UNI131,"38.016247,42.87339",45000,453,132
1763902547,2025-11-23T12:55:47Z,UNI131,"38.013065,42.878067",45000,10,130
1763902549,2025-11-23T12:55:49Z,UNI131,"38.010395,42.882004",45000,170,129
1763902551,2025-11-23T12:55:51Z,UNI131,"38.006096,42.88784",45000,451,132
1763902553,2025-11-23T12:55:53Z,UNI131,"38.003242,42.891861",45000,449,132
1763902558,2025-11-23T12:55:58Z,UNI131,"37.996689,42.900948",45000,380,132
1763902560,2025-11-23T12:56:00Z,UNI131,"37.993114,42.906223",45000,463,130
1763902563,2025-11-23T12:56:03Z,UNI131,"37.990051,42.91053",45000,462,131
1763902565,2025-11-23T12:56:05Z,UNI131,"37.987778,42.913673",45000,90,128
1763902567,2025-11-23T12:56:07Z,UNI131,"37.984161,42.918728",45000,457,131
1763902570,2025-11-23T12:56:10Z,UNI131,"37.980026,42.924572",45000,457,131
1763902572,2025-11-23T12:56:12Z,UNI131,"37.977627,42.927933",45000,455,131
1763902574,2025-11-23T12:56:14Z,UNI131,"37.975044,42.931576",45000,455,131
1763902577,2025-11-23T12:56:17Z,UNI131,"37.970924,42.937355",45000,458,131
1763902579,2025-11-23T12:56:19Z,UNI131,"37.966751,42.94313",45000,458,132
1763902584,2025-11-23T12:56:24Z,UNI131,"37.961143,42.950829",45000,330,132
1763902594,2025-11-23T12:56:34Z,UNI131,"37.944618,42.973911",45000,300,142
1763902596,2025-11-23T12:56:36Z,UNI131,"37.940174,42.979309",45000,917,114
1763902598,2025-11-23T12:56:38Z,UNI131,"37.939415,42.980778",45000,210,126
1763902601,2025-11-23T12:56:41Z,UNI131,"37.93544,42.98608",45000,458,133
1763902603,2025-11-23T12:56:43Z,UNI131,"37.932209,42.990639",45000,350,131
1763902606,2025-11-23T12:56:46Z,UNI131,"37.929325,42.994759",45000,444,131
1763902608,2025-11-23T12:56:48Z,UNI131,"37.92524,43.000278",45000,450,132
1763902611,2025-11-23T12:56:51Z,UNI131,"37.92128,43.005512",45000,457,133
1763902613,2025-11-23T12:56:53Z,UNI131,"37.91798,43.010063",45000,456,132
1763902615,2025-11-23T12:56:55Z,UNI131,"37.915131,43.012909",45000,270,141
1763902617,2025-11-23T12:56:57Z,UNI131,"37.911388,43.018932",45000,410,124
1763902619,2025-11-23T12:56:59Z,UNI131,"37.909119,43.022259",45000,280,130
1763902621,2025-11-23T12:57:01Z,UNI131,"37.906284,43.025745",45000,310,134
1763902624,2025-11-23T12:57:04Z,UNI131,"37.902664,43.030411",45000,200,111
1763902626,2025-11-23T12:57:06Z,UNI131,"37.900528,43.033539",45000,120,130
1763902629,2025-11-23T12:57:09Z,UNI131,"37.895802,43.037838",45000,280,151
1763902631,2025-11-23T12:57:11Z,UNI131,"37.891571,43.042931",45000,470,136
1763902633,2025-11-23T12:57:13Z,UNI131,"37.889339,43.049187",45000,463,121
1763902636,2025-11-23T12:57:16Z,UNI131,"37.887024,43.052475",45000,456,130
1763902638,2025-11-23T12:57:18Z,UNI131,"37.882908,43.057602",45000,150,147
1763902640,2025-11-23T12:57:20Z,UNI131,"37.879848,43.062294",45000,464,133
1763902643,2025-11-23T12:57:23Z,UNI131,"37.874569,43.067841",45000,390,148
1763902646,2025-11-23T12:57:26Z,UNI131,"37.871552,43.073742",45000,390,122
1763902648,2025-11-23T12:57:28Z,UNI131,"37.868206,43.078388",45000,454,132
1763902650,2025-11-23T12:57:30Z,UNI131,"37.864475,43.083527",45000,457,132
1763902652,2025-11-23T12:57:32Z,UNI131,"37.86145,43.087715",45000,470,132
1763902655,2025-11-23T12:57:35Z,UNI131,"37.858749,43.091457",45000,451,132
1763902657,2025-11-23T12:57:37Z,UNI131,"37.855259,43.096237",45000,468,132
1763902660,2025-11-23T12:57:40Z,UNI131,"37.852001,43.100803",45000,459,132
1763902662,2025-11-23T12:57:42Z,UNI131,"37.848869,43.105186",45000,458,132
1763902664,2025-11-23T12:57:44Z,UNI131,"37.847298,43.107262",45000,180,133
1763902667,2025-11-23T12:57:47Z,UNI131,"37.841404,43.115604",45000,464,132
1763902670,2025-11-23T12:57:50Z,UNI131,"37.838272,43.119778",45000,462,132
1763902672,2025-11-23T12:57:52Z,UNI131,"37.833012,43.127075",45000,461,132
1763902674,2025-11-23T12:57:54Z,UNI131,"37.831657,43.129158",45000,459,131
1763902688,2025-11-23T12:58:08Z,UNI131,"37.810799,43.157143",45000,320,126
1763902690,2025-11-23T12:58:10Z,UNI131,"37.808201,43.162243",45000,457,131
1763902692,2025-11-23T12:58:12Z,UNI131,"37.805191,43.16626",45000,461,132
1763902694,2025-11-23T12:58:14Z,UNI131,"37.802353,43.170166",45000,456,132
1763902697,2025-11-23T12:58:17Z,UNI131,"37.79924,43.174397",45000,459,132
1763902699,2025-11-23T12:58:19Z,UNI131,"37.794655,43.179134",45000,400,146
1763902702,2025-11-23T12:58:22Z,UNI131,"37.790741,43.185524",45000,350,137
1763902704,2025-11-23T12:58:24Z,UNI131,"37.788158,43.190372",45000,460,127
1763902706,2025-11-23T12:58:26Z,UNI131,"37.784992,43.193653",45000,462,133
1763902709,2025-11-23T12:58:29Z,UNI131,"37.781563,43.198044",45000,466,134
1763902711,2025-11-23T12:58:31Z,UNI131,"37.777729,43.203571",45000,457,132
1763902713,2025-11-23T12:58:33Z,UNI131,"37.775581,43.206509",45000,457,132
1763902715,2025-11-23T12:58:35Z,UNI131,"37.772175,43.211212",45000,460,132
1763902718,2025-11-23T12:58:38Z,UNI131,"37.767517,43.217743",45000,460,132
1763902720,2025-11-23T12:58:40Z,UNI131,"37.764763,43.221493",45000,459,132
1763902722,2025-11-23T12:58:42Z,UNI131,"37.762093,43.225292",45000,458,132
1763902725,2025-11-23T12:58:45Z,UNI131,"37.75798,43.230499",45000,380,147
1763902727,2025-11-23T12:58:47Z,UNI131,"37.755081,43.234795",45000,190,130
1763902731,2025-11-23T12:58:51Z,UNI131,"37.751022,43.241554",45000,440,124
1763902733,2025-11-23T12:58:53Z,UNI131,"37.746319,43.247459",45000,310,113
1763902736,2025-11-23T12:58:56Z,UNI131,"37.742306,43.253036",45000,500,128
1763902738,2025-11-23T12:58:58Z,UNI131,"37.739582,43.25547",45000,462,135
1763902740,2025-11-23T12:59:00Z,UNI131,"37.736763,43.25948",45000,462,133
1763902743,2025-11-23T12:59:03Z,UNI131,"37.733101,43.264603",45000,458,132
1763902745,2025-11-23T12:59:05Z,UNI131,"37.729153,43.269962",45000,462,132
1763902747,2025-11-23T12:59:07Z,UNI131,"37.726418,43.273758",45000,460,132
1763902749,2025-11-23T12:59:09Z,UNI131,"37.722038,43.279701",45000,459,132
1763902751,2025-11-23T12:59:11Z,UNI131,"37.720131,43.282326",45000,457,132
1763902754,2025-11-23T12:59:14Z,UNI131,"37.717308,43.286263",45000,459,132
1763902756,2025-11-23T12:59:16Z,UNI131,"37.713032,43.292282",45000,459,132
1763902759,2025-11-23T12:59:19Z,UNI131,"37.708626,43.298313",45000,461,132
1763902761,2025-11-23T12:59:21Z,UNI131,"37.705986,43.302025",45000,460,132
1763902763,2025-11-23T12:59:23Z,UNI131,"37.703068,43.306026",45000,457,132
1763902766,2025-11-23T12:59:26Z,UNI131,"37.700027,43.310238",45000,461,132
1763902797,2025-11-23T12:59:57Z,UNI131,"37.653976,43.372765",45000,461,132
1763902810,2025-11-23T13:00:10Z,UNI131,"37.636097,43.397278",45000,466,133
1763902812,2025-11-23T13:00:12Z,UNI131,"37.632641,43.40197",45000,461,132
1763902814,2025-11-23T13:00:14Z,UNI131,"37.628052,43.407906",45000,463,133
1763902817,2025-11-23T13:00:17Z,UNI131,"37.625275,43.411926",45000,410,130
1763902819,2025-11-23T13:00:19Z,UNI131,"37.622559,43.415871",45000,464,135
1763902821,2025-11-23T13:00:21Z,UNI131,"37.619099,43.419987",45000,467,136
1763902823,2025-11-23T13:00:23Z,UNI131,"37.615894,43.425121",45000,380,130
1763902826,2025-11-23T13:00:26Z,UNI131,"37.613556,43.428448",45000,467,132
1763902828,2025-11-23T13:00:28Z,UNI131,"37.610218,43.432983",45000,462,132
1763902830,2025-11-23T13:00:30Z,UNI131,"37.606419,43.438244",45000,459,132
1763902841,2025-11-23T13:00:41Z,UNI131,"37.591015,43.459885",45000,456,130
1763902844,2025-11-23T13:00:44Z,UNI131,"37.587769,43.464081",45000,458,131
1763902846,2025-11-23T13:00:46Z,UNI131,"37.583473,43.469635",45000,462,133
1763902849,2025-11-23T13:00:49Z,UNI131,"37.580338,43.473888",45000,461,133
1763902851,2025-11-23T13:00:51Z,UNI131,"37.576084,43.479633",45000,458,132
1763902853,2025-11-23T13:00:53Z,UNI131,"37.573093,43.483639",45000,459,133
1763902855,2025-11-23T13:00:55Z,UNI131,"37.570335,43.487362",45000,459,133
1763902858,2025-11-23T13:00:58Z,UNI131,"37.566956,43.492008",45000,458,132
1763902860,2025-11-23T13:01:00Z,UNI131,"37.564102,43.496037",45000,458,132
1763902863,2025-11-23T13:01:03Z,UNI131,"37.56049,43.500916",45000,462,132
1763902865,2025-11-23T13:01:05Z,UNI131,"37.556595,43.506176",45000,461,132
1763902868,2025-11-23T13:01:08Z,UNI131,"37.553482,43.510551",45000,460,132
1763902870,2025-11-23T13:01:10Z,UNI131,"37.549469,43.515972",45000,461,132
1763902872,2025-11-23T13:01:12Z,UNI131,"37.54668,43.51968",45000,462,133
1763902875,2025-11-23T13:01:15Z,UNI131,"37.542011,43.526054",45000,461,132
1763902907,2025-11-23T13:01:47Z,UNI131,"37.49612,43.588936",45000,460,132
1763902939,2025-11-23T13:02:19Z,UNI131,"37.450321,43.652718",45000,457,131
1763902972,2025-11-23T13:02:52Z,UNI131,"37.402676,43.718456",45000,461,131
1763903002,2025-11-23T13:03:22Z,UNI131,"37.358719,43.778606",45000,464,133
1763903004,2025-11-23T13:03:24Z,UNI131,"37.35667,43.782249",45000,456,131
1763903006,2025-11-23T13:03:26Z,UNI131,"37.353699,43.786697",45000,455,130
1763903009,2025-11-23T13:03:29Z,UNI131,"37.350166,43.790234",45000,469,133
1763903011,2025-11-23T13:03:31Z,UNI131,"37.346619,43.794716",45000,465,134
1763903013,2025-11-23T13:03:33Z,UNI131,"37.3428,43.799683",45000,460,134
1763903016,2025-11-23T13:03:36Z,UNI131,"37.340088,43.803806",45000,455,132
1763903018,2025-11-23T13:03:38Z,UNI131,"37.336365,43.808773",45000,458,132
1763903021,2025-11-23T13:03:41Z,UNI131,"37.331242,43.815453",45000,461,133
1763903023,2025-11-23T13:03:43Z,UNI131,"37.328686,43.818966",45000,463,132
1763903026,2025-11-23T13:03:46Z,UNI131,"37.325741,43.823479",45000,462,131
1763903028,2025-11-23T13:03:48Z,UNI131,"37.322765,43.827641",45000,460,131
1763903030,2025-11-23T13:03:50Z,UNI131,"37.318432,43.833603",45000,463,131
1763903032,2025-11-23T13:03:52Z,UNI131,"37.315693,43.83712",45000,464,132
1763903035,2025-11-23T13:03:55Z,UNI131,"37.312546,43.84132",45000,463,132
1763903037,2025-11-23T13:03:57Z,UNI131,"37.309498,43.846039",45000,462,131
1763903039,2025-11-23T13:03:59Z,UNI131,"37.306145,43.849945",45000,300,142
1763903041,2025-11-23T13:04:01Z,UNI131,"37.302784,43.85471",45000,350,132
1763903043,2025-11-23T13:04:03Z,UNI131,"37.299656,43.858326",45000,459,134
1763903045,2025-11-23T13:04:05Z,UNI131,"37.296673,43.862278",45000,462,133
1763903048,2025-11-23T13:04:08Z,UNI131,"37.293308,43.866764",45000,465,133
1763903050,2025-11-23T13:04:10Z,UNI131,"37.287941,43.872101",45000,476,137
1763903052,2025-11-23T13:04:12Z,UNI131,"37.286087,43.87479",45000,468,135
1763903054,2025-11-23T13:04:14Z,UNI131,"37.282925,43.880085",45000,458,132
1763903057,2025-11-23T13:04:17Z,UNI131,"37.279243,43.885201",45000,463,132
1763903059,2025-11-23T13:04:19Z,UNI131,"37.276253,43.889336",45000,462,132
1763903061,2025-11-23T13:04:21Z,UNI131,"37.272877,43.894127",45000,463,132
1763903063,2025-11-23T13:04:23Z,UNI131,"37.269287,43.898701",45000,459,132
1763903065,2025-11-23T13:04:25Z,UNI131,"37.266815,43.901588",45000,455,133
1763903068,2025-11-23T13:04:28Z,UNI131,"37.262264,43.906864",45000,350,138
1763903071,2025-11-23T13:04:31Z,UNI131,"37.257828,43.911217",45000,390,141
1763903073,2025-11-23T13:04:33Z,UNI131,"37.254517,43.914558",45000,270,140
1763903076,2025-11-23T13:04:36Z,UNI131,"37.250507,43.918713",45000,455,139
1763903078,2025-11-23T13:04:38Z,UNI131,"37.245934,43.922489",45000,240,135
1763903080,2025-11-23T13:04:40Z,UNI131,"37.241959,43.926128",45000,390,147
1763903082,2025-11-23T13:04:42Z,UNI131,"37.238789,43.928764",45000,260,154
1763903084,2025-11-23T13:04:44Z,UNI131,"37.233635,43.932621",45000,447,147
1763903086,2025-11-23T13:04:46Z,UNI131,"37.229866,43.935726",45000,463,147
1763903088,2025-11-23T13:04:48Z,UNI131,"37.22739,43.937664",45000,457,147
1763903091,2025-11-23T13:04:51Z,UNI131,"37.22303,43.941151",45000,449,147
1763903093,2025-11-23T13:04:53Z,UNI131,"37.218704,43.944542",45000,447,147
1763903095,2025-11-23T13:04:55Z,UNI131,"37.215439,43.946671",45000,448,148
1763903097,2025-11-23T13:04:57Z,UNI131,"37.20956,43.949833",45000,390,143
1763903100,2025-11-23T13:05:00Z,UNI131,"37.207085,43.951488",45000,260,159
1763903102,2025-11-23T13:05:02Z,UNI131,"37.202152,43.954506",45000,458,153
1763903104,2025-11-23T13:05:04Z,UNI131,"37.197849,43.956539",45000,90,176
1763903107,2025-11-23T13:05:07Z,UNI131,"37.193516,43.95969",45000,120,144
1763903111,2025-11-23T13:05:11Z,UNI131,"37.184017,43.964798",45000,410,157
1763903113,2025-11-23T13:05:13Z,UNI131,"37.180866,43.966854",45000,300,151
1763903115,2025-11-23T13:05:15Z,UNI131,"37.175591,43.969532",45000,449,155
1763903118,2025-11-23T13:05:18Z,UNI131,"37.172264,43.971684",45000,444,154
1763903120,2025-11-23T13:05:20Z,UNI131,"37.168137,43.974476",45000,441,153
1763903122,2025-11-23T13:05:22Z,UNI131,"37.164242,43.976387",45000,441,155
1763903124,2025-11-23T13:05:24Z,UNI131,"37.160042,43.978416",45000,447,156
1763903127,2025-11-23T13:05:27Z,UNI131,"37.155193,43.980701",45000,450,157
1763903129,2025-11-23T13:05:29Z,UNI131,"37.151299,43.982605",45000,453,157
1763903131,2025-11-23T13:05:31Z,UNI131,"37.146439,43.98497",45000,454,158
1763903133,2025-11-23T13:05:33Z,UNI131,"37.142487,43.986797",45000,456,158
1763903135,2025-11-23T13:05:35Z,UNI131,"37.137367,43.989136",45000,458,158
1763903138,2025-11-23T13:05:38Z,UNI131,"37.131557,43.991829",45000,454,159
1763903140,2025-11-23T13:05:40Z,UNI131,"37.128502,43.993179",45000,455,159
1763903142,2025-11-23T13:05:42Z,UNI131,"37.124786,43.99482",45000,453,159
1763903175,2025-11-23T13:06:15Z,UNI131,"37.059242,44.023827",45000,451,160
1763903207,2025-11-23T13:06:47Z,UNI131,"36.995895,44.052567",45000,452,160
1763903230,2025-11-23T13:07:10Z,UNI131,"36.950596,44.073399",45000,410,165
1763903233,2025-11-23T13:07:13Z,UNI131,"36.944359,44.077248",45000,330,152
1763903235,2025-11-23T13:07:15Z,UNI131,"36.94046,44.078598",45000,70,172
1763903238,2025-11-23T13:07:18Z,UNI131,"36.934727,44.080704",45000,260,155
1763903240,2025-11-23T13:07:20Z,UNI131,"36.93153,44.082935",45000,220,163
1763903242,2025-11-23T13:07:22Z,UNI131,"36.925484,44.085686",45000,457,159
1763903244,2025-11-23T13:07:24Z,UNI131,"36.922874,44.086884",45000,454,159
1763903247,2025-11-23T13:07:27Z,UNI131,"36.917198,44.089748",45000,451,158
1763903249,2025-11-23T13:07:29Z,UNI131,"36.913639,44.091351",45000,453,159
1763903251,2025-11-23T13:07:31Z,UNI131,"36.909779,44.093243",45000,452,158
1763903254,2025-11-23T13:07:34Z,UNI131,"36.905476,44.095161",45000,455,159
1763903257,2025-11-23T13:07:37Z,UNI131,"36.899704,44.097691",45000,455,159
1763903259,2025-11-23T13:07:39Z,UNI131,"36.893978,44.100067",45000,457,160
1763903261,2025-11-23T13:07:41Z,UNI131,"36.887806,44.102947",45000,455,160
1763903264,2025-11-23T13:07:44Z,UNI131,"36.885193,44.104321",45000,452,159
1763903266,2025-11-23T13:07:46Z,UNI131,"36.879089,44.107155",45000,450,159
1763903268,2025-11-23T13:07:48Z,UNI131,"36.87595,44.108517",45000,451,159
1763903271,2025-11-23T13:07:51Z,UNI131,"36.870373,44.110989",45000,456,160
1763903302,2025-11-23T13:08:22Z,UNI131,"36.808029,44.137928",45000,451,160
1763903334,2025-11-23T13:08:54Z,UNI131,"36.745182,44.165337",45000,456,160
1763903360,2025-11-23T13:09:20Z,UNI131,"36.694599,44.186852",45000,230,167
1763903362,2025-11-23T13:09:22Z,UNI131,"36.689575,44.188843",45000,459,163
1763903364,2025-11-23T13:09:24Z,UNI131,"36.685513,44.190392",45000,457,163
1763903367,2025-11-23T13:09:27Z,UNI131,"36.680458,44.192032",45000,270,169
1763903371,2025-11-23T13:09:31Z,UNI131,"36.671612,44.19577",45000,340,159
1763903373,2025-11-23T13:09:33Z,UNI131,"36.6679,44.196949",45000,463,165
1763903375,2025-11-23T13:09:35Z,UNI131,"36.663548,44.198982",45000,452,162
1763903377,2025-11-23T13:09:37Z,UNI131,"36.659752,44.200554",45000,448,162
1763903379,2025-11-23T13:09:39Z,UNI131,"36.655556,44.201862",45000,452,163
1763903381,2025-11-23T13:09:41Z,UNI131,"36.650673,44.203636",45000,456,163
1763903383,2025-11-23T13:09:43Z,UNI131,"36.646694,44.205143",45000,455,163
1763903385,2025-11-23T13:09:45Z,UNI131,"36.641319,44.207096",45000,380,163
1763903388,2025-11-23T13:09:48Z,UNI131,"36.63871,44.208382",45000,290,167
1763903390,2025-11-23T13:09:50Z,UNI131,"36.634628,44.209801",45000,260,161
1763903392,2025-11-23T13:09:52Z,UNI131,"36.630833,44.211788",45000,435,159
1763903394,2025-11-23T13:09:54Z,UNI131,"36.626984,44.213264",45000,444,161
1763903396,2025-11-23T13:09:56Z,UNI131,"36.62265,44.214607",45000,452,162
1763903398,2025-11-23T13:09:58Z,UNI131,"36.618435,44.216526",45000,452,161
1763903400,2025-11-23T13:10:00Z,UNI131,"36.613754,44.218529",45000,451,161
1763903402,2025-11-23T13:10:02Z,UNI131,"36.608234,44.220764",45000,454,161
1763903405,2025-11-23T13:10:05Z,UNI131,"36.604961,44.222141",45000,456,161
1763903407,2025-11-23T13:10:07Z,UNI131,"36.59951,44.224133",45000,459,162
1763903409,2025-11-23T13:10:09Z,UNI131,"36.596798,44.225445",45000,454,161
1763903411,2025-11-23T13:10:11Z,UNI131,"36.59132,44.227901",45000,449,160
1763903414,2025-11-23T13:10:14Z,UNI131,"36.587318,44.229565",45000,450,161
1763903416,2025-11-23T13:10:16Z,UNI131,"36.582993,44.231346",45000,452,161
1763903418,2025-11-23T13:10:18Z,UNI131,"36.578503,44.233311",45000,454,160
1763903448,2025-11-23T13:10:48Z,UNI131,"36.51965,44.259644",45000,456,160
1763903479,2025-11-23T13:11:19Z,UNI131,"36.456596,44.288647",45000,451,159
1763903511,2025-11-23T13:11:51Z,UNI131,"36.395668,44.317471",45000,456,159
1763903543,2025-11-23T13:12:23Z,UNI131,"36.332569,44.347374",45000,457,159
1763903575,2025-11-23T13:12:55Z,UNI131,"36.269997,44.377888",45000,459,158
1763903607,2025-11-23T13:13:27Z,UNI131,"36.204586,44.408524",45000,458,160
1763903639,2025-11-23T13:13:59Z,UNI131,"36.142925,44.436077",45000,459,160
1763903669,2025-11-23T13:14:29Z,UNI131,"36.082279,44.463135",45000,459,160
1763903696,2025-11-23T13:14:56Z,UNI131,"36.028648,44.487301",45000,150,167
1763903699,2025-11-23T13:14:59Z,UNI131,"36.021435,44.491455",45000,490,156
1763903702,2025-11-23T13:15:02Z,UNI131,"36.01535,44.494698",45000,435,153
1763903704,2025-11-23T13:15:04Z,UNI131,"36.011703,44.49662",45000,330,152
1763903707,2025-11-23T13:15:07Z,UNI131,"36.007816,44.498718",45000,478,154
1763903709,2025-11-23T13:15:09Z,UNI131,"36.003616,44.500801",45000,457,156
1763903711,2025-11-23T13:15:11Z,UNI131,"35.99934,44.50296",45000,461,157
1763903713,2025-11-23T13:15:13Z,UNI131,"35.995068,44.505379",45000,460,156
1763903715,2025-11-23T13:15:15Z,UNI131,"35.990311,44.50803",45000,461,155
1763903718,2025-11-23T13:15:18Z,UNI131,"35.985989,44.510357",45000,466,156
1763903720,2025-11-23T13:15:20Z,UNI131,"35.981682,44.512959",45000,466,155
1763903722,2025-11-23T13:15:22Z,UNI131,"35.977772,44.515278",45000,461,154
1763903724,2025-11-23T13:15:24Z,UNI131,"35.972801,44.518211",45000,462,154
1763903727,2025-11-23T13:15:27Z,UNI131,"35.968769,44.520767",45000,458,153
1763903729,2025-11-23T13:15:29Z,UNI131,"35.964405,44.523365",45000,464,153
1763903732,2025-11-23T13:15:32Z,UNI131,"35.959408,44.526493",45000,461,153
1763903734,2025-11-23T13:15:34Z,UNI131,"35.955242,44.529106",45000,461,153
1763903736,2025-11-23T13:15:36Z,UNI131,"35.951385,44.531559",45000,460,152
1763903767,2025-11-23T13:16:07Z,UNI131,"35.891533,44.565117",45000,454,158
1763903797,2025-11-23T13:16:37Z,UNI131,"35.829655,44.590721",45000,453,161
1763903830,2025-11-23T13:17:10Z,UNI131,"35.765423,44.618919",45000,458,160
1763903861,2025-11-23T13:17:41Z,UNI131,"35.698208,44.644951",45000,604,163
1763903894,2025-11-23T13:18:14Z,UNI131,"35.634544,44.661674",45000,100,168
1763903907,2025-11-23T13:18:27Z,UNI131,"35.608425,44.670322",45000,470,164
1763903909,2025-11-23T13:18:29Z,UNI131,"35.604012,44.671932",45000,446,163
1763903911,2025-11-23T13:18:31Z,UNI131,"35.599632,44.673466",45000,457,163
1763903913,2025-11-23T13:18:33Z,UNI131,"35.595406,44.675003",45000,452,163
1763903915,2025-11-23T13:18:35Z,UNI131,"35.591499,44.676163",45000,463,165
1763903917,2025-11-23T13:18:37Z,UNI131,"35.586414,44.678146",45000,466,163
1763903919,2025-11-23T13:18:39Z,UNI131,"35.582188,44.679932",45000,486,162
1763903922,2025-11-23T13:18:42Z,UNI131,"35.576988,44.682011",45000,498,162
1763903924,2025-11-23T13:18:44Z,UNI131,"35.572079,44.684002",45000,497,161
1763903926,2025-11-23T13:18:46Z,UNI131,"35.567898,44.685417",45000,120,171
1763903928,2025-11-23T13:18:48Z,UNI131,"35.564438,44.686508",45000,405,162
1763903930,2025-11-23T13:18:50Z,UNI131,"35.56057,44.687912",45000,423,163
1763903933,2025-11-23T13:18:53Z,UNI131,"35.556332,44.689472",45000,438,163
1763903935,2025-11-23T13:18:55Z,UNI131,"35.552002,44.691143",45000,454,162
1763903937,2025-11-23T13:18:57Z,UNI131,"35.547977,44.692722",45000,459,162
1763903939,2025-11-23T13:18:59Z,UNI131,"35.544128,44.694309",45000,449,161
1763903941,2025-11-23T13:19:01Z,UNI131,"35.538815,44.696434",45000,458,161
1763903943,2025-11-23T13:19:03Z,UNI131,"35.534008,44.698437",45000,458,161
1763903946,2025-11-23T13:19:06Z,UNI131,"35.529991,44.700039",45000,455,161
1763903948,2025-11-23T13:19:08Z,UNI131,"35.526073,44.701817",45000,454,160
1763903950,2025-11-23T13:19:10Z,UNI131,"35.522022,44.703545",45000,458,160
1763903952,2025-11-23T13:19:12Z,UNI131,"35.517155,44.705776",45000,230,162
1763903954,2025-11-23T13:19:14Z,UNI131,"35.512779,44.707577",45000,417,161
1763903956,2025-11-23T13:19:16Z,UNI131,"35.5089,44.709209",45000,435,161
1763903978,2025-11-23T13:19:38Z,UNI131,"35.465656,44.727276",45000,150,170
1763903980,2025-11-23T13:19:40Z,UNI131,"35.460838,44.729256",45000,498,161
1763903982,2025-11-23T13:19:42Z,UNI131,"35.454998,44.731739",45000,501,160
1763903984,2025-11-23T13:19:44Z,UNI131,"35.451061,44.73344",45000,499,160
1763903987,2025-11-23T13:19:47Z,UNI131,"35.446224,44.735577",45000,619,159
1763903989,2025-11-23T13:19:49Z,UNI131,"35.44239,44.737129",45000,420,158
1763903991,2025-11-23T13:19:51Z,UNI131,"35.438805,44.738609",45000,270,152
1763903993,2025-11-23T13:19:53Z,UNI131,"35.426586,44.74683",45000,318,149
1763903995,2025-11-23T13:19:55Z,UNI131,"35.430096,44.742191",45000,396,161
1763903998,2025-11-23T13:19:58Z,UNI131,"35.425526,44.74387",45000,422,162
1763904000,2025-11-23T13:20:00Z,UNI131,"35.421124,44.745808",45000,460,160
1763904002,2025-11-23T13:20:02Z,UNI131,"35.416878,44.747826",45000,472,159
1763904004,2025-11-23T13:20:04Z,UNI131,"35.412266,44.749729",45000,473,160
1763904006,2025-11-23T13:20:06Z,UNI131,"35.408546,44.751236",45000,473,161
1763904008,2025-11-23T13:20:08Z,UNI131,"35.403751,44.753178",45000,100,165
1763904010,2025-11-23T13:20:10Z,UNI131,"35.399815,44.754864",45000,486,160
1763904012,2025-11-23T13:20:12Z,UNI131,"35.396603,44.756138",45000,443,161
1763904014,2025-11-23T13:20:14Z,UNI131,"35.392315,44.757824",45000,460,161
1763904016,2025-11-23T13:20:16Z,UNI131,"35.38731,44.759865",45000,460,161
1763904018,2025-11-23T13:20:18Z,UNI131,"35.383236,44.761524",45000,458,161
1763904020,2025-11-23T13:20:20Z,UNI131,"35.379169,44.763229",45000,455,161
1763904023,2025-11-23T13:20:23Z,UNI131,"35.3745,44.76516",45000,459,161
1763904025,2025-11-23T13:20:25Z,UNI131,"35.370354,44.766792",45000,460,161
1763904027,2025-11-23T13:20:27Z,UNI131,"35.364433,44.769211",45000,458,161
1763904030,2025-11-23T13:20:30Z,UNI131,"35.36034,44.770893",45000,460,161
1763904032,2025-11-23T13:20:32Z,UNI131,"35.356373,44.772602",45000,447,160
1763904034,2025-11-23T13:20:34Z,UNI131,"35.351532,44.774605",45000,462,161
1763904036,2025-11-23T13:20:36Z,UNI131,"35.348164,44.776012",45000,454,161
1763904066,2025-11-23T13:21:06Z,UNI131,"35.286804,44.802639",45000,458,159
1763904098,2025-11-23T13:21:38Z,UNI131,"35.222748,44.828587",45000,460,161
1763904130,2025-11-23T13:22:10Z,UNI131,"35.157494,44.854511",45000,458,162
1763904161,2025-11-23T13:22:41Z,UNI131,"35.094791,44.876823",45000,456,164
1763904192,2025-11-23T13:23:12Z,UNI131,"35.030388,44.897564",45000,460,166
1763904223,2025-11-23T13:23:43Z,UNI131,"34.966206,44.912746",45000,459,169
1763904256,2025-11-23T13:24:16Z,UNI131,"34.900135,44.935242",45000,460,161
1763904288,2025-11-23T13:24:48Z,UNI131,"34.836071,44.963356",45000,460,161
1763904320,2025-11-23T13:25:20Z,UNI131,"34.770943,44.988266",45000,458,162
1763904335,2025-11-23T13:25:35Z,UNI131,"34.739635,44.999916",45000,455,162
1763904337,2025-11-23T13:25:37Z,UNI131,"34.734833,45.001728",45000,456,162
1763904339,2025-11-23T13:25:39Z,UNI131,"34.731438,45.002953",45000,455,163
1763904342,2025-11-23T13:25:42Z,UNI131,"34.726662,45.004726",45000,457,162
1763904345,2025-11-23T13:25:45Z,UNI131,"34.721024,45.006863",45000,460,162
1763904377,2025-11-23T13:26:17Z,UNI131,"34.656246,45.03154",45000,459,163
1763904409,2025-11-23T13:26:49Z,UNI131,"34.590633,45.055595",45000,459,162
1763904440,2025-11-23T13:27:20Z,UNI131,"34.527615,45.078705",45000,458,163
1763904472,2025-11-23T13:27:52Z,UNI131,"34.462818,45.102226",45000,458,162
1763904504,2025-11-23T13:28:24Z,UNI131,"34.397961,45.126251",45000,455,163
1763904535,2025-11-23T13:28:55Z,UNI131,"34.332928,45.15004",45000,462,162
1763904568,2025-11-23T13:29:28Z,UNI131,"34.266323,45.174088",45000,457,163
1763904599,2025-11-23T13:29:59Z,UNI131,"34.203308,45.19709",45000,459,163
1763904629,2025-11-23T13:30:29Z,UNI131,"34.142277,45.219112",45000,450,169
1763904631,2025-11-23T13:30:31Z,UNI131,"34.138069,45.220806",45000,457,163
1763904634,2025-11-23T13:30:34Z,UNI131,"34.132137,45.223049",45000,459,162
1763904637,2025-11-23T13:30:37Z,UNI131,"34.127769,45.22472",45000,462,162
1763904639,2025-11-23T13:30:39Z,UNI131,"34.122047,45.226711",45000,457,163
1763904641,2025-11-23T13:30:41Z,UNI131,"34.117737,45.228168",45000,454,163
1763904643,2025-11-23T13:30:43Z,UNI131,"34.113857,45.229473",45000,455,163
1763904646,2025-11-23T13:30:46Z,UNI131,"34.10915,45.231113",45000,457,163
1763904648,2025-11-23T13:30:48Z,UNI131,"34.103806,45.233109",45000,458,163
1763904650,2025-11-23T13:30:50Z,UNI131,"34.09774,45.235378",45000,460,163
1763904653,2025-11-23T13:30:53Z,UNI131,"34.095123,45.236294",45000,458,163
1763904655,2025-11-23T13:30:55Z,UNI131,"34.089764,45.238102",45000,457,163
1763904657,2025-11-23T13:30:57Z,UNI131,"34.085381,45.239674",45000,455,163
1763904688,2025-11-23T13:31:28Z,UNI131,"34.023823,45.262257",45000,457,163
1763904720,2025-11-23T13:32:00Z,UNI131,"33.959091,45.285854",45000,458,162
1763904751,2025-11-23T13:32:31Z,UNI131,"33.895058,45.308472",45000,457,163
1763904783,2025-11-23T13:33:03Z,UNI131,"33.829212,45.332363",45000,458,162
1763904817,2025-11-23T13:33:37Z,UNI131,"33.761963,45.35667",45000,458,162
1763904847,2025-11-23T13:34:07Z,UNI131,"33.699287,45.378746",45000,458,164
1763904878,2025-11-23T13:34:38Z,UNI131,"33.635441,45.401962",45000,457,162
1763904909,2025-11-23T13:35:09Z,UNI131,"33.572578,45.424561",45000,459,162
1763904942,2025-11-23T13:35:42Z,UNI131,"33.508404,45.447552",45000,456,163
1763904974,2025-11-23T13:36:14Z,UNI131,"33.443707,45.470516",45000,451,163
1763905005,2025-11-23T13:36:45Z,UNI131,"33.379517,45.493183",45000,450,163
1763905030,2025-11-23T13:37:10Z,UNI131,"33.318699,45.530033",45000,462,132
1763905034,2025-11-23T13:37:14Z,UNI131,"33.313507,45.526569",45000,220,207
1763905037,2025-11-23T13:37:17Z,UNI131,"33.309521,45.52747",45000,450,130
1763905039,2025-11-23T13:37:19Z,UNI131,"33.307106,45.525906",45000,50,119
1763905043,2025-11-23T13:37:23Z,UNI131,"33.298935,45.529114",45000,400,161
1763905050,2025-11-23T13:37:30Z,UNI131,"33.283875,45.532513",45000,330,178
1763905059,2025-11-23T13:37:39Z,UNI131,"33.270084,45.533726",45000,310,191
1763905063,2025-11-23T13:37:43Z,UNI131,"33.258175,45.543716",45000,370,158
1763905066,2025-11-23T13:37:46Z,UNI131,"33.251797,45.543266",45000,340,183
1763905070,2025-11-23T13:37:50Z,UNI131,"33.240307,45.552345",45000,980,145
1763905077,2025-11-23T13:37:57Z,UNI131,"33.229687,45.555698",45000,340,155
1763905082,2025-11-23T13:38:02Z,UNI131,"33.21785,45.557999",45000,440,170
1763905086,2025-11-23T13:38:06Z,UNI131,"33.203884,45.56905",45000,710,148
1763905094,2025-11-23T13:38:14Z,UNI131,"33.190968,45.568882",45000,320,180
1763905099,2025-11-23T13:38:19Z,UNI131,"33.1847,45.568169",45000,60,163
1763905103,2025-11-23T13:38:23Z,UNI131,"33.17421,45.574333",45000,610,153
1763905108,2025-11-23T13:38:28Z,UNI131,"33.165192,45.57711",45000,410,170
1763905112,2025-11-23T13:38:32Z,UNI131,"33.157494,45.579109",45000,350,167
1763905114,2025-11-23T13:38:34Z,UNI131,"33.153019,45.579655",45000,360,174
1763905116,2025-11-23T13:38:36Z,UNI131,"33.147301,45.585491",45000,290,145
1763905119,2025-11-23T13:38:39Z,UNI131,"33.140762,45.587681",45000,490,164
1763905121,2025-11-23T13:38:41Z,UNI131,"33.138378,45.587345",45000,190,186
1763905126,2025-11-23T13:38:46Z,UNI131,"33.123764,45.594788",45000,520,156
1763905131,2025-11-23T13:38:51Z,UNI131,"33.113544,45.600021",45000,540,147
1763905139,2025-11-23T13:38:59Z,UNI131,"33.101955,45.598961",45000,290,190
1763905142,2025-11-23T13:39:02Z,UNI131,"33.093697,45.603497",45000,560,155
1763905150,2025-11-23T13:39:10Z,UNI131,"33.077904,45.60873",45000,420,155
1763905156,2025-11-23T13:39:16Z,UNI131,"33.066441,45.613182",45000,430,161
1763905165,2025-11-23T13:39:25Z,UNI131,"33.052937,45.611599",45000,280,163
1763905167,2025-11-23T13:39:27Z,UNI131,"33.05022,45.612679",45000,140,160
1763905171,2025-11-23T13:39:31Z,UNI131,"33.03315,45.627872",45000,920,140
1763905174,2025-11-23T13:39:34Z,UNI131,"33.026905,45.631851",45000,450,132
1763905178,2025-11-23T13:39:38Z,UNI131,"33.021477,45.633636",45000,270,173
1763905182,2025-11-23T13:39:42Z,UNI131,"33.014782,45.636772",45000,410,150
1763905184,2025-11-23T13:39:44Z,UNI131,"33.011875,45.639011",45000,190,150
1763905186,2025-11-23T13:39:46Z,UNI131,"33.005619,45.643494",45000,120,149
1763905202,2025-11-23T13:40:02Z,UNI131,"32.975002,45.667942",45000,470,146
1763905215,2025-11-23T13:40:15Z,UNI131,"32.959339,45.676487",45000,280,155
1763905217,2025-11-23T13:40:17Z,UNI131,"32.950333,45.686607",45000,870,136
1763905223,2025-11-23T13:40:23Z,UNI131,"32.943367,45.691673",45000,330,143
1763905228,2025-11-23T13:40:28Z,UNI131,"32.936245,45.696892",45000,280,148
1763905234,2025-11-23T13:40:34Z,UNI131,"32.927799,45.704578",45000,466,142
1763905237,2025-11-23T13:40:37Z,UNI131,"32.920586,45.710766",45000,467,143
1763905242,2025-11-23T13:40:42Z,UNI131,"32.903404,45.730003",45000,900,136
1763905247,2025-11-23T13:40:47Z,UNI131,"32.895306,45.737831",45000,390,140
1763905254,2025-11-23T13:40:54Z,UNI131,"32.888435,45.742279",45000,270,141
1763905258,2025-11-23T13:40:58Z,UNI131,"32.87735,45.754089",45000,790,138
1763905261,2025-11-23T13:41:01Z,UNI131,"32.873333,45.756413",45000,570,135
1763905267,2025-11-23T13:41:07Z,UNI131,"32.864243,45.764545",45000,370,142
1763905275,2025-11-23T13:41:15Z,UNI131,"32.856632,45.768776",45000,220,154
1763905318,2025-11-23T13:41:58Z,UNI131,"32.781647,45.835041",45000,460,143
1763905362,2025-11-23T13:42:42Z,UNI131,"32.69442,45.915264",45000,480,142
1763905398,2025-11-23T13:43:18Z,UNI131,"32.640663,45.95882",45000,710,140
1763905405,2025-11-23T13:43:25Z,UNI131,"32.640259,45.955643",45000,260,145
1763905419,2025-11-23T13:43:39Z,UNI131,"32.59967,45.997051",45000,810,138
1763905542,2025-11-23T13:45:42Z,UNI131,"32.391548,46.176353",45000,450,143
1763905571,2025-11-23T13:46:11Z,UNI131,"32.341881,46.220089",45000,270,127
1763905575,2025-11-23T13:46:15Z,UNI131,"32.334793,46.225231",45000,460,148
1763905580,2025-11-23T13:46:20Z,UNI131,"32.325134,46.233383",45000,440,144
1763905583,2025-11-23T13:46:23Z,UNI131,"32.320122,46.237331",45000,360,146
1763905585,2025-11-23T13:46:25Z,UNI131,"32.316555,46.240845",45000,474,142
1763905590,2025-11-23T13:46:30Z,UNI131,"32.308544,46.247372",45000,461,144
1763905593,2025-11-23T13:46:33Z,UNI131,"32.303574,46.251659",45000,464,144
1763905596,2025-11-23T13:46:36Z,UNI131,"32.298775,46.260574",45000,560,119
1763905598,2025-11-23T13:46:38Z,UNI131,"32.293961,46.260086",45000,140,149
1763905602,2025-11-23T13:46:42Z,UNI131,"32.287209,46.266064",45000,465,142
1763905605,2025-11-23T13:46:45Z,UNI131,"32.281887,46.270672",45000,467,142
1763905608,2025-11-23T13:46:48Z,UNI131,"32.277458,46.274479",45000,466,143
1763905610,2025-11-23T13:46:50Z,UNI131,"32.274258,46.277275",45000,466,143
1763905612,2025-11-23T13:46:52Z,UNI131,"32.26981,46.281242",45000,468,143
1763905614,2025-11-23T13:46:54Z,UNI131,"32.265095,46.285305",45000,469,143
1763905616,2025-11-23T13:46:56Z,UNI131,"32.262745,46.287235",45000,468,143
1763905620,2025-11-23T13:47:00Z,UNI131,"32.256359,46.292816",45000,469,143
1763905627,2025-11-23T13:47:07Z,UNI131,"32.245312,46.302246",45000,370,143
1763905629,2025-11-23T13:47:09Z,UNI131,"32.240852,46.306553",45000,260,132
1763905636,2025-11-23T13:47:16Z,UNI131,"32.230988,46.317146",45000,390,137
1763905639,2025-11-23T13:47:19Z,UNI131,"32.222343,46.321999",45000,480,154
1763905645,2025-11-23T13:47:25Z,UNI131,"32.212399,46.331005",45000,472,142
1763905648,2025-11-23T13:47:28Z,UNI131,"32.207008,46.337948",45000,380,128
1763905652,2025-11-23T13:47:32Z,UNI131,"32.201702,46.340225",45000,432,160
1763905654,2025-11-23T13:47:34Z,UNI131,"32.195816,46.347599",45000,490,145
1763905656,2025-11-23T13:47:36Z,UNI131,"32.192516,46.348305",45000,260,169
1763905660,2025-11-23T13:47:40Z,UNI131,"32.187397,46.355137",45000,410,128
1763905664,2025-11-23T13:47:44Z,UNI131,"32.180187,46.358791",45000,370,156
1763905666,2025-11-23T13:47:46Z,UNI131,"32.17659,46.364235",45000,400,106
1763905670,2025-11-23T13:47:50Z,UNI131,"32.168186,46.37154",45000,490,143
1763905672,2025-11-23T13:47:52Z,UNI131,"32.164551,46.372528",45000,280,166
1763905675,2025-11-23T13:47:55Z,UNI131,"32.160637,46.375526",45000,300,146
1763905678,2025-11-23T13:47:58Z,UNI131,"32.153713,46.381424",45000,420,144
1763905682,2025-11-23T13:48:02Z,UNI131,"32.149521,46.385582",45000,160,131
1763905686,2025-11-23T13:48:06Z,UNI131,"32.143253,46.390881",45000,400,144
1763905688,2025-11-23T13:48:08Z,UNI131,"32.138226,46.39537",45000,140,143
1763905691,2025-11-23T13:48:11Z,UNI131,"32.133575,46.403923",45000,460,122
1763905693,2025-11-23T13:48:13Z,UNI131,"32.128479,46.403461",45000,70,126
1763905696,2025-11-23T13:48:16Z,UNI131,"32.123329,46.407974",45000,464,147
1763905699,2025-11-23T13:48:19Z,UNI131,"32.117432,46.413059",45000,330,162
1763905702,2025-11-23T13:48:22Z,UNI131,"32.114479,46.418499",45000,440,104
1763905705,2025-11-23T13:48:25Z,UNI131,"32.108585,46.420517",45000,330,163
1763905709,2025-11-23T13:48:29Z,UNI131,"32.101357,46.426685",45000,430,144
1763905711,2025-11-23T13:48:31Z,UNI131,"32.098179,46.430134",45000,230,135
1763905716,2025-11-23T13:48:36Z,UNI131,"32.088951,46.439903",45000,280,146
1763905719,2025-11-23T13:48:39Z,UNI131,"32.08469,46.444286",45000,280,162
1763905721,2025-11-23T13:48:41Z,UNI131,"32.081055,46.447418",45000,477,142
1763905724,2025-11-23T13:48:44Z,UNI131,"32.075321,46.450436",45000,488,131
1763905729,2025-11-23T13:48:49Z,UNI131,"32.066078,46.459785",45000,510,134
1763905733,2025-11-23T13:48:53Z,UNI131,"32.059933,46.462761",45000,320,144
1763905735,2025-11-23T13:48:55Z,UNI131,"32.055378,46.46653",45000,390,144
1763905741,2025-11-23T13:49:01Z,UNI131,"32.044708,46.476147",45000,492,142
1763905743,2025-11-23T13:49:03Z,UNI131,"32.040165,46.479084",45000,380,151
1763905748,2025-11-23T13:49:08Z,UNI131,"32.030956,46.487675",45000,470,146
1763905751,2025-11-23T13:49:11Z,UNI131,"32.026562,46.491524",45000,580,208
1763905758,2025-11-23T13:49:18Z,UNI131,"32.005688,46.472553",45000,830,221
1763905760,2025-11-23T13:49:20Z,UNI131,"31.995405,46.483097",45000,830,223
1763905769,2025-11-23T13:49:29Z,UNI131,"31.996521,46.518215",45000,457,145
1763905771,2025-11-23T13:49:31Z,UNI131,"31.992302,46.521355",45000,370,147
1763905773,2025-11-23T13:49:33Z,UNI131,"31.989544,46.524078",45000,250,139
1763905775,2025-11-23T13:49:35Z,UNI131,"31.986906,46.526291",45000,250,144
1763905778,2025-11-23T13:49:38Z,UNI131,"31.982309,46.53104",45000,310,145
1763905780,2025-11-23T13:49:40Z,UNI131,"31.977282,46.534775",45000,400,147
1763905784,2025-11-23T13:49:44Z,UNI131,"31.970152,46.540379",45000,510,144
1763905787,2025-11-23T13:49:47Z,UNI131,"31.964384,46.545494",45000,463,145
1763905790,2025-11-23T13:49:50Z,UNI131,"31.96096,46.548561",45000,10,141
1763905793,2025-11-23T13:49:53Z,UNI131,"31.955956,46.552509",45000,467,146
1763905795,2025-11-23T13:49:55Z,UNI131,"31.949245,46.557285",45000,660,152
1763905797,2025-11-23T13:49:57Z,UNI131,"31.9466,46.559799",45000,160,132
1763905800,2025-11-23T13:50:00Z,UNI131,"31.944191,46.568314",45000,500,108
1763905806,2025-11-23T13:50:06Z,UNI131,"31.933844,46.571178",45000,50,137
1763905811,2025-11-23T13:50:11Z,UNI131,"31.921286,46.581997",45000,470,143
1763905815,2025-11-23T13:50:15Z,UNI131,"31.917645,46.586304",45000,320,134
1763905819,2025-11-23T13:50:19Z,UNI131,"31.895926,46.602947",45000,340,128
1763905823,2025-11-23T13:50:23Z,UNI131,"31.899843,46.600021",45000,400,145
1763905825,2025-11-23T13:50:25Z,UNI131,"31.895416,46.602779",45000,666,152
1763905828,2025-11-23T13:50:28Z,UNI131,"31.893606,46.605862",45000,180,118
1763905832,2025-11-23T13:50:32Z,UNI131,"31.888321,46.610989",45000,310,140
1763905834,2025-11-23T13:50:34Z,UNI131,"31.883018,46.615688",45000,520,142
1763905838,2025-11-23T13:50:38Z,UNI131,"31.876072,46.620686",45000,430,149
1763905840,2025-11-23T13:50:40Z,UNI131,"31.872814,46.623989",45000,172,102
1763905848,2025-11-23T13:50:48Z,UNI131,"31.857998,46.63921",45000,380,95
1763905853,2025-11-23T13:50:53Z,UNI131,"31.846146,46.6451",45000,190,155
1763905859,2025-11-23T13:50:59Z,UNI131,"31.839634,46.652657",45000,330,136
1763905872,2025-11-23T13:51:12Z,UNI131,"31.816267,46.673077",45000,468,140
1763905874,2025-11-23T13:51:14Z,UNI131,"31.812717,46.679348",45000,561,142
1763905876,2025-11-23T13:51:16Z,UNI131,"31.823404,46.673306",45000,561,236
1763905891,2025-11-23T13:51:31Z,UNI131,"31.782534,46.701611",45000,482,145
1763905895,2025-11-23T13:51:35Z,UNI131,"31.776831,46.706692",45000,300,126
1763905916,2025-11-23T13:51:56Z,UNI131,"31.736807,46.740116",45000,470,144
1763905919,2025-11-23T13:51:59Z,UNI131,"31.732485,46.744156",45000,469,141
1763905921,2025-11-23T13:52:01Z,UNI131,"31.728979,46.747307",45000,470,142
1763905925,2025-11-23T13:52:05Z,UNI131,"31.723669,46.751827",45000,473,143
1763905958,2025-11-23T13:52:38Z,UNI131,"31.665243,46.801418",45000,370,145
1763905966,2025-11-23T13:52:46Z,UNI131,"31.650785,46.814045",45000,90,132
1763905970,2025-11-23T13:52:50Z,UNI131,"31.644213,46.819706",45000,150,119
1763905975,2025-11-23T13:52:55Z,UNI131,"31.635216,46.827621",45000,430,143
1763905978,2025-11-23T13:52:58Z,UNI131,"31.629879,46.83152",45000,459,256
1763905980,2025-11-23T13:53:00Z,UNI131,"31.62628,46.834965",45000,470,142
1763905989,2025-11-23T13:53:09Z,UNI131,"31.607424,46.849766",45000,500,146
1763905993,2025-11-23T13:53:13Z,UNI131,"31.601355,46.855606",45000,330,136
1763905999,2025-11-23T13:53:19Z,UNI131,"31.591896,46.864067",45000,410,143
1763906001,2025-11-23T13:53:21Z,UNI131,"31.587519,46.867741",45000,280,136
1763906005,2025-11-23T13:53:25Z,UNI131,"31.580553,46.873451",45000,390,147
1763906010,2025-11-23T13:53:30Z,UNI131,"31.5718,46.880955",45000,467,145
1763906014,2025-11-23T13:53:34Z,UNI131,"31.570627,46.89632",45000,469,83
1763906022,2025-11-23T13:53:42Z,UNI131,"31.549385,46.899693",45000,370,141
1763906026,2025-11-23T13:53:46Z,UNI131,"31.542376,46.905869",45000,390,142
1763906031,2025-11-23T13:53:51Z,UNI131,"31.535393,46.911934",45000,320,144
1763906038,2025-11-23T13:53:58Z,UNI131,"31.522226,46.923264",45000,480,142
1763906045,2025-11-23T13:54:05Z,UNI131,"31.505333,46.934895",45000,561,149
1763906049,2025-11-23T13:54:09Z,UNI131,"31.50326,46.939518",45000,240,117
1763906052,2025-11-23T13:54:12Z,UNI131,"31.501722,46.946861",45000,290,67
1763906074,2025-11-23T13:54:34Z,UNI131,"31.458632,46.977509",45000,473,144
1763906083,2025-11-23T13:54:43Z,UNI131,"31.444363,46.989281",45000,473,144
1763906114,2025-11-23T13:55:14Z,UNI131,"31.388023,47.037441",45000,471,144
1763906118,2025-11-23T13:55:18Z,UNI131,"31.381344,47.042404",45000,529,149
1763906120,2025-11-23T13:55:20Z,UNI131,"31.376509,47.04649",45000,491,145
1763906125,2025-11-23T13:55:25Z,UNI131,"31.369785,47.052666",45000,320,140
1763906134,2025-11-23T13:55:34Z,UNI131,"31.349419,47.068604",45000,510,146
1763906136,2025-11-23T13:55:36Z,UNI131,"31.345509,47.070789",45000,320,167
1763906140,2025-11-23T13:55:40Z,UNI131,"31.337902,47.078068",45000,644,151
1763906145,2025-11-23T13:55:45Z,UNI131,"31.333151,47.083302",45000,456,134
1763906147,2025-11-23T13:55:47Z,UNI131,"31.326014,47.087467",45000,902,160
1763906149,2025-11-23T13:55:49Z,UNI131,"31.326189,47.089828",45000,90,115
1763906153,2025-11-23T13:55:53Z,UNI131,"31.317438,47.097073",45000,500,140
1763906158,2025-11-23T13:55:58Z,UNI131,"31.309837,47.102779",45000,460,149
1763906161,2025-11-23T13:56:01Z,UNI131,"31.303244,47.108959",45000,430,141
1763906164,2025-11-23T13:56:04Z,UNI131,"31.296291,47.11351",45000,555,150
1763906167,2025-11-23T13:56:07Z,UNI131,"31.295141,47.116322",45000,110,139
1763906171,2025-11-23T13:56:11Z,UNI131,"31.289099,47.121124",45000,210,144
1763906173,2025-11-23T13:56:13Z,UNI131,"31.282209,47.127064",45000,466,142
1763906180,2025-11-23T13:56:20Z,UNI131,"31.272247,47.135124",45000,420,145
1763906182,2025-11-23T13:56:22Z,UNI131,"31.26705,47.139545",45000,400,143
1763906186,2025-11-23T13:56:26Z,UNI131,"31.260948,47.145176",45000,410,141
1763906189,2025-11-23T13:56:29Z,UNI131,"31.253115,47.151207",45000,541,131
1763906194,2025-11-23T13:56:34Z,UNI131,"31.246561,47.156704",45000,310,147
1763906202,2025-11-23T13:56:42Z,UNI131,"31.23188,47.168545",45000,450,145
1763906205,2025-11-23T13:56:45Z,UNI131,"31.226688,47.173203",45000,430,142
1763906207,2025-11-23T13:56:47Z,UNI131,"31.222939,47.176311",45000,350,144
1763906214,2025-11-23T13:56:54Z,UNI131,"31.211226,47.186615",45000,472,143
1763906222,2025-11-23T13:57:02Z,UNI131,"31.196486,47.199238",45000,420,150
1763906225,2025-11-23T13:57:05Z,UNI131,"31.191217,47.203022",45000,400,148
1763906227,2025-11-23T13:57:07Z,UNI131,"31.187469,47.206665",45000,390,152
1763906230,2025-11-23T13:57:10Z,UNI131,"31.183056,47.2108",45000,486,141
1763906233,2025-11-23T13:57:13Z,UNI131,"31.176786,47.216404",45000,540,142
1763906236,2025-11-23T13:57:16Z,UNI131,"31.1695,47.22057",45000,420,153
1763906239,2025-11-23T13:57:19Z,UNI131,"31.166796,47.224815",45000,240,126
1763906245,2025-11-23T13:57:25Z,UNI131,"31.154642,47.234394",45000,474,143
1763906250,2025-11-23T13:57:30Z,UNI131,"31.148111,47.240421",45000,440,141
1763906261,2025-11-23T13:57:41Z,UNI131,"31.127249,47.258179",45000,470,143
1763906264,2025-11-23T13:57:44Z,UNI131,"31.120853,47.264225",45000,443,141
1763906269,2025-11-23T13:57:49Z,UNI131,"31.113592,47.268848",45000,350,151
1763906337,2025-11-23T13:58:57Z,UNI131,"30.99065,47.370846",45000,470,144
1763906345,2025-11-23T13:59:05Z,UNI131,"30.976969,47.38253",45000,490,149
1763906349,2025-11-23T13:59:09Z,UNI131,"30.970877,47.388145",45000,434,142
1763906351,2025-11-23T13:59:11Z,UNI131,"30.967016,47.392128",45000,410,138
1763906353,2025-11-23T13:59:13Z,UNI131,"30.964741,47.394001",45000,472,143
1763906355,2025-11-23T13:59:15Z,UNI131,"30.959772,47.397644",45000,473,146
1763906358,2025-11-23T13:59:18Z,UNI131,"30.9562,47.400604",45000,473,145
1763906360,2025-11-23T13:59:20Z,UNI131,"30.952549,47.403763",45000,474,144
1763906363,2025-11-23T13:59:23Z,UNI131,"30.946983,47.408466",45000,475,144
1763906367,2025-11-23T13:59:27Z,UNI131,"30.941122,47.413456",45000,474,144
1763906369,2025-11-23T13:59:29Z,UNI131,"30.935104,47.418591",45000,474,143
1763906371,2025-11-23T13:59:31Z,UNI131,"30.931318,47.421745",45000,474,144
1763906373,2025-11-23T13:59:33Z,UNI131,"30.927301,47.425121",45000,474,144
1763906376,2025-11-23T13:59:36Z,UNI131,"30.921696,47.429932",45000,475,143
1763906379,2025-11-23T13:59:39Z,UNI131,"30.91971,47.431644",45000,476,143
1763906413,2025-11-23T14:00:13Z,UNI131,"30.855583,47.482929",45000,469,143
1763906445,2025-11-23T14:00:45Z,UNI131,"30.798965,47.535709",45000,480,140
1763906456,2025-11-23T14:00:56Z,UNI131,"30.784163,47.555294",45000,260,118
1763906458,2025-11-23T14:00:58Z,UNI131,"30.780907,47.558453",45000,471,140
1763906461,2025-11-23T14:01:01Z,UNI131,"30.777697,47.561954",45000,220,116
1763906464,2025-11-23T14:01:04Z,UNI131,"30.771748,47.568089",45000,478,138
1763906467,2025-11-23T14:01:07Z,UNI131,"30.76638,47.574306",45000,400,134
1763906470,2025-11-23T14:01:10Z,UNI131,"30.761591,47.579437",45000,501,139
1763906473,2025-11-23T14:01:13Z,UNI131,"30.758265,47.582848",45000,484,137
1763906475,2025-11-23T14:01:15Z,UNI131,"30.753281,47.587135",45000,430,143
1763906477,2025-11-23T14:01:17Z,UNI131,"30.749964,47.590611",45000,481,139
1763906479,2025-11-23T14:01:19Z,UNI131,"30.746645,47.593891",45000,476,139
1763906482,2025-11-23T14:01:22Z,UNI131,"30.743649,47.597904",45000,485,135
1763906484,2025-11-23T14:01:24Z,UNI131,"30.739706,47.601715",45000,475,137
1763906488,2025-11-23T14:01:28Z,UNI131,"30.734205,47.609119",45000,200,119
1763906490,2025-11-23T14:01:30Z,UNI131,"30.725224,47.61359",45000,480,130
1763906493,2025-11-23T14:01:33Z,UNI131,"30.724855,47.61956",45000,300,120
1763906495,2025-11-23T14:01:35Z,UNI131,"30.721928,47.620766",45000,230,160
1763906497,2025-11-23T14:01:37Z,UNI131,"30.718388,47.626144",45000,280,112
1763906499,2025-11-23T14:01:39Z,UNI131,"30.714531,47.629074",45000,350,146
1763906501,2025-11-23T14:01:41Z,UNI131,"30.712166,47.632965",45000,180,143
1763906504,2025-11-23T14:01:44Z,UNI131,"30.702679,47.636147",45000,700,163
1763906509,2025-11-23T14:01:49Z,UNI131,"30.699066,47.647003",45000,150,135
1763906512,2025-11-23T14:01:52Z,UNI131,"30.693966,47.652546",45000,160,140
1763906514,2025-11-23T14:01:54Z,UNI131,"30.69067,47.653904",45000,290,137
1763906520,2025-11-23T14:02:00Z,UNI131,"30.682056,47.664825",45000,610,24
1763906524,2025-11-23T14:02:04Z,UNI131,"30.674339,47.672733",45000,280,138
1763906548,2025-11-23T14:02:28Z,UNI131,"30.631603,47.711658",45000,470,141
1763906571,2025-11-23T14:02:51Z,UNI131,"30.596861,47.752514",45000,280,139
1763906574,2025-11-23T14:02:54Z,UNI131,"30.59338,47.756523",45000,478,135
1763906576,2025-11-23T14:02:56Z,UNI131,"30.588409,47.761589",45000,460,138
1763906580,2025-11-23T14:03:00Z,UNI131,"30.580603,47.765816",45000,370,154
1763906590,2025-11-23T14:03:10Z,UNI131,"30.567184,47.783848",45000,430,130
1763906592,2025-11-23T14:03:12Z,UNI131,"30.562557,47.788311",45000,390,109
1763906595,2025-11-23T14:03:15Z,UNI131,"30.55867,47.792313",45000,464,138
1763906598,2025-11-23T14:03:18Z,UNI131,"30.555029,47.795876",45000,140,141
1763906601,2025-11-23T14:03:21Z,UNI131,"30.547533,47.797714",45000,270,243
1763906604,2025-11-23T14:03:24Z,UNI131,"30.543545,47.801693",45000,260,232
1763906610,2025-11-23T14:03:30Z,UNI131,"30.533987,47.816998",45000,280,112
1763906612,2025-11-23T14:03:32Z,UNI131,"30.529335,47.821556",45000,320,140
1763906615,2025-11-23T14:03:35Z,UNI131,"30.52496,47.826653",45000,478,134
1763906618,2025-11-23T14:03:38Z,UNI131,"30.521606,47.830051",45000,210,148
1763906620,2025-11-23T14:03:40Z,UNI131,"30.518394,47.834969",45000,320,112
1763906622,2025-11-23T14:03:42Z,UNI131,"30.51388,47.838615",45000,360,145
1763906626,2025-11-23T14:03:46Z,UNI131,"30.499943,47.845257",45000,450,176
1763906629,2025-11-23T14:03:49Z,UNI131,"30.502811,47.850739",45000,250,130
1763906631,2025-11-23T14:03:51Z,UNI131,"30.493879,47.852493",45000,950,174
1763906634,2025-11-23T14:03:54Z,UNI131,"30.490311,47.856861",45000,485,134
1763906636,2025-11-23T14:03:56Z,UNI131,"30.483814,47.862732",45000,488,138
1763906640,2025-11-23T14:04:00Z,UNI131,"30.479431,47.867271",45000,482,138
1763906642,2025-11-23T14:04:02Z,UNI131,"30.475904,47.872047",45000,462,134
1763906644,2025-11-23T14:04:04Z,UNI131,"30.472343,47.875767",45000,466,135
1763906647,2025-11-23T14:04:07Z,UNI131,"30.468523,47.879593",45000,469,137
1763906649,2025-11-23T14:04:09Z,UNI131,"30.464291,47.883942",45000,468,137
1763906651,2025-11-23T14:04:11Z,UNI131,"30.461414,47.886765",45000,473,138
1763906654,2025-11-23T14:04:14Z,UNI131,"30.456045,47.892593",45000,470,137
1763906658,2025-11-23T14:04:18Z,UNI131,"30.452085,47.89735",45000,461,135
1763906662,2025-11-23T14:04:22Z,UNI131,"30.44511,47.905296",45000,466,135
1763906665,2025-11-23T14:04:25Z,UNI131,"30.439739,47.910831",45000,471,137
1763906668,2025-11-23T14:04:28Z,UNI131,"30.436262,47.914459",45000,469,137
1763906670,2025-11-23T14:04:30Z,UNI131,"30.431416,47.919563",45000,469,137
1763906673,2025-11-23T14:04:33Z,UNI131,"30.428314,47.922989",45000,467,136
1763906675,2025-11-23T14:04:35Z,UNI131,"30.426018,47.929001",45000,360,113
1763906677,2025-11-23T14:04:37Z,UNI131,"30.41939,47.931843",45000,630,171
1763906680,2025-11-23T14:04:40Z,UNI131,"30.416931,47.935013",45000,479,131
1763906682,2025-11-23T14:04:42Z,UNI131,"30.415556,47.940186",45000,10,106
1763906685,2025-11-23T14:04:45Z,UNI131,"30.40888,47.946999",45000,480,118
1763906687,2025-11-23T14:04:47Z,UNI131,"30.406393,47.950016",45000,499,133
1763906691,2025-11-23T14:04:51Z,UNI131,"30.401821,47.957546",45000,390,125
1763906695,2025-11-23T14:04:55Z,UNI131,"30.394272,47.961906",45000,160,149
1763906698,2025-11-23T14:04:58Z,UNI131,"30.390005,47.967133",45000,489,135
1763906700,2025-11-23T14:05:00Z,UNI131,"30.384617,47.97216",45000,472,139
1763906703,2025-11-23T14:05:03Z,UNI131,"30.381334,47.975517",45000,473,139
1763906706,2025-11-23T14:05:06Z,UNI131,"30.375776,47.98127",45000,477,138
1763906709,2025-11-23T14:05:09Z,UNI131,"30.371235,47.986019",45000,479,138
1763906711,2025-11-23T14:05:11Z,UNI131,"30.366306,47.991032",45000,479,138
1763906714,2025-11-23T14:05:14Z,UNI131,"30.362648,47.994789",45000,370,137
1763906723,2025-11-23T14:05:23Z,UNI131,"30.344852,48.010017",45000,490,144
1763906726,2025-11-23T14:05:26Z,UNI131,"30.341728,48.013382",45000,487,135
1763906729,2025-11-23T14:05:29Z,UNI131,"30.334641,48.020927",45000,477,137
1763906731,2025-11-23T14:05:31Z,UNI131,"30.331652,48.023975",45000,476,137
1763906734,2025-11-23T14:05:34Z,UNI131,"30.325954,48.029961",45000,476,137
1763906738,2025-11-23T14:05:38Z,UNI131,"30.321583,48.034309",45000,474,138
1763906740,2025-11-23T14:05:40Z,UNI131,"30.318586,48.037495",45000,476,137
1763906743,2025-11-23T14:05:43Z,UNI131,"30.313858,48.042545",45000,475,137
1763906748,2025-11-23T14:05:48Z,UNI131,"30.306246,48.050587",45000,473,137
1763906751,2025-11-23T14:05:51Z,UNI131,"30.29921,48.058159",45000,475,137
1763906780,2025-11-23T14:06:20Z,UNI131,"30.253872,48.106743",45000,350,126
1763906782,2025-11-23T14:06:22Z,UNI131,"30.248915,48.110016",45000,440,150
1763906787,2025-11-23T14:06:27Z,UNI131,"30.240744,48.118267",45000,400,138
1763906792,2025-11-23T14:06:32Z,UNI131,"30.23369,48.125065",45000,370,140
1763906797,2025-11-23T14:06:37Z,UNI131,"30.224312,48.136612",45000,520,133
1763906799,2025-11-23T14:06:39Z,UNI131,"30.22122,48.140488",45000,330,132
1763906801,2025-11-23T14:06:41Z,UNI131,"30.216146,48.143612",45000,380,151
1763906807,2025-11-23T14:06:47Z,UNI131,"30.208288,48.154072",45000,410,130
1763906811,2025-11-23T14:06:51Z,UNI131,"30.201708,48.160698",45000,360,138
1763906817,2025-11-23T14:06:57Z,UNI131,"30.192219,48.170929",45000,430,136
1763906820,2025-11-23T14:07:00Z,UNI131,"30.188366,48.172531",45000,300,160
1763906822,2025-11-23T14:07:02Z,UNI131,"30.183628,48.177738",45000,490,136
1763906827,2025-11-23T14:07:07Z,UNI131,"30.175327,48.18528",45000,350,150
1763906831,2025-11-23T14:07:11Z,UNI131,"30.169012,48.192455",45000,330,135
1763906839,2025-11-23T14:07:19Z,UNI131,"30.156326,48.207726",45000,470,137
1763906842,2025-11-23T14:07:22Z,UNI131,"30.15115,48.212902",45000,340,139
1763906855,2025-11-23T14:07:35Z,UNI131,"30.129772,48.232273",45000,476,137
1763906886,2025-11-23T14:08:06Z,UNI131,"30.078224,48.285183",45000,471,137
1763906917,2025-11-23T14:08:37Z,UNI131,"30.028582,48.336876",45000,472,137
1763906948,2025-11-23T14:09:08Z,UNI131,"29.979389,48.385704",45000,474,138
1763906971,2025-11-23T14:09:31Z,UNI131,"29.93894,48.428078",45000,460,150
1763906973,2025-11-23T14:09:33Z,UNI131,"29.935497,48.431801",45000,462,140
1763906976,2025-11-23T14:09:36Z,UNI131,"29.932661,48.434467",45000,460,140
1763906979,2025-11-23T14:09:39Z,UNI131,"29.92667,48.440643",45000,464,139
1763906982,2025-11-23T14:09:42Z,UNI131,"29.922646,48.444859",45000,468,138
1763907013,2025-11-23T14:10:13Z,UNI131,"29.869055,48.495667",45000,460,140
1763907037,2025-11-23T14:10:37Z,UNI131,"29.824532,48.526344",45000,424,146
1763907039,2025-11-23T14:10:39Z,UNI131,"29.820259,48.52771",45000,468,151
1763907051,2025-11-23T14:10:51Z,UNI131,"29.800631,48.541866",45000,420,147
1763907053,2025-11-23T14:10:53Z,UNI131,"29.796103,48.545166",45000,420,147
1763907057,2025-11-23T14:10:57Z,UNI131,"29.784369,48.547802",45000,610,169
1763907066,2025-11-23T14:11:06Z,UNI131,"29.767618,48.558098",45000,450,151
1763907073,2025-11-23T14:11:13Z,UNI131,"29.75708,48.56715",45000,330,143
1763907081,2025-11-23T14:11:21Z,UNI131,"29.738644,48.574024",45000,520,161
1763907087,2025-11-23T14:11:27Z,UNI131,"29.728617,48.583218",45000,370,139
1763907092,2025-11-23T14:11:32Z,UNI131,"29.716394,48.586838",45000,463,153
1763907095,2025-11-23T14:11:35Z,UNI131,"29.713614,48.590939",45000,310,127
1763907100,2025-11-23T14:11:40Z,UNI131,"29.702267,48.595108",45000,490,170
1763907103,2025-11-23T14:11:43Z,UNI131,"29.693834,48.600254",45000,465,152
1763907109,2025-11-23T14:11:49Z,UNI131,"29.683098,48.605961",45000,390,155
1763907125,2025-11-23T14:12:05Z,UNI131,"29.653542,48.624271",45000,430,151
1763907127,2025-11-23T14:12:07Z,UNI131,"29.649118,48.626907",45000,465,152
1763907129,2025-11-23T14:12:09Z,UNI131,"29.643227,48.63047",45000,469,152
1763907161,2025-11-23T14:12:41Z,UNI131,"29.582018,48.665169",45000,460,152
1763907184,2025-11-23T14:13:04Z,UNI131,"29.550013,48.694569",45000,330,116
1763907197,2025-11-23T14:13:17Z,UNI131,"29.512915,48.706188",45000,320,151
1763907204,2025-11-23T14:13:24Z,UNI131,"29.50106,48.712334",45000,380,155
1763907211,2025-11-23T14:13:31Z,UNI131,"29.482965,48.721333",45000,500,156
1763907214,2025-11-23T14:13:34Z,UNI131,"29.477842,48.723072",45000,470,174
1763907223,2025-11-23T14:13:43Z,UNI131,"29.458971,48.732632",45000,440,156
1763907227,2025-11-23T14:13:47Z,UNI131,"29.454704,48.737011",45000,230,124
1763907250,2025-11-23T14:14:10Z,UNI131,"29.408962,48.762764",45000,460,153
1763907288,2025-11-23T14:14:48Z,UNI131,"29.336533,48.806778",45000,440,153
1763907320,2025-11-23T14:15:20Z,UNI131,"29.275255,48.841938",45000,466,153
1763907341,2025-11-23T14:15:41Z,UNI131,"29.231817,48.865704",45000,410,149
1763907344,2025-11-23T14:15:44Z,UNI131,"29.227238,48.868458",45000,461,152
1763907346,2025-11-23T14:15:46Z,UNI131,"29.222837,48.870934",45000,465,152
1763907349,2025-11-23T14:15:49Z,UNI131,"29.219936,48.873016",45000,458,151
1763907351,2025-11-23T14:15:51Z,UNI131,"29.21381,48.876823",45000,459,151
1763907354,2025-11-23T14:15:54Z,UNI131,"29.209742,48.879173",45000,462,152
1763907356,2025-11-23T14:15:56Z,UNI131,"29.204615,48.882042",45000,468,152
1763907358,2025-11-23T14:15:58Z,UNI131,"29.200794,48.884277",45000,468,152
1763907360,2025-11-23T14:16:00Z,UNI131,"29.196281,48.886795",45000,468,153
1763907364,2025-11-23T14:16:04Z,UNI131,"29.190918,48.889767",45000,469,153
1763907366,2025-11-23T14:16:06Z,UNI131,"29.185108,48.893295",45000,466,152
1763907368,2025-11-23T14:16:08Z,UNI131,"29.180281,48.895317",45000,390,159
1763907370,2025-11-23T14:16:10Z,UNI131,"29.17729,48.897903",45000,441,144
1763907373,2025-11-23T14:16:13Z,UNI131,"29.173664,48.900131",45000,448,149
1763907375,2025-11-23T14:16:15Z,UNI131,"29.167519,48.903976",45000,466,150
1763907377,2025-11-23T14:16:17Z,UNI131,"29.164032,48.906162",45000,471,150
1763907380,2025-11-23T14:16:20Z,UNI131,"29.159758,48.909138",45000,473,149
1763907382,2025-11-23T14:16:22Z,UNI131,"29.154846,48.912758",45000,469,148
1763907384,2025-11-23T14:16:24Z,UNI131,"29.15115,48.915764",45000,471,147
1763907387,2025-11-23T14:16:27Z,UNI131,"29.145954,48.919926",45000,469,146
1763907389,2025-11-23T14:16:29Z,UNI131,"29.140938,48.924042",45000,472,145
1763907391,2025-11-23T14:16:31Z,UNI131,"29.13813,48.926357",45000,472,145
1763907394,2025-11-23T14:16:34Z,UNI131,"29.135061,48.929092",45000,470,144
1763907396,2025-11-23T14:16:36Z,UNI131,"29.128738,48.934269",45000,472,144
1763907399,2025-11-23T14:16:39Z,UNI131,"29.126415,48.93642",45000,471,143
1763907408,2025-11-23T14:16:48Z,UNI131,"29.109131,48.950993",45000,280,149
1763907411,2025-11-23T14:16:51Z,UNI131,"29.105356,48.957432",45000,280,136
1763907414,2025-11-23T14:16:54Z,UNI131,"29.100946,48.959923",45000,60,141
1763907416,2025-11-23T14:16:56Z,UNI131,"29.096861,48.963692",45000,473,141
1763907419,2025-11-23T14:16:59Z,UNI131,"29.093039,48.967789",45000,468,139
1763907421,2025-11-23T14:17:01Z,UNI131,"29.088326,48.972378",45000,470,139
1763907424,2025-11-23T14:17:04Z,UNI131,"29.08486,48.975811",45000,471,139
1763907427,2025-11-23T14:17:07Z,UNI131,"29.078373,48.982479",45000,469,138
1763907429,2025-11-23T14:17:09Z,UNI131,"29.073425,48.987282",45000,471,139
1763907432,2025-11-23T14:17:12Z,UNI131,"29.071444,48.989067",45000,474,139
1763907434,2025-11-23T14:17:14Z,UNI131,"29.066097,48.9935",45000,290,136
1763907437,2025-11-23T14:17:17Z,UNI131,"29.060873,48.99939",45000,440,134
1763907441,2025-11-23T14:17:21Z,UNI131,"29.055279,49.004951",45000,450,141
1763907443,2025-11-23T14:17:23Z,UNI131,"29.052288,49.008362",45000,477,135
1763907445,2025-11-23T14:17:25Z,UNI131,"29.048002,49.012939",45000,475,136
1763907447,2025-11-23T14:17:27Z,UNI131,"29.045597,49.015263",45000,471,137
1763907450,2025-11-23T14:17:30Z,UNI131,"29.041374,49.01907",45000,465,138
1763907452,2025-11-23T14:17:32Z,UNI131,"29.037701,49.022888",45000,360,137
1763907454,2025-11-23T14:17:34Z,UNI131,"29.034653,49.026417",45000,471,137
1763907456,2025-11-23T14:17:36Z,UNI131,"29.030148,49.030811",45000,470,138
1763907459,2025-11-23T14:17:39Z,UNI131,"29.027266,49.033833",45000,468,138
1763907462,2025-11-23T14:17:42Z,UNI131,"29.020767,49.039253",45000,330,146
1763907466,2025-11-23T14:17:46Z,UNI131,"29.014349,49.046265",45000,330,52
1763907470,2025-11-23T14:17:50Z,UNI131,"29.007969,49.052158",45000,190,137
1763907472,2025-11-23T14:17:52Z,UNI131,"29.004234,49.055737",45000,330,138
1763907475,2025-11-23T14:17:55Z,UNI131,"28.999096,49.060596",45000,473,139
1763907477,2025-11-23T14:17:57Z,UNI131,"28.995121,49.064228",45000,450,142
1763907480,2025-11-23T14:18:00Z,UNI131,"28.991646,49.067375",45000,410,143
1763907482,2025-11-23T14:18:02Z,UNI131,"28.986814,49.072025",45000,473,142
1763907485,2025-11-23T14:18:05Z,UNI131,"28.98241,49.076103",45000,469,141
1763907487,2025-11-23T14:18:07Z,UNI131,"28.978901,49.079353",45000,469,141
1763907490,2025-11-23T14:18:10Z,UNI131,"28.974335,49.083778",45000,471,140
1763907492,2025-11-23T14:18:12Z,UNI131,"28.971025,49.087036",45000,190,136
1763907495,2025-11-23T14:18:15Z,UNI131,"28.966072,49.091938",45000,360,144
1763907497,2025-11-23T14:18:17Z,UNI131,"28.962585,49.096031",45000,370,126
1763907500,2025-11-23T14:18:20Z,UNI131,"28.958736,49.099274",45000,290,143
1763907502,2025-11-23T14:18:22Z,UNI131,"28.953913,49.103844",45000,350,144
1763907504,2025-11-23T14:18:24Z,UNI131,"28.949961,49.107025",45000,340,144
1763907507,2025-11-23T14:18:27Z,UNI131,"28.94544,49.111679",45000,350,146
1763907509,2025-11-23T14:18:29Z,UNI131,"28.942747,49.11446",45000,466,141
1763907511,2025-11-23T14:18:31Z,UNI131,"28.939894,49.117577",45000,180,119
1763907514,2025-11-23T14:18:34Z,UNI131,"28.935387,49.121777",45000,240,140
1763907518,2025-11-23T14:18:38Z,UNI131,"28.927603,49.129581",45000,410,139
1763907520,2025-11-23T14:18:40Z,UNI131,"28.924303,49.132504",45000,474,140
1763907522,2025-11-23T14:18:42Z,UNI131,"28.919825,49.137024",45000,410,139
1763907525,2025-11-23T14:18:45Z,UNI131,"28.916153,49.140564",45000,510,137
1763907527,2025-11-23T14:18:47Z,UNI131,"28.91378,49.143177",45000,220,135
1763907530,2025-11-23T14:18:50Z,UNI131,"28.908165,49.148342",45000,480,141
1763907532,2025-11-23T14:18:52Z,UNI131,"28.905518,49.151264",45000,170,140
1763907535,2025-11-23T14:18:55Z,UNI131,"28.899715,49.156921",45000,310,136
1763907537,2025-11-23T14:18:57Z,UNI131,"28.896053,49.160786",45000,482,134
1763907543,2025-11-23T14:19:03Z,UNI131,"28.887678,49.168415",45000,390,140
1763907545,2025-11-23T14:19:05Z,UNI131,"28.883352,49.173145",45000,465,132
1763907547,2025-11-23T14:19:07Z,UNI131,"28.878603,49.178188",45000,500,136
1763907549,2025-11-23T14:19:09Z,UNI131,"28.874474,49.181358",45000,540,141
1763907552,2025-11-23T14:19:12Z,UNI131,"28.872025,49.183754",45000,463,142
1763907554,2025-11-23T14:19:14Z,UNI131,"28.867392,49.188148",45000,290,151
1763907557,2025-11-23T14:19:17Z,UNI131,"28.862608,49.192596",45000,430,141
1763907559,2025-11-23T14:19:19Z,UNI131,"28.858215,49.197369",45000,450,136
1763907561,2025-11-23T14:19:21Z,UNI131,"28.85618,49.199265",45000,190,140
1763907564,2025-11-23T14:19:24Z,UNI131,"28.852354,49.203613",45000,360,139
1763907566,2025-11-23T14:19:26Z,UNI131,"28.848852,49.206306",45000,220,140
1763907570,2025-11-23T14:19:30Z,UNI131,"28.843405,49.214447",45000,340,125
1763907572,2025-11-23T14:19:32Z,UNI131,"28.838512,49.217644",45000,260,133
1763907575,2025-11-23T14:19:35Z,UNI131,"28.8353,49.220882",45000,260,146
1763907577,2025-11-23T14:19:37Z,UNI131,"28.830576,49.226162",45000,472,137
1763907579,2025-11-23T14:19:39Z,UNI131,"28.826479,49.230606",45000,473,137
1763907581,2025-11-23T14:19:41Z,UNI131,"28.823349,49.23402",45000,472,136
1763907584,2025-11-23T14:19:44Z,UNI131,"28.820469,49.237167",45000,472,136
1763907586,2025-11-23T14:19:46Z,UNI131,"28.817411,49.240337",45000,471,136
1763907589,2025-11-23T14:19:49Z,UNI131,"28.813087,49.244713",45000,30,136
1763907591,2025-11-23T14:19:51Z,UNI131,"28.807497,49.250038",45000,500,141
1763907593,2025-11-23T14:19:53Z,UNI131,"28.805101,49.251522",45000,240,151
1763907597,2025-11-23T14:19:57Z,UNI131,"28.79837,49.260147",45000,140,139
1763907599,2025-11-23T14:19:59Z,UNI131,"28.795353,49.263508",45000,30,135
1763907601,2025-11-23T14:20:01Z,UNI131,"28.791092,49.26749",45000,469,139
1763907604,2025-11-23T14:20:04Z,UNI131,"28.789494,49.272072",45000,240,84
1763907606,2025-11-23T14:20:06Z,UNI131,"28.784908,49.274334",45000,100,163
1763907609,2025-11-23T14:20:09Z,UNI131,"28.781319,49.277802",45000,474,140
1763907611,2025-11-23T14:20:11Z,UNI131,"28.775846,49.283245",45000,475,139
1763907613,2025-11-23T14:20:13Z,UNI131,"28.772871,49.286201",45000,473,139
1763907615,2025-11-23T14:20:15Z,UNI131,"28.769291,49.289917",45000,475,138
1763907617,2025-11-23T14:20:17Z,UNI131,"28.764879,49.294804",45000,471,137
1763907619,2025-11-23T14:20:19Z,UNI131,"28.762581,49.297115",45000,474,137
1763907622,2025-11-23T14:20:22Z,UNI131,"28.758081,49.30172",45000,475,137
1763907624,2025-11-23T14:20:24Z,UNI131,"28.755127,49.304726",45000,472,137
1763907626,2025-11-23T14:20:26Z,UNI131,"28.751331,49.308594",45000,471,137
1763907629,2025-11-23T14:20:29Z,UNI131,"28.747934,49.312057",45000,471,137
1763907633,2025-11-23T14:20:33Z,UNI131,"28.741043,49.318054",45000,200,143
1763907635,2025-11-23T14:20:35Z,UNI131,"28.736927,49.324646",45000,580,124
1763907637,2025-11-23T14:20:37Z,UNI131,"28.733555,49.3269",45000,473,136
1763907640,2025-11-23T14:20:40Z,UNI131,"28.729683,49.330444",45000,472,138
1763907643,2025-11-23T14:20:43Z,UNI131,"28.725224,49.334953",45000,473,138
1763907645,2025-11-23T14:20:45Z,UNI131,"28.719883,49.340263",45000,472,138
1763907649,2025-11-23T14:20:49Z,UNI131,"28.713184,49.346718",45000,400,139
1763907654,2025-11-23T14:20:54Z,UNI131,"28.706741,49.354458",45000,490,202
1763907656,2025-11-23T14:20:56Z,UNI131,"28.701738,49.358063",45000,350,147
1763907662,2025-11-23T14:21:02Z,UNI131,"28.691942,49.368191",45000,410,140
1763907664,2025-11-23T14:21:04Z,UNI131,"28.688616,49.371716",45000,350,136
1763907666,2025-11-23T14:21:06Z,UNI131,"28.6868,49.373936",45000,240,133
1763907668,2025-11-23T14:21:08Z,UNI131,"28.682323,49.378231",45000,480,142
1763907671,2025-11-23T14:21:11Z,UNI131,"28.678862,49.381413",45000,240,144
1763907674,2025-11-23T14:21:14Z,UNI131,"28.673214,49.387913",45000,488,139
1763907676,2025-11-23T14:21:16Z,UNI131,"28.669729,49.391106",45000,290,140
1763907680,2025-11-23T14:21:20Z,UNI131,"28.66457,49.398598",45000,290,61
1763907683,2025-11-23T14:21:23Z,UNI131,"28.657495,49.403934",45000,280,137
1763907685,2025-11-23T14:21:25Z,UNI131,"28.654406,49.407604",45000,340,133
1763907689,2025-11-23T14:21:29Z,UNI131,"28.649181,49.41264",45000,380,139
1763907692,2025-11-23T14:21:32Z,UNI131,"28.643883,49.416817",45000,290,148
1763907695,2025-11-23T14:21:35Z,UNI131,"28.638535,49.423042",45000,480,142
1763907697,2025-11-23T14:21:37Z,UNI131,"28.63438,49.426594",45000,470,145
1763907700,2025-11-23T14:21:40Z,UNI131,"28.632593,49.431068",45000,290,115
1763907703,2025-11-23T14:21:43Z,UNI131,"28.628111,49.435127",45000,477,136
1763907705,2025-11-23T14:21:45Z,UNI131,"28.624199,49.439594",45000,476,135
1763907708,2025-11-23T14:21:48Z,UNI131,"28.620123,49.44466",45000,476,134
1763907711,2025-11-23T14:21:51Z,UNI131,"28.614532,49.451767",45000,474,133
1763907714,2025-11-23T14:21:54Z,UNI131,"28.61141,49.456249",45000,470,131
1763907716,2025-11-23T14:21:56Z,UNI131,"28.608109,49.461044",45000,470,130
1763907718,2025-11-23T14:21:58Z,UNI131,"28.604654,49.466129",45000,473,130
1763907721,2025-11-23T14:22:01Z,UNI131,"28.601023,49.471462",45000,471,129
1763907724,2025-11-23T14:22:04Z,UNI131,"28.598049,49.47699",45000,420,116
1763907726,2025-11-23T14:22:06Z,UNI131,"28.594944,49.482071",45000,40,125
1763907729,2025-11-23T14:22:09Z,UNI131,"28.591787,49.486431",45000,330,126
1763907731,2025-11-23T14:22:11Z,UNI131,"28.588665,49.492146",45000,479,122
1763907734,2025-11-23T14:22:14Z,UNI131,"28.586149,49.496498",45000,475,122
1763907736,2025-11-23T14:22:16Z,UNI131,"28.582497,49.502155",45000,474,123
1763907739,2025-11-23T14:22:19Z,UNI131,"28.580019,49.506355",45000,474,123
1763907741,2025-11-23T14:22:21Z,UNI131,"28.576408,49.512455",45000,474,123
1763907743,2025-11-23T14:22:23Z,UNI131,"28.572618,49.519188",45000,473,123
1763907745,2025-11-23T14:22:25Z,UNI131,"28.571379,49.521477",45000,474,123
1763907748,2025-11-23T14:22:28Z,UNI131,"28.568766,49.526081",45000,475,122
1763907750,2025-11-23T14:22:30Z,UNI131,"28.56617,49.53196",45000,360,116
1763907753,2025-11-23T14:22:33Z,UNI131,"28.563396,49.536457",45000,477,122
1763907755,2025-11-23T14:22:35Z,UNI131,"28.559385,49.542728",45000,473,124
1763907757,2025-11-23T14:22:37Z,UNI131,"28.556635,49.549355",45000,560,117
1763907760,2025-11-23T14:22:40Z,UNI131,"28.55542,49.552891",45000,70,85
1763907763,2025-11-23T14:22:43Z,UNI131,"28.55228,49.557945",45000,475,119
1763907765,2025-11-23T14:22:45Z,UNI131,"28.548424,49.564823",45000,474,121
1763907767,2025-11-23T14:22:47Z,UNI131,"28.547058,49.567303",45000,474,121
1763907769,2025-11-23T14:22:49Z,UNI131,"28.544428,49.572304",45000,474,121
1763907771,2025-11-23T14:22:51Z,UNI131,"28.541479,49.577728",45000,475,121
1763907775,2025-11-23T14:22:55Z,UNI131,"28.537601,49.58511",45000,476,121
1763907777,2025-11-23T14:22:57Z,UNI131,"28.53476,49.590755",45000,475,120
1763907779,2025-11-23T14:22:59Z,UNI131,"28.532421,49.595352",45000,473,120
1763907781,2025-11-23T14:23:01Z,UNI131,"28.530804,49.598694",45000,473,120
1763907785,2025-11-23T14:23:05Z,UNI131,"28.527313,49.605892",45000,360,118
1763907788,2025-11-23T14:23:08Z,UNI131,"28.522955,49.613647",45000,390,122
1763907791,2025-11-23T14:23:11Z,UNI131,"28.520325,49.618935",45000,220,123
1763907794,2025-11-23T14:23:14Z,UNI131,"28.517189,49.625023",45000,300,118
1763907796,2025-11-23T14:23:16Z,UNI131,"28.513821,49.631176",45000,477,127
1763907799,2025-11-23T14:23:19Z,UNI131,"28.51133,49.636391",45000,350,118
1763907801,2025-11-23T14:23:21Z,UNI131,"28.508419,49.641869",45000,310,125
1763907804,2025-11-23T14:23:24Z,UNI131,"28.505939,49.646568",45000,370,124
1763907806,2025-11-23T14:23:26Z,UNI131,"28.502798,49.65276",45000,400,113
1763907808,2025-11-23T14:23:28Z,UNI131,"28.500517,49.656906",45000,310,120
1763907812,2025-11-23T14:23:32Z,UNI131,"28.496943,49.66346",45000,474,121
1763907814,2025-11-23T14:23:34Z,UNI131,"28.493889,49.668861",45000,474,122
1763907817,2025-11-23T14:23:37Z,UNI131,"28.490917,49.674347",45000,474,121
1763907819,2025-11-23T14:23:39Z,UNI131,"28.488449,49.678959",45000,474,121
1763907821,2025-11-23T14:23:41Z,UNI131,"28.485073,49.685192",45000,475,121
1763907824,2025-11-23T14:23:44Z,UNI131,"28.482986,49.689117",45000,240,120
1763907826,2025-11-23T14:23:46Z,UNI131,"28.480553,49.69384",45000,474,119
1763907828,2025-11-23T14:23:48Z,UNI131,"28.477152,49.699162",45000,430,126
1763907833,2025-11-23T14:23:53Z,UNI131,"28.471947,49.709171",45000,350,120
1763907836,2025-11-23T14:23:56Z,UNI131,"28.468653,49.715794",45000,440,119
1763907838,2025-11-23T14:23:58Z,UNI131,"28.466335,49.719818",45000,280,114
1763907841,2025-11-23T14:24:01Z,UNI131,"28.46139,49.72813",45000,480,123
1763907844,2025-11-23T14:24:04Z,UNI131,"28.458721,49.733646",45000,680,119
1763907846,2025-11-23T14:24:06Z,UNI131,"28.456743,49.737335",45000,230,116
1763907850,2025-11-23T14:24:10Z,UNI131,"28.452841,49.744595",45000,478,119
1763907852,2025-11-23T14:24:12Z,UNI131,"28.450081,49.749428",45000,476,120
1763907854,2025-11-23T14:24:14Z,UNI131,"28.447027,49.755405",45000,475,120
1763907856,2025-11-23T14:24:16Z,UNI131,"28.445156,49.758827",45000,475,120
1763907860,2025-11-23T14:24:20Z,UNI131,"28.440998,49.766293",45000,475,121
1763907864,2025-11-23T14:24:24Z,UNI131,"28.43535,49.774288",45000,477,62
1763907866,2025-11-23T14:24:26Z,UNI131,"28.43247,49.778744",45000,60,128
1763907869,2025-11-23T14:24:29Z,UNI131,"28.429314,49.783646",45000,350,125
1763907872,2025-11-23T14:24:32Z,UNI131,"28.424265,49.791019",45000,440,125
1763907875,2025-11-23T14:24:35Z,UNI131,"28.420704,49.795261",45000,320,132
1763907878,2025-11-23T14:24:38Z,UNI131,"28.417145,49.799809",45000,472,131
1763907880,2025-11-23T14:24:40Z,UNI131,"28.413765,49.803825",45000,471,132
1763907882,2025-11-23T14:24:42Z,UNI131,"28.409542,49.808735",45000,473,133
1763907885,2025-11-23T14:24:45Z,UNI131,"28.406116,49.812622",45000,473,133
1763907887,2025-11-23T14:24:47Z,UNI131,"28.403112,49.815845",45000,473,134
1763907889,2025-11-23T14:24:49Z,UNI131,"28.39917,49.819588",45000,473,135
1763907891,2025-11-23T14:24:51Z,UNI131,"28.396214,49.821957",45000,280,144
1763907893,2025-11-23T14:24:53Z,UNI131,"28.391985,49.826675",45000,472,133
1763907895,2025-11-23T14:24:55Z,UNI131,"28.388561,49.829708",45000,468,137
1763907898,2025-11-23T14:24:58Z,UNI131,"28.383362,49.83453",45000,472,139
1763907900,2025-11-23T14:25:00Z,UNI131,"28.380745,49.836899",45000,473,139
1763907902,2025-11-23T14:25:02Z,UNI131,"28.376347,49.84087",45000,473,140
1763907905,2025-11-23T14:25:05Z,UNI131,"28.372652,49.844055",45000,473,141
1763907907,2025-11-23T14:25:07Z,UNI131,"28.367895,49.848248",45000,472,141
1763907909,2025-11-23T14:25:09Z,UNI131,"28.364412,49.851185",45000,471,141
1763907911,2025-11-23T14:25:11Z,UNI131,"28.360378,49.854702",45000,470,142
1763907914,2025-11-23T14:25:14Z,UNI131,"28.35697,49.857628",45000,473,142
1763907916,2025-11-23T14:25:16Z,UNI131,"28.352961,49.861221",45000,470,142
1763907919,2025-11-23T14:25:19Z,UNI131,"28.348637,49.864731",45000,472,142
1763907922,2025-11-23T14:25:22Z,UNI131,"28.34127,49.870628",45000,470,143
1763907934,2025-11-23T14:25:34Z,UNI131,"28.319302,49.887302",45000,360,150
1763907937,2025-11-23T14:25:37Z,UNI131,"28.314211,49.891434",45000,490,144
1763907939,2025-11-23T14:25:39Z,UNI131,"28.311644,49.89325",45000,466,146
1763907941,2025-11-23T14:25:41Z,UNI131,"28.307196,49.896732",45000,320,151
1763907944,2025-11-23T14:25:44Z,UNI131,"28.301563,49.901161",45000,480,145
1763907946,2025-11-23T14:25:46Z,UNI131,"28.297379,49.903946",45000,310,152
1763907948,2025-11-23T14:25:48Z,UNI131,"28.293432,49.906841",45000,471,141
1763907950,2025-11-23T14:25:50Z,UNI131,"28.290379,49.909706",45000,300,140
1763907953,2025-11-23T14:25:53Z,UNI131,"28.286304,49.912128",45000,190,151
1763907956,2025-11-23T14:25:56Z,UNI131,"28.279957,49.917709",45000,450,157
1763907958,2025-11-23T14:25:58Z,UNI131,"28.277227,49.919807",45000,240,154
1763907961,2025-11-23T14:26:01Z,UNI131,"28.272102,49.922962",45000,474,148
1763907963,2025-11-23T14:26:03Z,UNI131,"28.267,49.926819",45000,472,147
1763907965,2025-11-23T14:26:05Z,UNI131,"28.263203,49.929764",45000,471,146
1763907969,2025-11-23T14:26:09Z,UNI131,"28.255976,49.935379",45000,471,146
1763907971,2025-11-23T14:26:11Z,UNI131,"28.251877,49.937332",45000,300,161
1763907973,2025-11-23T14:26:13Z,UNI131,"28.247585,49.941326",45000,410,140
1763907976,2025-11-23T14:26:16Z,UNI131,"28.243095,49.944576",45000,210,140
1763907978,2025-11-23T14:26:18Z,UNI131,"28.238485,49.948227",45000,430,130
1763907980,2025-11-23T14:26:20Z,UNI131,"28.234243,49.95182",45000,460,141
1763907984,2025-11-23T14:26:24Z,UNI131,"28.228964,49.955639",45000,350,148
1763907986,2025-11-23T14:26:26Z,UNI131,"28.224682,49.958145",45000,476,148
1763907989,2025-11-23T14:26:29Z,UNI131,"28.22044,49.961224",45000,472,147
1763907991,2025-11-23T14:26:31Z,UNI131,"28.215767,49.965034",45000,469,146
1763907994,2025-11-23T14:26:34Z,UNI131,"28.211306,49.968464",45000,470,146
1763907996,2025-11-23T14:26:36Z,UNI131,"28.206781,49.972015",45000,471,145
1763908000,2025-11-23T14:26:40Z,UNI131,"28.200802,49.976311",45000,475,146
1763908002,2025-11-23T14:26:42Z,UNI131,"28.195589,49.980183",45000,474,146
1763908005,2025-11-23T14:26:45Z,UNI131,"28.190252,49.984074",45000,472,146
1763908008,2025-11-23T14:26:48Z,UNI131,"28.184481,49.98856",45000,467,146
1763908032,2025-11-23T14:27:12Z,UNI131,"28.14126,50.021992",45000,320,138
1763908034,2025-11-23T14:27:14Z,UNI131,"28.138159,50.024681",45000,310,142
1763908040,2025-11-23T14:27:20Z,UNI131,"28.127216,50.031555",45000,270,149
1763908043,2025-11-23T14:27:23Z,UNI131,"28.121666,50.036007",45000,466,151
1763908047,2025-11-23T14:27:27Z,UNI131,"28.115431,50.041485",45000,400,142
1763908049,2025-11-23T14:27:29Z,UNI131,"28.110725,50.043964",45000,130,192
1763908051,2025-11-23T14:27:31Z,UNI131,"28.10784,50.047485",45000,110,125
1763908053,2025-11-23T14:27:33Z,UNI131,"28.10323,50.050404",45000,380,147
1763908056,2025-11-23T14:27:36Z,UNI131,"28.098768,50.053955",45000,230,140
1763908058,2025-11-23T14:27:38Z,UNI131,"28.095072,50.056854",45000,464,144
1763908060,2025-11-23T14:27:40Z,UNI131,"28.090435,50.059704",45000,466,147
1763908063,2025-11-23T14:27:43Z,UNI131,"28.087934,50.06255",45000,240,134
1763908066,2025-11-23T14:27:46Z,UNI131,"28.081623,50.066929",45000,420,148
1763908068,2025-11-23T14:27:48Z,UNI131,"28.077316,50.070774",45000,462,138
1763908071,2025-11-23T14:27:51Z,UNI131,"28.072969,50.073799",45000,330,155
1763908073,2025-11-23T14:27:53Z,UNI131,"28.066471,50.078335",45000,630,147
1763908076,2025-11-23T14:27:56Z,UNI131,"28.064476,50.079987",45000,457,145
1763908079,2025-11-23T14:27:59Z,UNI131,"28.057674,50.084808",45000,340,149
1763908081,2025-11-23T14:28:01Z,UNI131,"28.052666,50.089367",45000,310,141
1763908084,2025-11-23T14:28:04Z,UNI131,"28.049324,50.092091",45000,450,143
1763908086,2025-11-23T14:28:06Z,UNI131,"28.045872,50.094593",45000,290,137
1763908089,2025-11-23T14:28:09Z,UNI131,"28.040894,50.098202",45000,467,145
1763908091,2025-11-23T14:28:11Z,UNI131,"28.035618,50.102043",45000,466,146
1763908093,2025-11-23T14:28:13Z,UNI131,"28.031307,50.105328",45000,465,146
1763908096,2025-11-23T14:28:16Z,UNI131,"28.026363,50.109097",45000,458,146
1763908098,2025-11-23T14:28:18Z,UNI131,"28.024063,50.111237",45000,290,148
1763908101,2025-11-23T14:28:21Z,UNI131,"28.018595,50.115047",45000,461,147
1763908103,2025-11-23T14:28:23Z,UNI131,"28.014467,50.11808",45000,462,147
1763908106,2025-11-23T14:28:26Z,UNI131,"28.009867,50.121716",45000,460,146
1763908108,2025-11-23T14:28:28Z,UNI131,"28.005945,50.124706",45000,370,141
1763908110,2025-11-23T14:28:30Z,UNI131,"28.002659,50.12743",45000,220,133
1763908112,2025-11-23T14:28:32Z,UNI131,"27.997292,50.130817",45000,450,150
1763908117,2025-11-23T14:28:37Z,UNI131,"27.990372,50.136166",45000,468,147
1763908119,2025-11-23T14:28:39Z,UNI131,"27.986118,50.139393",45000,461,146
1763908122,2025-11-23T14:28:42Z,UNI131,"27.981668,50.142776",45000,461,146
1763908124,2025-11-23T14:28:44Z,UNI131,"27.977772,50.145729",45000,462,146
1763908127,2025-11-23T14:28:47Z,UNI131,"27.973581,50.14901",45000,459,145
1763908129,2025-11-23T14:28:49Z,UNI131,"27.96841,50.152737",45000,464,146
1763908131,2025-11-23T14:28:51Z,UNI131,"27.965664,50.15464",45000,460,146
1763908133,2025-11-23T14:28:53Z,UNI131,"27.961609,50.158527",45000,190,153
1763908136,2025-11-23T14:28:56Z,UNI131,"27.956617,50.1623",45000,400,139
1763908138,2025-11-23T14:28:58Z,UNI131,"27.953661,50.163898",45000,140,151
1763908140,2025-11-23T14:29:00Z,UNI131,"27.948864,50.167255",45000,455,147
1763908143,2025-11-23T14:29:03Z,UNI131,"27.945709,50.169617",45000,461,147
1763908146,2025-11-23T14:29:06Z,UNI131,"27.939539,50.174763",45000,462,145
1763908148,2025-11-23T14:29:08Z,UNI131,"27.934244,50.178741",45000,458,145
1763908150,2025-11-23T14:29:10Z,UNI131,"27.932249,50.180241",45000,456,145
1763908152,2025-11-23T14:29:12Z,UNI131,"27.927982,50.183262",45000,461,146
1763908155,2025-11-23T14:29:15Z,UNI131,"27.922714,50.187233",45000,462,146
1763908157,2025-11-23T14:29:17Z,UNI131,"27.919464,50.189789",45000,462,145
1763908160,2025-11-23T14:29:20Z,UNI131,"27.914371,50.193844",45000,240,148
1763908162,2025-11-23T14:29:22Z,UNI131,"27.911413,50.195847",45000,464,148
1763908164,2025-11-23T14:29:24Z,UNI131,"27.907421,50.199085",45000,462,145
1763908166,2025-11-23T14:29:26Z,UNI131,"27.901445,50.203613",45000,459,145
1763908169,2025-11-23T14:29:29Z,UNI131,"27.899426,50.205166",45000,459,145
1763908171,2025-11-23T14:29:31Z,UNI131,"27.89473,50.208637",45000,458,146
1763908173,2025-11-23T14:29:33Z,UNI131,"27.890705,50.211723",45000,460,146
1763908176,2025-11-23T14:29:36Z,UNI131,"27.885908,50.215515",45000,460,145
1763908178,2025-11-23T14:29:38Z,UNI131,"27.881439,50.218372",45000,464,147
1763908180,2025-11-23T14:29:40Z,UNI131,"27.876928,50.221653",45000,462,147
1763908182,2025-11-23T14:29:42Z,UNI131,"27.874413,50.223469",45000,462,147
1763908185,2025-11-23T14:29:45Z,UNI131,"27.870428,50.226452",45000,460,146
1763908187,2025-11-23T14:29:47Z,UNI131,"27.865913,50.229843",45000,458,146
1763908201,2025-11-23T14:30:01Z,UNI131,"27.840464,50.249023",45000,300,153
1763908203,2025-11-23T14:30:03Z,UNI131,"27.837181,50.251987",45000,310,151
1763908206,2025-11-23T14:30:06Z,UNI131,"27.833113,50.255875",45000,460,140
1763908208,2025-11-23T14:30:08Z,UNI131,"27.830536,50.257648",45000,459,142
1763908210,2025-11-23T14:30:10Z,UNI131,"27.826263,50.260937",45000,459,144
1763908212,2025-11-23T14:30:12Z,UNI131,"27.821791,50.264229",45000,460,145
1763908215,2025-11-23T14:30:15Z,UNI131,"27.817936,50.267014",45000,458,145
1763908217,2025-11-23T14:30:17Z,UNI131,"27.813618,50.270153",45000,460,146
1763908219,2025-11-23T14:30:19Z,UNI131,"27.810072,50.273502",45000,350,136
1763908222,2025-11-23T14:30:22Z,UNI131,"27.805124,50.276367",45000,465,152
1763908225,2025-11-23T14:30:25Z,UNI131,"27.797043,50.28252",45000,490,144
1763908229,2025-11-23T14:30:29Z,UNI131,"27.793148,50.285404",45000,160,137
1763908232,2025-11-23T14:30:32Z,UNI131,"27.786545,50.290157",45000,330,148
1763908234,2025-11-23T14:30:34Z,UNI131,"27.783289,50.292572",45000,260,142
1763908237,2025-11-23T14:30:37Z,UNI131,"27.778791,50.295673",45000,457,149
1763908239,2025-11-23T14:30:39Z,UNI131,"27.773993,50.29937",45000,459,147
1763908241,2025-11-23T14:30:41Z,UNI131,"27.771467,50.301552",45000,459,145
1763908243,2025-11-23T14:30:43Z,UNI131,"27.76775,50.304119",45000,460,146
1763908246,2025-11-23T14:30:46Z,UNI131,"27.762918,50.307644",45000,459,146
1763908248,2025-11-23T14:30:48Z,UNI131,"27.758806,50.310616",45000,459,146
1763908250,2025-11-23T14:30:50Z,UNI131,"27.754013,50.314213",45000,459,146
1763908252,2025-11-23T14:30:52Z,UNI131,"27.74971,50.317329",45000,459,146
1763908255,2025-11-23T14:30:55Z,UNI131,"27.7463,50.319847",45000,461,146
1763908257,2025-11-23T14:30:57Z,UNI131,"27.742599,50.322662",45000,459,146
1763908259,2025-11-23T14:30:59Z,UNI131,"27.738224,50.326",45000,461,146
1763908262,2025-11-23T14:31:02Z,UNI131,"27.733042,50.330009",45000,460,145
1763908264,2025-11-23T14:31:04Z,UNI131,"27.730047,50.332306",45000,459,145
1763908291,2025-11-23T14:31:31Z,UNI131,"27.681429,50.369286",45000,461,145
1763908293,2025-11-23T14:31:33Z,UNI131,"27.678093,50.371838",45000,190,143
1763908296,2025-11-23T14:31:36Z,UNI131,"27.674425,50.374466",45000,270,146
1763908298,2025-11-23T14:31:38Z,UNI131,"27.670582,50.377377",45000,456,146
1763908300,2025-11-23T14:31:40Z,UNI131,"27.666786,50.380463",45000,120,123
1763908302,2025-11-23T14:31:42Z,UNI131,"27.66259,50.382992",45000,290,148
1763908304,2025-11-23T14:31:44Z,UNI131,"27.658651,50.386211",45000,460,147
1763908307,2025-11-23T14:31:47Z,UNI131,"27.654715,50.389095",45000,461,146
1763908309,2025-11-23T14:31:49Z,UNI131,"27.649675,50.392864",45000,461,146
1763908311,2025-11-23T14:31:51Z,UNI131,"27.646215,50.395405",45000,460,146
1763908313,2025-11-23T14:31:53Z,UNI131,"27.641338,50.398758",45000,420,149
1763908316,2025-11-23T14:31:56Z,UNI131,"27.638565,50.400963",45000,459,146
1763908318,2025-11-23T14:31:58Z,UNI131,"27.634939,50.403721",45000,461,146
1763908320,2025-11-23T14:32:00Z,UNI131,"27.630373,50.407204",45000,458,146
1763908322,2025-11-23T14:32:02Z,UNI131,"27.626619,50.410007",45000,457,146
1763908324,2025-11-23T14:32:04Z,UNI131,"27.623009,50.41259",45000,459,146
1763908326,2025-11-23T14:32:06Z,UNI131,"27.618959,50.41552",45000,459,146
1763908329,2025-11-23T14:32:09Z,UNI131,"27.6157,50.417923",45000,458,146
1763908331,2025-11-23T14:32:11Z,UNI131,"27.61187,50.42078",45000,460,146
1763908362,2025-11-23T14:32:42Z,UNI131,"27.555758,50.465",45000,460,144
1763908394,2025-11-23T14:33:14Z,UNI131,"27.501503,50.506489",45000,456,145
1763908425,2025-11-23T14:33:45Z,UNI131,"27.445799,50.549232",45000,461,144
1763908456,2025-11-23T14:34:16Z,UNI131,"27.391073,50.590473",45000,460,145
1763908487,2025-11-23T14:34:47Z,UNI131,"27.337099,50.631508",45000,458,146
1763908519,2025-11-23T14:35:19Z,UNI131,"27.280222,50.675602",45000,462,145
1763908550,2025-11-23T14:35:50Z,UNI131,"27.226477,50.71595",45000,460,146
1763908582,2025-11-23T14:36:22Z,UNI131,"27.169857,50.75972",45000,463,145
1763908615,2025-11-23T14:36:55Z,UNI131,"27.116688,50.811115",45000,466,136
1763908647,2025-11-23T14:37:27Z,UNI131,"27.067968,50.866943",45000,466,134
1763908677,2025-11-23T14:37:57Z,UNI131,"27.022432,50.918926",45000,467,134
1763908693,2025-11-23T14:38:13Z,UNI131,"27.000534,50.948288",45000,467,127
1763908697,2025-11-23T14:38:17Z,UNI131,"26.99501,50.956562",45000,461,126
1763908702,2025-11-23T14:38:22Z,UNI131,"26.989082,50.965958",45000,468,125
1763908707,2025-11-23T14:38:27Z,UNI131,"26.981472,50.978497",45000,471,124
1763908709,2025-11-23T14:38:29Z,UNI131,"26.979866,50.981331",45000,474,123
1763908712,2025-11-23T14:38:32Z,UNI131,"26.977592,50.985126",45000,465,123
1763908745,2025-11-23T14:39:05Z,UNI131,"26.938793,51.055347",45000,472,120
1763908777,2025-11-23T14:39:37Z,UNI131,"26.903069,51.121006",45000,465,121
1763908808,2025-11-23T14:40:08Z,UNI131,"26.871056,51.186901",45000,467,113
1763908810,2025-11-23T14:40:10Z,UNI131,"26.869362,51.191498",45000,471,113
1763908812,2025-11-23T14:40:12Z,UNI131,"26.867807,51.195831",45000,461,112
1763908814,2025-11-23T14:40:14Z,UNI131,"26.865948,51.200848",45000,466,112
1763908816,2025-11-23T14:40:16Z,UNI131,"26.864286,51.20554",45000,466,112
1763908819,2025-11-23T14:40:19Z,UNI131,"26.86274,51.210163",45000,467,111
1763908821,2025-11-23T14:40:21Z,UNI131,"26.861143,51.214909",45000,470,110
1763908823,2025-11-23T14:40:23Z,UNI131,"26.859667,51.219585",45000,471,110
1763908854,2025-11-23T14:40:54Z,UNI131,"26.838329,51.290585",45000,466,107
1763908884,2025-11-23T14:41:24Z,UNI131,"26.818672,51.361073",45000,465,107
1763908890,2025-11-23T14:41:30Z,UNI131,"26.814022,51.374737",45000,462,110
1763908892,2025-11-23T14:41:32Z,UNI131,"26.812376,51.37944",45000,461,110
1763908894,2025-11-23T14:41:34Z,UNI131,"26.810965,51.384022",45000,462,109
1763908897,2025-11-23T14:41:37Z,UNI131,"26.809532,51.388622",45000,461,109
1763908899,2025-11-23T14:41:39Z,UNI131,"26.808151,51.393204",45000,466,109
1763908901,2025-11-23T14:41:41Z,UNI131,"26.806814,51.39777",45000,464,108
1763908903,2025-11-23T14:41:43Z,UNI131,"26.805368,51.40237",45000,467,108
1763908905,2025-11-23T14:41:45Z,UNI131,"26.803873,51.406704",45000,460,109
1763908907,2025-11-23T14:41:47Z,UNI131,"26.802391,51.411301",45000,464,109
1763908909,2025-11-23T14:41:49Z,UNI131,"26.801041,51.415981",45000,469,108
1763908911,2025-11-23T14:41:51Z,UNI131,"26.799553,51.420822",45000,465,108
1763908941,2025-11-23T14:42:21Z,UNI131,"26.778799,51.490498",45000,463,108
1763908960,2025-11-23T14:42:40Z,UNI131,"26.766682,51.53278",45000,466,108
1763908962,2025-11-23T14:42:42Z,UNI131,"26.765285,51.536926",45000,465,109
1763908964,2025-11-23T14:42:44Z,UNI131,"26.764126,51.541851",45000,465,107
1763908966,2025-11-23T14:42:46Z,UNI131,"26.762835,51.546967",45000,464,106
1763908968,2025-11-23T14:42:48Z,UNI131,"26.761808,51.551422",45000,466,106
1763908970,2025-11-23T14:42:50Z,UNI131,"26.760773,51.555958",45000,469,105
1763908972,2025-11-23T14:42:52Z,UNI131,"26.759506,51.560963",45000,467,105
1763908974,2025-11-23T14:42:54Z,UNI131,"26.757727,51.565907",45000,466,107
1763908976,2025-11-23T14:42:56Z,UNI131,"26.756174,51.570786",45000,467,108
1763908978,2025-11-23T14:42:58Z,UNI131,"26.754795,51.57518",45000,466,108
1763908980,2025-11-23T14:43:00Z,UNI131,"26.753351,51.579849",45000,464,108
1763908982,2025-11-23T14:43:02Z,UNI131,"26.752048,51.584259",45000,458,108
1763908984,2025-11-23T14:43:04Z,UNI131,"26.750063,51.588478",45000,270,127
1763908986,2025-11-23T14:43:06Z,UNI131,"26.749043,51.593307",45000,472,106
1763908988,2025-11-23T14:43:08Z,UNI131,"26.74711,51.59745",45000,459,111
1763908990,2025-11-23T14:43:10Z,UNI131,"26.745169,51.601501",45000,449,113
1763908992,2025-11-23T14:43:12Z,UNI131,"26.743856,51.606159",45000,456,111
1763908994,2025-11-23T14:43:14Z,UNI131,"26.742464,51.611122",45000,457,109
1763908996,2025-11-23T14:43:16Z,UNI131,"26.741201,51.615273",45000,458,109
1763908998,2025-11-23T14:43:18Z,UNI131,"26.739845,51.620201",45000,300,107
1763909001,2025-11-23T14:43:21Z,UNI131,"26.738207,51.624229",45000,470,107
1763909003,2025-11-23T14:43:23Z,UNI131,"26.736732,51.629105",45000,469,108
1763909005,2025-11-23T14:43:25Z,UNI131,"26.735317,51.633686",45000,459,108
1763909007,2025-11-23T14:43:27Z,UNI131,"26.733919,51.638317",45000,465,108
1763909009,2025-11-23T14:43:29Z,UNI131,"26.732634,51.643097",45000,469,107
1763909011,2025-11-23T14:43:31Z,UNI131,"26.731152,51.647621",45000,466,108
1763909013,2025-11-23T14:43:33Z,UNI131,"26.729633,51.652031",45000,459,109
1763909015,2025-11-23T14:43:35Z,UNI131,"26.728388,51.656689",45000,464,108
1763909017,2025-11-23T14:43:37Z,UNI131,"26.726826,51.661144",45000,463,109
1763909019,2025-11-23T14:43:39Z,UNI131,"26.725353,51.666111",45000,465,109
1763909021,2025-11-23T14:43:41Z,UNI131,"26.7241,51.670345",45000,462,108
1763909024,2025-11-23T14:43:44Z,UNI131,"26.721811,51.678108",45000,200,133
1763909026,2025-11-23T14:43:46Z,UNI131,"26.719995,51.680931",45000,350,79
1763909028,2025-11-23T14:43:48Z,UNI131,"26.719595,51.686466",45000,491,99
1763909030,2025-11-23T14:43:50Z,UNI131,"26.718245,51.691914",45000,270,113
1763909032,2025-11-23T14:43:52Z,UNI131,"26.716223,51.695927",45000,433,116
1763909034,2025-11-23T14:43:54Z,UNI131,"26.715193,51.700878",45000,459,108
1763909036,2025-11-23T14:43:56Z,UNI131,"26.714315,51.705952",45000,472,105
1763909038,2025-11-23T14:43:58Z,UNI131,"26.71286,51.710346",45000,470,106
1763909040,2025-11-23T14:44:00Z,UNI131,"26.710987,51.714333",45000,453,109
1763909042,2025-11-23T14:44:02Z,UNI131,"26.709736,51.718838",45000,454,108
1763909044,2025-11-23T14:44:04Z,UNI131,"26.708242,51.723309",45000,457,109
1763909046,2025-11-23T14:44:06Z,UNI131,"26.706875,51.727898",45000,458,109
1763909048,2025-11-23T14:44:08Z,UNI131,"26.705801,51.732544",45000,462,107
1763909050,2025-11-23T14:44:10Z,UNI131,"26.704538,51.738125",45000,470,106
1763909052,2025-11-23T14:44:12Z,UNI131,"26.702911,51.74239",45000,465,108
1763909054,2025-11-23T14:44:14Z,UNI131,"26.701584,51.746307",45000,460,108
1763909057,2025-11-23T14:44:17Z,UNI131,"26.700106,51.751221",45000,456,108
1763909059,2025-11-23T14:44:19Z,UNI131,"26.698736,51.755753",45000,459,108
1763909061,2025-11-23T14:44:21Z,UNI131,"26.697666,51.760483",45000,464,107
1763909063,2025-11-23T14:44:23Z,UNI131,"26.696203,51.764954",45000,463,107
1763909065,2025-11-23T14:44:25Z,UNI131,"26.694601,51.769493",45000,458,109
1763909067,2025-11-23T14:44:27Z,UNI131,"26.693213,51.774044",45000,463,108
1763909069,2025-11-23T14:44:29Z,UNI131,"26.691877,51.778545",45000,462,108
1763909071,2025-11-23T14:44:31Z,UNI131,"26.690575,51.783016",45000,456,108
1763909102,2025-11-23T14:45:02Z,UNI131,"26.669779,51.852322",45000,458,108
1763909132,2025-11-23T14:45:32Z,UNI131,"26.648573,51.920681",45000,458,109
1763909147,2025-11-23T14:45:47Z,UNI131,"26.639742,51.955433",45000,520,63
1763909149,2025-11-23T14:45:49Z,UNI131,"26.636383,51.958225",45000,454,109
1763909151,2025-11-23T14:45:51Z,UNI131,"26.63513,51.962246",45000,455,109
1763909153,2025-11-23T14:45:53Z,UNI131,"26.634804,51.966808",45000,320,94
1763909155,2025-11-23T14:45:55Z,UNI131,"26.632391,51.971081",45000,450,104
1763909157,2025-11-23T14:45:57Z,UNI131,"26.630495,51.975712",45000,452,110
1763909159,2025-11-23T14:45:59Z,UNI131,"26.629181,51.979958",45000,444,107
1763909161,2025-11-23T14:46:01Z,UNI131,"26.627846,51.984238",45000,455,108
1763909163,2025-11-23T14:46:03Z,UNI131,"26.62624,51.988686",45000,458,110
1763909165,2025-11-23T14:46:05Z,UNI131,"26.624842,51.993053",45000,452,110
1763909167,2025-11-23T14:46:07Z,UNI131,"26.623175,51.997826",45000,456,110
1763909169,2025-11-23T14:46:09Z,UNI131,"26.621864,52.002087",45000,456,109
1763909171,2025-11-23T14:46:11Z,UNI131,"26.620295,52.006859",45000,456,110
1763909173,2025-11-23T14:46:13Z,UNI131,"26.618942,52.011299",45000,458,109
1763909175,2025-11-23T14:46:15Z,UNI131,"26.617537,52.015636",45000,250,110
1763909177,2025-11-23T14:46:17Z,UNI131,"26.615833,52.020206",45000,462,113
1763909179,2025-11-23T14:46:19Z,UNI131,"26.614433,52.024597",45000,453,110
1763909181,2025-11-23T14:46:21Z,UNI131,"26.612745,52.029446",45000,451,110
1763909183,2025-11-23T14:46:23Z,UNI131,"26.611422,52.033909",45000,451,109
1763909185,2025-11-23T14:46:25Z,UNI131,"26.60976,52.038651",45000,280,111
1763909187,2025-11-23T14:46:27Z,UNI131,"26.608416,52.04274",45000,445,112
1763909190,2025-11-23T14:46:30Z,UNI131,"26.606955,52.047443",45000,455,110
1763909192,2025-11-23T14:46:32Z,UNI131,"26.605463,52.051876",45000,458,110
1763909194,2025-11-23T14:46:34Z,UNI131,"26.603968,52.05621",45000,453,110
1763909196,2025-11-23T14:46:36Z,UNI131,"26.602514,52.060642",45000,454,110
1763909198,2025-11-23T14:46:38Z,UNI131,"26.60095,52.065598",45000,452,109
1763909200,2025-11-23T14:46:40Z,UNI131,"26.599411,52.06995",45000,450,110
1763909202,2025-11-23T14:46:42Z,UNI131,"26.597969,52.074371",45000,454,110
1763909204,2025-11-23T14:46:44Z,UNI131,"26.596464,52.078819",45000,458,110
1763909206,2025-11-23T14:46:46Z,UNI131,"26.595051,52.083191",45000,452,110
1763909235,2025-11-23T14:47:15Z,UNI131,"26.573996,52.148037",45000,340,85
1763909237,2025-11-23T14:47:17Z,UNI131,"26.572565,52.152428",45000,447,108
1763909239,2025-11-23T14:47:19Z,UNI131,"26.571005,52.156918",45000,460,111
1763909241,2025-11-23T14:47:21Z,UNI131,"26.569771,52.16135",45000,450,108
1763909243,2025-11-23T14:47:23Z,UNI131,"26.568382,52.165718",45000,450,109
1763909246,2025-11-23T14:47:26Z,UNI131,"26.566923,52.170174",45000,449,109
1763909248,2025-11-23T14:47:28Z,UNI131,"26.565491,52.17461",45000,450,109
1763909250,2025-11-23T14:47:30Z,UNI131,"26.564043,52.179096",45000,449,109
1763909252,2025-11-23T14:47:32Z,UNI131,"26.562624,52.183453",45000,450,109
1763909254,2025-11-23T14:47:34Z,UNI131,"26.561247,52.18779",45000,448,109
1763909256,2025-11-23T14:47:36Z,UNI131,"26.559547,52.193008",45000,449,109
1763909258,2025-11-23T14:47:38Z,UNI131,"26.557844,52.197495",45000,340,112
1763909260,2025-11-23T14:47:40Z,UNI131,"26.556765,52.201504",45000,290,106
1763909262,2025-11-23T14:47:42Z,UNI131,"26.555138,52.206066",45000,300,110
1763909264,2025-11-23T14:47:44Z,UNI131,"26.553732,52.210148",45000,450,110
1763909266,2025-11-23T14:47:46Z,UNI131,"26.552385,52.214577",45000,453,109
1763909268,2025-11-23T14:47:48Z,UNI131,"26.550947,52.218868",45000,447,109
1763909270,2025-11-23T14:47:50Z,UNI131,"26.550299,52.222424",45000,130,81
1763909272,2025-11-23T14:47:52Z,UNI131,"26.548023,52.227577",45000,450,110
1763909274,2025-11-23T14:47:54Z,UNI131,"26.54661,52.231907",45000,447,110
1763909276,2025-11-23T14:47:56Z,UNI131,"26.54513,52.236176",45000,446,110
1763909278,2025-11-23T14:47:58Z,UNI131,"26.543688,52.240635",45000,451,110
1763909280,2025-11-23T14:48:00Z,UNI131,"26.542238,52.245125",45000,449,110
1763909282,2025-11-23T14:48:02Z,UNI131,"26.540827,52.24947",45000,449,109
1763909284,2025-11-23T14:48:04Z,UNI131,"26.539421,52.253857",45000,449,109
1763909286,2025-11-23T14:48:06Z,UNI131,"26.538136,52.258205",45000,453,67
1763909288,2025-11-23T14:48:08Z,UNI131,"26.536568,52.262695",45000,453,110
1763909290,2025-11-23T14:48:10Z,UNI131,"26.535175,52.266933",45000,448,110
1763909292,2025-11-23T14:48:12Z,UNI131,"26.533737,52.271271",45000,449,110
1763909294,2025-11-23T14:48:14Z,UNI131,"26.531612,52.277775",45000,370,109
1763909297,2025-11-23T14:48:17Z,UNI131,"26.530409,52.283131",45000,310,79
1763909299,2025-11-23T14:48:19Z,UNI131,"26.52832,52.28767",45000,449,110
1763909302,2025-11-23T14:48:22Z,UNI131,"26.526733,52.292259",45000,447,110
1763909304,2025-11-23T14:48:24Z,UNI131,"26.525528,52.296474",45000,270,102
1763909306,2025-11-23T14:48:26Z,UNI131,"26.523769,52.300858",45000,438,114
1763909308,2025-11-23T14:48:28Z,UNI131,"26.522594,52.304981",45000,260,106
1763909310,2025-11-23T14:48:30Z,UNI131,"26.521099,52.309666",45000,450,109
1763909312,2025-11-23T14:48:32Z,UNI131,"26.519777,52.313873",45000,449,109
1763909314,2025-11-23T14:48:34Z,UNI131,"26.518251,52.318367",45000,446,110
1763909316,2025-11-23T14:48:36Z,UNI131,"26.516764,52.322777",45000,448,110
1763909318,2025-11-23T14:48:38Z,UNI131,"26.51528,52.327354",45000,448,110
1763909320,2025-11-23T14:48:40Z,UNI131,"26.513819,52.331818",45000,447,110
1763909322,2025-11-23T14:48:42Z,UNI131,"26.512421,52.336143",45000,444,110
1763909324,2025-11-23T14:48:44Z,UNI131,"26.51096,52.340572",45000,446,110
1763909326,2025-11-23T14:48:46Z,UNI131,"26.509527,52.344902",45000,446,110
1763909328,2025-11-23T14:48:48Z,UNI131,"26.508194,52.34927",45000,447,109
1763909330,2025-11-23T14:48:50Z,UNI131,"26.506748,52.353577",45000,446,110
1763909332,2025-11-23T14:48:52Z,UNI131,"26.50528,52.357925",45000,447,110
1763909334,2025-11-23T14:48:54Z,UNI131,"26.50383,52.362259",45000,449,110
1763909336,2025-11-23T14:48:56Z,UNI131,"26.50263,52.366676",45000,441,103
1763909338,2025-11-23T14:48:58Z,UNI131,"26.500576,52.371067",45000,260,119
1763909340,2025-11-23T14:49:00Z,UNI131,"26.499397,52.375393",45000,446,111
1763909342,2025-11-23T14:49:02Z,UNI131,"26.498098,52.379852",45000,447,109
1763909344,2025-11-23T14:49:04Z,UNI131,"26.496552,52.384136",45000,448,110
1763909346,2025-11-23T14:49:06Z,UNI131,"26.494783,52.389004",45000,448,111
1763909348,2025-11-23T14:49:08Z,UNI131,"26.493423,52.393501",45000,220,105
1763909351,2025-11-23T14:49:11Z,UNI131,"26.491964,52.398064",45000,447,108
1763909353,2025-11-23T14:49:13Z,UNI131,"26.490572,52.402451",45000,447,109
1763909355,2025-11-23T14:49:15Z,UNI131,"26.48905,52.406883",45000,448,109
1763909357,2025-11-23T14:49:17Z,UNI131,"26.48772,52.41119",45000,443,109
1763909359,2025-11-23T14:49:19Z,UNI131,"26.486248,52.415722",45000,450,109
1763909361,2025-11-23T14:49:21Z,UNI131,"26.484848,52.419888",45000,445,110
1763909363,2025-11-23T14:49:23Z,UNI131,"26.483326,52.42445",45000,443,110
1763909365,2025-11-23T14:49:25Z,UNI131,"26.481974,52.428761",45000,447,109
1763909367,2025-11-23T14:49:27Z,UNI131,"26.480532,52.43314",45000,446,109
1763909369,2025-11-23T14:49:29Z,UNI131,"26.479017,52.437614",45000,446,110
1763909371,2025-11-23T14:49:31Z,UNI131,"26.477579,52.44199",45000,445,110
1763909373,2025-11-23T14:49:33Z,UNI131,"26.476101,52.446388",45000,443,110
1763909375,2025-11-23T14:49:35Z,UNI131,"26.474705,52.450676",45000,260,108
1763909385,2025-11-23T14:49:45Z,UNI131,"26.467529,52.472977",45000,430,120
1763909387,2025-11-23T14:49:47Z,UNI131,"26.46637,52.476818",45000,260,106
1763909389,2025-11-23T14:49:49Z,UNI131,"26.464857,52.481464",45000,444,109
1763909391,2025-11-23T14:49:51Z,UNI131,"26.463331,52.485817",45000,449,110
1763909393,2025-11-23T14:49:53Z,UNI131,"26.461914,52.490128",45000,446,110
1763909395,2025-11-23T14:49:55Z,UNI131,"26.460526,52.494205",45000,441,110
1763909397,2025-11-23T14:49:57Z,UNI131,"26.458778,52.499176",45000,438,110
1763909399,2025-11-23T14:49:59Z,UNI131,"26.45718,52.503494",45000,290,107
1763909402,2025-11-23T14:50:02Z,UNI131,"26.456202,52.508018",45000,432,106
1763909404,2025-11-23T14:50:04Z,UNI131,"26.45471,52.512867",45000,320,104
1763909409,2025-11-23T14:50:09Z,UNI131,"26.450981,52.523258",45000,443,108
1763909411,2025-11-23T14:50:11Z,UNI131,"26.44949,52.528027",45000,448,109
1763909413,2025-11-23T14:50:13Z,UNI131,"26.448002,52.532284",45000,447,109
1763909415,2025-11-23T14:50:15Z,UNI131,"26.446453,52.537052",45000,446,109
1763909417,2025-11-23T14:50:17Z,UNI131,"26.444668,52.541035",45000,300,120
1763909419,2025-11-23T14:50:19Z,UNI131,"26.443739,52.545128",45000,427,107
1763909421,2025-11-23T14:50:21Z,UNI131,"26.442215,52.549992",45000,443,108
1763909423,2025-11-23T14:50:23Z,UNI131,"26.440794,52.554104",45000,446,109
1763909425,2025-11-23T14:50:25Z,UNI131,"26.439306,52.558472",45000,449,110
1763909427,2025-11-23T14:50:27Z,UNI131,"26.437868,52.562859",45000,447,110
1763909429,2025-11-23T14:50:29Z,UNI131,"26.436344,52.567375",44975,448,110
1763909431,2025-11-23T14:50:31Z,UNI131,"26.434883,52.571724",44950,448,110
1763909433,2025-11-23T14:50:33Z,UNI131,"26.433273,52.575939",44925,452,114
1763909435,2025-11-23T14:50:35Z,UNI131,"26.43202,52.580399",44900,450,108
1763909437,2025-11-23T14:50:37Z,UNI131,"26.430449,52.584949",44850,455,109
1763909439,2025-11-23T14:50:39Z,UNI131,"26.429035,52.589317",44800,250,109
1763909441,2025-11-23T14:50:41Z,UNI131,"26.427603,52.593822",44775,447,108
1763909443,2025-11-23T14:50:43Z,UNI131,"26.425804,52.598991",44725,452,110
1763909446,2025-11-23T14:50:46Z,UNI131,"26.4244,52.60347",44675,454,109
1763909448,2025-11-23T14:50:48Z,UNI131,"26.422922,52.607937",44650,453,109
1763909450,2025-11-23T14:50:50Z,UNI131,"26.421478,52.612282",44600,453,110
1763909452,2025-11-23T14:50:52Z,UNI131,"26.42013,52.616711",44550,454,109
1763909454,2025-11-23T14:50:54Z,UNI131,"26.418653,52.621174",44500,456,109
1763909456,2025-11-23T14:50:56Z,UNI131,"26.41707,52.625721",44450,456,110
1763909458,2025-11-23T14:50:58Z,UNI131,"26.415495,52.630142",44400,454,110
1763909460,2025-11-23T14:51:00Z,UNI131,"26.414167,52.634541",44350,451,109
1763909462,2025-11-23T14:51:02Z,UNI131,"26.41267,52.639164",44300,454,109
1763909493,2025-11-23T14:51:33Z,UNI131,"26.389849,52.707489",43450,457,110
1763909507,2025-11-23T14:51:47Z,UNI131,"26.379446,52.739059",42825,457,110
1763909519,2025-11-23T14:51:59Z,UNI131,"26.37009,52.76577",42350,465,113
1763909521,2025-11-23T14:52:01Z,UNI131,"26.368885,52.770157",42275,459,110
1763909523,2025-11-23T14:52:03Z,UNI131,"26.367195,52.775108",42175,458,110
1763909525,2025-11-23T14:52:05Z,UNI131,"26.365488,52.779987",42100,456,110
1763909527,2025-11-23T14:52:07Z,UNI131,"26.364294,52.783779",42025,458,110
1763909529,2025-11-23T14:52:09Z,UNI131,"26.362762,52.78886",41925,270,89
1763909532,2025-11-23T14:52:12Z,UNI131,"26.360498,52.792675",41825,150,147
1763909534,2025-11-23T14:52:14Z,UNI131,"26.359747,52.797928",41750,458,107
1763909536,2025-11-23T14:52:16Z,UNI131,"26.358206,52.802288",41675,457,109
1763909538,2025-11-23T14:52:18Z,UNI131,"26.35677,52.806755",41575,459,109
1763909540,2025-11-23T14:52:20Z,UNI131,"26.355177,52.811134",41500,459,110
1763909542,2025-11-23T14:52:22Z,UNI131,"26.354189,52.815876",41425,290,96
1763909545,2025-11-23T14:52:25Z,UNI131,"26.352478,52.823257",41275,200,109
1763909548,2025-11-23T14:52:28Z,UNI131,"26.349146,52.829258",41150,480,74
1763909550,2025-11-23T14:52:30Z,UNI131,"26.348488,52.833805",41075,330,99
1763909552,2025-11-23T14:52:32Z,UNI131,"26.347675,52.838093",40975,180,89
1763909554,2025-11-23T14:52:34Z,UNI131,"26.345018,52.843227",40900,453,97
1763909556,2025-11-23T14:52:36Z,UNI131,"26.343306,52.847649",40800,453,110
1763909558,2025-11-23T14:52:38Z,UNI131,"26.341822,52.852028",40700,458,110
1763909560,2025-11-23T14:52:40Z,UNI131,"26.340384,52.856407",40600,458,110
1763909562,2025-11-23T14:52:42Z,UNI131,"26.338919,52.860851",40525,459,110
1763909564,2025-11-23T14:52:44Z,UNI131,"26.337465,52.865269",40425,455,110
1763909566,2025-11-23T14:52:46Z,UNI131,"26.336031,52.869804",40350,457,109
1763909568,2025-11-23T14:52:48Z,UNI131,"26.334641,52.874153",40250,456,109
1763909570,2025-11-23T14:52:50Z,UNI131,"26.333099,52.87862",40150,480,114
1763909572,2025-11-23T14:52:52Z,UNI131,"26.331972,52.883087",40075,456,105
1763909574,2025-11-23T14:52:54Z,UNI131,"26.33033,52.887589",39975,457,110
1763909576,2025-11-23T14:52:56Z,UNI131,"26.328779,52.891968",39900,160,101
1763909578,2025-11-23T14:52:58Z,UNI131,"26.327377,52.896435",39800,453,108
1763909580,2025-11-23T14:53:00Z,UNI131,"26.3256,52.901657",39700,455,109
1763909583,2025-11-23T14:53:03Z,UNI131,"26.32402,52.906055",39625,461,110
1763909585,2025-11-23T14:53:05Z,UNI131,"26.322557,52.91058",39525,460,110
1763909587,2025-11-23T14:53:07Z,UNI131,"26.320942,52.915195",39425,458,110
1763909589,2025-11-23T14:53:09Z,UNI131,"26.31946,52.919628",39350,456,110
1763909591,2025-11-23T14:53:11Z,UNI131,"26.317854,52.924183",39250,460,110
1763909593,2025-11-23T14:53:13Z,UNI131,"26.316277,52.928585",39150,459,111
1763909595,2025-11-23T14:53:15Z,UNI131,"26.314268,52.932735",39075,459,87
1763909597,2025-11-23T14:53:17Z,UNI131,"26.313509,52.938076",38950,456,104
1763909599,2025-11-23T14:53:19Z,UNI131,"26.311577,52.942726",38875,270,110
1763909601,2025-11-23T14:53:21Z,UNI131,"26.310101,52.946762",38800,456,112
1763909603,2025-11-23T14:53:23Z,UNI131,"26.30854,52.952389",38675,390,105
1763909605,2025-11-23T14:53:25Z,UNI131,"26.304419,52.956089",38600,450,143
1763909607,2025-11-23T14:53:27Z,UNI131,"26.305468,52.959892",38500,140,105
1763909609,2025-11-23T14:53:29Z,UNI131,"26.304419,52.964504",38400,445,107
1763909611,2025-11-23T14:53:31Z,UNI131,"26.302433,52.96962",38325,380,116
1763909613,2025-11-23T14:53:33Z,UNI131,"26.301052,52.973438",38225,280,120
1763909615,2025-11-23T14:53:35Z,UNI131,"26.299852,52.977772",38150,444,109
1763909617,2025-11-23T14:53:37Z,UNI131,"26.297966,52.98325",38050,451,110
1763909619,2025-11-23T14:53:39Z,UNI131,"26.296736,52.987659",37950,340,103
1763909621,2025-11-23T14:53:41Z,UNI131,"26.295088,52.991947",37850,448,110
1763909623,2025-11-23T14:53:43Z,UNI131,"26.293724,52.99601",37775,456,110
1763909628,2025-11-23T14:53:48Z,UNI131,"26.290705,53.005154",37575,260,104
1763909630,2025-11-23T14:53:50Z,UNI131,"26.289276,53.009411",37500,130,96
1763909633,2025-11-23T14:53:53Z,UNI131,"26.28623,53.016834",37350,690,239
1763909635,2025-11-23T14:53:55Z,UNI131,"26.284634,53.022221",37275,300,118
1763909637,2025-11-23T14:53:57Z,UNI131,"26.282768,53.025063",37175,490,89
1763909639,2025-11-23T14:53:59Z,UNI131,"26.282501,53.02956",37075,290,103
1763909642,2025-11-23T14:54:02Z,UNI131,"26.278608,53.035404",36950,370,138
1763909644,2025-11-23T14:54:04Z,UNI131,"26.278696,53.040401",36875,456,114
1763909646,2025-11-23T14:54:06Z,UNI131,"26.277298,53.045139",36775,454,110
1763909648,2025-11-23T14:54:08Z,UNI131,"26.275892,53.049442",36675,456,110
1763909650,2025-11-23T14:54:10Z,UNI131,"26.27417,53.054363",36600,452,110
1763909652,2025-11-23T14:54:12Z,UNI131,"26.272881,53.058365",36500,451,110
1763909654,2025-11-23T14:54:14Z,UNI131,"26.27116,53.063293",36400,390,91
1763909656,2025-11-23T14:54:16Z,UNI131,"26.269796,53.067547",36325,320,109
1763909658,2025-11-23T14:54:18Z,UNI131,"26.265406,53.059494",36225,320,89
1763909663,2025-11-23T14:54:23Z,UNI131,"26.264404,53.083206",36000,320,90
1763909667,2025-11-23T14:54:27Z,UNI131,"26.263136,53.099857",35800,690,94
1763909676,2025-11-23T14:54:36Z,UNI131,"26.257074,53.115345",35425,360,113
1763909678,2025-11-23T14:54:38Z,UNI131,"26.266527,53.156094",35325,360,76
1763909689,2025-11-23T14:54:49Z,UNI131,"26.245378,53.140457",34825,250,92
1763909695,2025-11-23T14:54:55Z,UNI131,"26.24061,53.153427",34575,710,84
1763909699,2025-11-23T14:54:59Z,UNI131,"26.238623,53.161507",34375,710,89
1763909701,2025-11-23T14:55:01Z,UNI131,"26.237251,53.16782",34275,470,103
1763909703,2025-11-23T14:55:03Z,UNI131,"26.23514,53.171398",34175,420,118
1763909706,2025-11-23T14:55:06Z,UNI131,"26.233265,53.176807",34050,240,104
1763909709,2025-11-23T14:55:09Z,UNI131,"26.231712,53.183456",33900,400,91
1763909712,2025-11-23T14:55:12Z,UNI131,"26.229263,53.188957",33825,180,125
1763909715,2025-11-23T14:55:15Z,UNI131,"26.227747,53.195461",33675,260,94
1763909717,2025-11-23T14:55:17Z,UNI131,"26.227192,53.205471",33600,840,85
1763909720,2025-11-23T14:55:20Z,UNI131,"26.22323,53.206806",33450,110,95
1763909722,2025-11-23T14:55:22Z,UNI131,"26.221453,53.212368",33350,550,102
1763909725,2025-11-23T14:55:25Z,UNI131,"26.21965,53.216888",33225,30,93
1763909729,2025-11-23T14:55:29Z,UNI131,"26.21697,53.225773",33050,30,90
1763909732,2025-11-23T14:55:32Z,UNI131,"26.21468,53.232746",32900,350,110
1763909734,2025-11-23T14:55:34Z,UNI131,"26.212769,53.237431",32825,300,127
1763909742,2025-11-23T14:55:42Z,UNI131,"26.206459,53.255688",32450,430,113
1763909746,2025-11-23T14:55:46Z,UNI131,"26.203575,53.265076",32250,360,107
1763909750,2025-11-23T14:55:50Z,UNI131,"26.200495,53.273369",32075,470,112
1763909755,2025-11-23T14:55:55Z,UNI131,"26.196833,53.284283",31850,390,110
1763909758,2025-11-23T14:55:58Z,UNI131,"26.196482,53.287983",31750,250,96
1763909760,2025-11-23T14:56:00Z,UNI131,"26.193756,53.292072",31650,370,147
1763909762,2025-11-23T14:56:02Z,UNI131,"26.193521,53.296757",31600,100,128
1763909764,2025-11-23T14:56:04Z,UNI131,"26.191656,53.300613",31525,230,131
1763909766,2025-11-23T14:56:06Z,UNI131,"26.190493,53.304962",31475,150,105
1763909768,2025-11-23T14:56:08Z,UNI131,"26.18833,53.310158",31425,260,102
1763909770,2025-11-23T14:56:10Z,UNI131,"26.187504,53.313644",31400,160,100
1763909772,2025-11-23T14:56:12Z,UNI131,"26.185711,53.318325",31350,240,109
1763909774,2025-11-23T14:56:14Z,UNI131,"26.183466,53.322826",31300,350,122
1763909776,2025-11-23T14:56:16Z,UNI131,"26.183069,53.327518",31250,360,98
1763909778,2025-11-23T14:56:18Z,UNI131,"26.181271,53.331547",31200,250,118
1763909780,2025-11-23T14:56:20Z,UNI131,"26.179466,53.335739",31125,210,123
1763909782,2025-11-23T14:56:22Z,UNI131,"26.178661,53.340221",31100,300,101
1763909785,2025-11-23T14:56:25Z,UNI131,"26.175306,53.346516",31000,220,120
1763909787,2025-11-23T14:56:27Z,UNI131,"26.174246,53.351017",30925,270,101
1763909789,2025-11-23T14:56:29Z,UNI131,"26.172384,53.356071",30875,360,103
1763909791,2025-11-23T14:56:31Z,UNI131,"26.170248,53.359474",30825,270,133
1763909794,2025-11-23T14:56:34Z,UNI131,"26.167063,53.368282",30750,500,111
1763909796,2025-11-23T14:56:36Z,UNI131,"26.165689,53.37291",30700,270,98
1763909798,2025-11-23T14:56:38Z,UNI131,"26.163555,53.377068",30650,420,125
1763909801,2025-11-23T14:56:41Z,UNI131,"26.161312,53.383831",30550,320,105
1763909803,2025-11-23T14:56:43Z,UNI131,"26.160484,53.386784",30500,40,102
1763909807,2025-11-23T14:56:47Z,UNI131,"26.156658,53.394989",30400,320,112
1763909810,2025-11-23T14:56:50Z,UNI131,"26.153477,53.40118",30325,340,120
1763909812,2025-11-23T14:56:52Z,UNI131,"26.153112,53.412403",30275,920,85
1763909814,2025-11-23T14:56:54Z,UNI131,"26.149765,53.410397",30200,140,110
1763909816,2025-11-23T14:56:56Z,UNI131,"26.147898,53.415184",30150,320,111
1763909818,2025-11-23T14:56:58Z,UNI131,"26.146233,53.419842",30100,360,111
1763909820,2025-11-23T14:57:00Z,UNI131,"26.144169,53.424404",30050,20,117
1763909824,2025-11-23T14:57:04Z,UNI131,"26.140648,53.433083",29925,390,114
1763909826,2025-11-23T14:57:06Z,UNI131,"26.138477,53.43977",29875,450,103
1763909829,2025-11-23T14:57:09Z,UNI131,"26.136021,53.44445",29800,320,119
1763909831,2025-11-23T14:57:11Z,UNI131,"26.133625,53.448792",29750,360,121
1763909833,2025-11-23T14:57:13Z,UNI131,"26.131315,53.454479",29700,300,116
1763909838,2025-11-23T14:57:18Z,UNI131,"26.127512,53.463428",29575,390,125
1763909840,2025-11-23T14:57:20Z,UNI131,"26.126451,53.468147",29525,280,95
1763909842,2025-11-23T14:57:22Z,UNI131,"26.123814,53.473309",29475,430,119
1763909845,2025-11-23T14:57:25Z,UNI131,"26.120365,53.480164",29400,230,142
1763909848,2025-11-23T14:57:28Z,UNI131,"26.118158,53.486645",29325,350,106
1763909850,2025-11-23T14:57:30Z,UNI131,"26.116316,53.491425",29275,370,113
1763909852,2025-11-23T14:57:32Z,UNI131,"26.114422,53.495739",29225,290,102
1763909857,2025-11-23T14:57:37Z,UNI131,"26.109543,53.506516",29100,290,78
1763909860,2025-11-23T14:57:40Z,UNI131,"26.106573,53.515408",29025,340,110
1763909868,2025-11-23T14:57:48Z,UNI131,"26.099842,53.531132",28825,310,118
1763909874,2025-11-23T14:57:54Z,UNI131,"26.093313,53.546158",28650,480,115
1763909882,2025-11-23T14:58:02Z,UNI131,"26.086691,53.562046",28525,430,114
1763909887,2025-11-23T14:58:07Z,UNI131,"26.082666,53.572411",28450,350,113
1763909890,2025-11-23T14:58:10Z,UNI131,"26.079693,53.57954",28400,370,111
1763909892,2025-11-23T14:58:12Z,UNI131,"26.077852,53.583488",28375,290,117
1763909900,2025-11-23T14:58:20Z,UNI131,"26.070324,53.602226",28225,410,112
1763909904,2025-11-23T14:58:24Z,UNI131,"26.066574,53.61124",28150,400,114
1763909906,2025-11-23T14:58:26Z,UNI131,"26.063663,53.617531",28100,510,117
1763909908,2025-11-23T14:58:28Z,UNI131,"26.062159,53.621418",28075,300,115
1763909924,2025-11-23T14:58:44Z,UNI131,"26.048115,53.657547",27825,300,94
1763909926,2025-11-23T14:58:46Z,UNI131,"26.046728,53.660538",27775,220,117
1763909930,2025-11-23T14:58:50Z,UNI131,"26.042923,53.669704",27725,370,116
1763909933,2025-11-23T14:58:53Z,UNI131,"26.04034,53.676563",27675,360,114
1763909935,2025-11-23T14:58:55Z,UNI131,"26.03756,53.682037",27625,450,119
1763909939,2025-11-23T14:58:59Z,UNI131,"26.035067,53.690193",27550,360,108
1763909942,2025-11-23T14:59:02Z,UNI131,"26.031647,53.69556",27525,450,125
1763909945,2025-11-23T14:59:05Z,UNI131,"26.029163,53.703213",27475,430,109
1763909947,2025-11-23T14:59:07Z,UNI131,"26.027527,53.707394",27425,370,111
1763909957,2025-11-23T14:59:17Z,UNI131,"26.018312,53.72937",27275,483,114
1763909960,2025-11-23T14:59:20Z,UNI131,"26.015099,53.736912",27225,481,114
1763909966,2025-11-23T14:59:26Z,UNI131,"26.010517,53.748573",27125,482,114
1763909979,2025-11-23T14:59:39Z,UNI131,"25.998657,53.779266",26900,400,118
1763909985,2025-11-23T14:59:45Z,UNI131,"25.993923,53.792233",26800,400,112
1763909988,2025-11-23T14:59:48Z,UNI131,"25.990437,53.801373",26750,485,112
1763909994,2025-11-23T14:59:54Z,UNI131,"25.985153,53.814655",26625,390,113
1763909997,2025-11-23T14:59:57Z,UNI131,"25.982271,53.822399",26525,400,106
1763910000,2025-11-23T15:00:00Z,UNI131,"25.979631,53.827938",26400,320,117
1763910002,2025-11-23T15:00:02Z,UNI131,"25.977974,53.833641",26325,420,107
1763910005,2025-11-23T15:00:05Z,UNI131,"25.975803,53.837948",26250,330,119
1763910007,2025-11-23T15:00:07Z,UNI131,"25.974766,53.842953",26175,370,102
1763910009,2025-11-23T15:00:09Z,UNI131,"25.973,53.847652",26125,260,109
1763910011,2025-11-23T15:00:11Z,UNI131,"25.971302,53.852207",26050,360,112
1763910016,2025-11-23T15:00:16Z,UNI131,"25.96661,53.863735",25900,410,113
1763910018,2025-11-23T15:00:18Z,UNI131,"25.964634,53.868423",25825,70,127
1763910020,2025-11-23T15:00:20Z,UNI131,"25.962336,53.875179",25775,440,110
1763910022,2025-11-23T15:00:22Z,UNI131,"25.961283,53.878174",25700,230,111
1763910025,2025-11-23T15:00:25Z,UNI131,"25.958229,53.885757",25600,440,114
1763910031,2025-11-23T15:00:31Z,UNI131,"25.952257,53.900425",25400,370,113
1763910061,2025-11-23T15:01:01Z,UNI131,"25.92926,54.006767",24400,710,103
1763910071,2025-11-23T15:01:11Z,UNI131,"25.916037,53.991028",24050,90,157
1763910074,2025-11-23T15:01:14Z,UNI131,"25.909941,53.996918",23950,430,231
1763910078,2025-11-23T15:01:18Z,UNI131,"25.908688,54.006794",23825,220,159
1763910103,2025-11-23T15:01:43Z,UNI131,"25.885141,54.060795",23000,390,116
1763910105,2025-11-23T15:01:45Z,UNI131,"25.883572,54.064846",22950,300,113
1763910125,2025-11-23T15:02:05Z,UNI131,"25.863899,54.106335",22250,300,98
1763910128,2025-11-23T15:02:08Z,UNI131,"25.862343,54.112007",22175,370,106
1763910130,2025-11-23T15:02:10Z,UNI131,"25.86685,54.120956",22100,470,76
1763910132,2025-11-23T15:02:12Z,UNI131,"25.860458,54.122959",22025,280,42
1763910140,2025-11-23T15:02:20Z,UNI131,"25.851009,54.138382",21750,270,107
1763910143,2025-11-23T15:02:23Z,UNI131,"25.848734,54.145847",21650,465,106
1763910145,2025-11-23T15:02:25Z,UNI131,"25.846741,54.150303",21575,120,127
1763910147,2025-11-23T15:02:27Z,UNI131,"25.84547,54.155777",21525,470,104
1763910149,2025-11-23T15:02:29Z,UNI131,"25.845251,54.159935",21475,180,91
1763910153,2025-11-23T15:02:33Z,UNI131,"25.842037,54.17046",21325,460,108
1763910159,2025-11-23T15:02:39Z,UNI131,"25.839508,54.184505",21125,380,101
1763910162,2025-11-23T15:02:42Z,UNI131,"25.839085,54.19183",21025,290,86
1763910164,2025-11-23T15:02:44Z,UNI131,"25.836985,54.196808",20950,450,54
1763910166,2025-11-23T15:02:46Z,UNI131,"25.835924,54.201233",20875,330,104
1763910179,2025-11-23T15:02:59Z,UNI131,"25.810951,54.210243",20450,430,161
1763910185,2025-11-23T15:03:05Z,UNI131,"25.809072,54.224171",20250,130,96
1763910189,2025-11-23T15:03:09Z,UNI131,"25.807856,54.235065",20100,457,97
1763910192,2025-11-23T15:03:12Z,UNI131,"25.807249,54.240818",20025,458,96
1763910198,2025-11-23T15:03:18Z,UNI131,"25.805157,54.2542",19825,250,101
1763910209,2025-11-23T15:03:29Z,UNI131,"25.821514,54.299145",19475,473,65
1763910216,2025-11-23T15:03:36Z,UNI131,"25.818754,54.315617",19225,370,101
1763910218,2025-11-23T15:03:38Z,UNI131,"25.818024,54.32093",19150,380,98
1763910222,2025-11-23T15:03:42Z,UNI131,"25.816595,54.330128",19000,350,99
1763910597,2025-11-23T15:09:57Z,UNI131,"25.688509,55.015217",10225,334,108
1763910618,2025-11-23T15:10:18Z,UNI131,"25.676252,55.046272",10050,322,113
1763910625,2025-11-23T15:10:25Z,UNI131,"25.670887,55.056156",9950,318,224
1763910635,2025-11-23T15:10:35Z,UNI131,"25.663225,55.070847",9850,314,120
1763910647,2025-11-23T15:10:47Z,UNI131,"25.654192,55.087395",9700,310,31
1763910681,2025-11-23T15:11:21Z,UNI131,"25.629349,55.131454",9300,302,121
1763910693,2025-11-23T15:11:33Z,UNI131,"25.620697,55.147778",9150,300,129
1763910696,2025-11-23T15:11:36Z,UNI131,"25.618876,55.152733",9125,300,112
1763910728,2025-11-23T15:12:08Z,UNI131,"25.595772,55.195702",8725,302,119
1763910745,2025-11-23T15:12:25Z,UNI131,"25.58433,55.217957",8575,302,120
1763910751,2025-11-23T15:12:31Z,UNI131,"25.579788,55.226498",8500,302,123
1763910754,2025-11-23T15:12:34Z,UNI131,"25.578398,55.229256",8475,302,123
1763910756,2025-11-23T15:12:36Z,UNI131,"25.576744,55.231956",8450,302,123
1763910758,2025-11-23T15:12:38Z,UNI131,"25.573038,55.236393",8425,302,132
1763910760,2025-11-23T15:12:40Z,UNI131,"25.572529,55.238602",8400,302,104
1763910762,2025-11-23T15:12:42Z,UNI131,"25.57181,55.241516",8375,302,103
1763910768,2025-11-23T15:12:48Z,UNI131,"25.568178,55.248993",8325,302,118
1763910770,2025-11-23T15:12:50Z,UNI131,"25.566231,55.251415",8300,300,138
1763910772,2025-11-23T15:12:52Z,UNI131,"25.562956,55.254578",8275,300,161
1763910774,2025-11-23T15:12:54Z,UNI131,"25.564884,55.256996",8250,298,146
1763910776,2025-11-23T15:12:56Z,UNI131,"25.561831,55.259777",8225,296,155
1763910778,2025-11-23T15:12:58Z,UNI131,"25.560524,55.262672",8200,294,96
1763910782,2025-11-23T15:13:02Z,UNI131,"25.562321,55.26614",8175,292,28
1763910784,2025-11-23T15:13:04Z,UNI131,"25.557198,55.268425",8150,290,114
1763910786,2025-11-23T15:13:06Z,UNI131,"25.555914,55.271515",8125,286,174
1763910789,2025-11-23T15:13:09Z,UNI131,"25.554386,55.275551",8100,282,154
1763910792,2025-11-23T15:13:12Z,UNI131,"25.552954,55.279133",8050,278,152
1763910794,2025-11-23T15:13:14Z,UNI131,"25.549709,55.281803",8050,278,143
1763910797,2025-11-23T15:13:17Z,UNI131,"25.549454,55.285679",8000,272,138
1763910800,2025-11-23T15:13:20Z,UNI131,"25.545643,55.289738",7975,270,134
1763910802,2025-11-23T15:13:22Z,UNI131,"25.544607,55.29187",7950,266,149
1763910804,2025-11-23T15:13:24Z,UNI131,"25.547213,55.294205",7950,264,70
1763910806,2025-11-23T15:13:26Z,UNI131,"25.545856,55.296673",7950,262,51
1763910809,2025-11-23T15:13:29Z,UNI131,"25.543728,55.300228",7925,260,23
1763910811,2025-11-23T15:13:31Z,UNI131,"25.541073,55.302166",7925,260,15
1763910813,2025-11-23T15:13:33Z,UNI131,"25.53898,55.304985",7925,258,26
1763910815,2025-11-23T15:13:35Z,UNI131,"25.537157,55.307232",7925,258,131
1763910817,2025-11-23T15:13:37Z,UNI131,"25.537477,55.309998",7925,258,128
1763910819,2025-11-23T15:13:39Z,UNI131,"25.536064,55.311874",7925,256,150
1763910822,2025-11-23T15:13:42Z,UNI131,"25.534073,55.315037",7925,256,159
1763910824,2025-11-23T15:13:44Z,UNI131,"25.533754,55.317642",7925,256,94
1763910826,2025-11-23T15:13:46Z,UNI131,"25.530363,55.319744",7925,256,154
1763910829,2025-11-23T15:13:49Z,UNI131,"25.530645,55.322453",7925,256,127
1763910832,2025-11-23T15:13:52Z,UNI131,"25.527092,55.325951",7925,256,24
1763910834,2025-11-23T15:13:54Z,UNI131,"25.524818,55.32819",7925,254,128
1763910836,2025-11-23T15:13:56Z,UNI131,"25.524412,55.330708",7925,254,155
1763910838,2025-11-23T15:13:58Z,UNI131,"25.523237,55.332954",7925,254,147
1763910840,2025-11-23T15:14:00Z,UNI131,"25.522001,55.335056",7925,254,161
1763910842,2025-11-23T15:14:02Z,UNI131,"25.522411,55.337769",7925,254,66
1763910844,2025-11-23T15:14:04Z,UNI131,"25.519974,55.339855",7925,254,29
1763910846,2025-11-23T15:14:06Z,UNI131,"25.522955,55.342579",7925,252,20
1763910849,2025-11-23T15:14:09Z,UNI131,"25.51795,55.345238",7925,252,156
1763910851,2025-11-23T15:14:11Z,UNI131,"25.515841,55.347687",7925,252,118
1763910854,2025-11-23T15:14:14Z,UNI131,"25.51615,55.351303",7925,252,76
1763910856,2025-11-23T15:14:16Z,UNI131,"25.512648,55.353569",7925,252,90
1763910858,2025-11-23T15:14:18Z,UNI131,"25.511496,55.355354",7925,252,15
1763910863,2025-11-23T15:14:23Z,UNI131,"25.507008,55.360569",7925,252,154
1763910865,2025-11-23T15:14:25Z,UNI131,"25.504177,55.362835",7925,252,163
1763910867,2025-11-23T15:14:27Z,UNI131,"25.505442,55.365555",7925,254,154
1763910870,2025-11-23T15:14:30Z,UNI131,"25.505886,55.368568",7925,254,141
1763910874,2025-11-23T15:14:34Z,UNI131,"25.500563,55.372887",7925,252,143
1763910877,2025-11-23T15:14:37Z,UNI131,"25.495781,55.375435",7925,254,154
1763910880,2025-11-23T15:14:40Z,UNI131,"25.489677,55.378273",7925,254,180
1763910883,2025-11-23T15:14:43Z,UNI131,"25.492716,55.381222",7925,254,30
1763910885,2025-11-23T15:14:45Z,UNI131,"25.488907,55.382725",7925,254,163
1763910888,2025-11-23T15:14:48Z,UNI131,"25.491795,55.386753",7925,254,124
1763910891,2025-11-23T15:14:51Z,UNI131,"25.486593,55.389744",7925,254,152
1763910893,2025-11-23T15:14:53Z,UNI131,"25.487917,55.393188",7925,254,119
1763910921,2025-11-23T15:15:21Z,UNI131,"25.460493,55.418461",7925,256,130
1763910965,2025-11-23T15:16:05Z,UNI131,"25.444149,55.471695",7925,260,108
1763910998,2025-11-23T15:16:38Z,UNI131,"25.421165,55.503532",7825,258,126
1763911003,2025-11-23T15:16:43Z,UNI131,"25.420488,55.512455",7750,258,75
