{
  "type": "FeatureCollection",
  "features": [
    {
      "type": "Feature",
      "geometry": {
        "type": "LineString",
        "coordinates": [
          [
            -0.50981,
            38.274654
          ],
          [
            -0.501445,
            38.273739
          ],
          [
            -0.49927,
            38.273808
          ],
          [
            -0.495897,
            38.273968
          ],
          [
            -0.49204,
            38.274532
          ],
          [
            -0.490082,
            38.275047
          ],
          [
            -0.487372,
            38.275967
          ],
          [
            -0.48417,
            38.277042
          ],
          [
            -0.481943,
            38.277863
          ],
          [
            -0.479286,
            38.279125
          ],
          [
            -0.476893,
            38.280285
          ],
          [
            -0.474085,
            38.281868
          ],
          [
            -0.47209,
            38.282955
          ],
          [
            -0.470156,
            38.283985
          ],
          [
            -0.467723,
            38.285412
          ],
          [
            -0.462715,
            38.288418
          ],
          [
            -0.460836,
            38.289585
          ],
          [
            -0.458593,
            38.290951
          ],
          [
            -0.456181,
            38.292549
          ],
          [
            -0.45298,
            38.294792
          ],
          [
            -0.451104,
            38.296101
          ],
          [
            -0.448675,
            38.297676
          ],
          [
            -0.446893,
            38.298874
          ],
          [
            -0.443383,
            38.301216
          ],
          [
            -0.440726,
            38.302879
          ],
          [
            -0.438733,
            38.304131
          ],
          [
            -0.43101,
            38.309151
          ],
          [
            -0.416154,
            38.318214
          ],
          [
            -0.39931,
            38.326408
          ],
          [
            -0.396776,
            38.327797
          ],
          [
            -0.394796,
            38.329647
          ],
          [
            -0.392302,
            38.332104
          ],
          [
            -0.388661,
            38.334885
          ],
          [
            -0.386079,
            38.33749
          ],
          [
            -0.383883,
            38.34029
          ],
          [
            -0.38244,
            38.342331
          ],
          [
            -0.379783,
            38.345226
          ],
          [
            -0.377609,
            38.347603
          ],
          [
            -0.375014,
            38.350357
          ],
          [
            -0.372611,
            38.353043
          ],
          [
            -0.370741,
            38.355289
          ],
          [
            -0.368609,
            38.357708
          ],
          [
            -0.366525,
            38.360107
          ],
          [
            -0.364285,
            38.362728
          ],
          [
            -0.362015,
            38.365414
          ],
          [
            -0.359589,
            38.36832
          ],
          [
            -0.346714,
            38.384052
          ],
          [
            -0.333342,
            38.400776
          ],
          [
            -0.320915,
            38.41626
          ],
          [
            -0.306378,
            38.43364
          ],
          [
            -0.292313,
            38.45153
          ],
          [
            -0.275973,
            38.471836
          ],
          [
            -0.252119,
            38.504192
          ],
          [
            -0.250104,
            38.507999
          ],
          [
            -0.248536,
            38.51141
          ],
          [
            -0.247062,
            38.514629
          ],
          [
            -0.245481,
            38.518776
          ],
          [
            -0.244249,
            38.52232
          ],
          [
            -0.242874,
            38.526188
          ],
          [
            -0.241635,
            38.530041
          ],
          [
            -0.240351,
            38.533947
          ],
          [
            -0.2389,
            38.538464
          ],
          [
            -0.237865,
            38.542004
          ],
          [
            -0.236951,
            38.545101
          ],
          [
            -0.235904,
            38.549179
          ],
          [
            -0.234948,
            38.552662
          ],
          [
            -0.233408,
            38.558403
          ],
          [
            -0.232495,
            38.56205
          ],
          [
            -0.21937,
            38.615086
          ],
          [
            -0.217098,
            38.624039
          ],
          [
            -0.215913,
            38.628822
          ],
          [
            -0.214726,
            38.632771
          ],
          [
            -0.213586,
            38.637474
          ],
          [
            -0.212541,
            38.64146
          ],
          [
            -0.211466,
            38.645393
          ],
          [
            -0.210458,
            38.648903
          ],
          [
            -0.195251,
            38.70269
          ],
          [
            -0.175193,
            38.760345
          ],
          [
            -0.155517,
            38.817242
          ],
          [
            -0.134898,
            38.880192
          ],
          [
            -0.113555,
            38.940895
          ],
          [
            -0.099124,
            38.982784
          ],
          [
            -0.076765,
            39.047813
          ],
          [
            -0.054506,
            39.112362
          ],
          [
            -0.031908,
            39.177521
          ],
          [
            -0.010425,
            39.239609
          ],
          [
            0.012966,
            39.307003
          ],
          [
            0.035251,
            39.37077
          ],
          [
            0.057982,
            39.435928
          ],
          [
            0.07944,
            39.497288
          ],
          [
            0.101175,
            39.559681
          ],
          [
            0.123742,
            39.624107
          ],
          [
            0.14697,
            39.690052
          ],
          [
            0.168638,
            39.75145
          ],
          [
            0.191185,
            39.815502
          ],
          [
            0.215176,
            39.883251
          ],
          [
            0.238423,
            39.94857
          ],
          [
            0.262562,
            40.017101
          ],
          [
            0.286786,
            40.085209
          ],
          [
            0.309739,
            40.149487
          ],
          [
            0.311232,
            40.153698
          ],
          [
            0.313154,
            40.159
          ],
          [
            0.314643,
            40.163124
          ],
          [
            0.338633,
            40.229733
          ],
          [
            0.36191,
            40.295376
          ],
          [
            0.365175,
            40.30455
          ],
          [
            0.366761,
            40.30904
          ],
          [
            0.368473,
            40.313778
          ],
          [
            0.370177,
            40.31839
          ],
          [
            0.371749,
            40.322666
          ],
          [
            0.373546,
            40.327812
          ],
          [
            0.375079,
            40.332073
          ],
          [
            0.376752,
            40.336514
          ],
          [
            0.400408,
            40.402386
          ],
          [
            0.42421,
            40.468559
          ],
          [
            0.447091,
            40.531742
          ],
          [
            0.47174,
            40.599995
          ],
          [
            0.496376,
            40.668091
          ],
          [
            0.519378,
            40.731293
          ],
          [
            0.54406,
            40.799255
          ],
          [
            0.566856,
            40.862206
          ],
          [
            0.590681,
            40.927235
          ],
          [
            0.613384,
            40.98917
          ],
          [
            0.637375,
            41.054798
          ],
          [
            0.660392,
            41.11742
          ],
          [
            0.683371,
            41.178009
          ],
          [
            0.709561,
            41.243675
          ],
          [
            0.734679,
            41.308872
          ],
          [
            0.753608,
            41.371513
          ],
          [
            0.764804,
            41.440151
          ],
          [
            0.774921,
            41.505161
          ],
          [
            0.786457,
            41.57259
          ],
          [
            0.797913,
            41.640179
          ],
          [
            0.808606,
            41.702702
          ],
          [
            0.819509,
            41.765675
          ],
          [
            0.830623,
            41.829926
          ],
          [
            0.841922,
            41.895058
          ],
          [
            0.852823,
            41.957203
          ],
          [
            0.863599,
            42.01947
          ],
          [
            0.874532,
            42.082184
          ],
          [
            0.885493,
            42.144749
          ],
          [
            0.887788,
            42.184162
          ],
          [
            0.887407,
            42.188934
          ],
          [
            0.886841,
            42.193771
          ],
          [
            0.886342,
            42.197422
          ],
          [
            0.885618,
            42.201839
          ],
          [
            0.884938,
            42.205891
          ],
          [
            0.884172,
            42.210331
          ],
          [
            0.883395,
            42.214386
          ],
          [
            0.882541,
            42.218693
          ],
          [
            0.881663,
            42.222782
          ],
          [
            0.880764,
            42.226849
          ],
          [
            0.879775,
            42.231197
          ],
          [
            0.864606,
            42.290649
          ],
          [
            0.848271,
            42.3549
          ],
          [
            0.833271,
            42.418659
          ],
          [
            0.827462,
            42.443817
          ],
          [
            0.821027,
            42.468838
          ],
          [
            0.819999,
            42.473152
          ],
          [
            0.819067,
            42.476959
          ],
          [
            0.817858,
            42.481621
          ],
          [
            0.816737,
            42.486526
          ],
          [
            0.815896,
            42.490173
          ],
          [
            0.814777,
            42.49461
          ],
          [
            0.81377,
            42.498688
          ],
          [
            0.808764,
            42.519695
          ],
          [
            0.807671,
            42.5242
          ],
          [
            0.799631,
            42.557934
          ],
          [
            0.798629,
            42.562279
          ],
          [
            0.797669,
            42.566311
          ],
          [
            0.796512,
            42.57114
          ],
          [
            0.795455,
            42.575405
          ],
          [
            0.794498,
            42.579361
          ],
          [
            0.793512,
            42.58358
          ],
          [
            0.790452,
            42.596188
          ],
          [
            0.789431,
            42.600498
          ],
          [
            0.788355,
            42.605167
          ],
          [
            0.787294,
            42.609459
          ],
          [
            0.771832,
            42.67326
          ],
          [
            0.756445,
            42.73727
          ],
          [
            0.741976,
            42.797894
          ],
          [
            0.726823,
            42.860619
          ],
          [
            0.714475,
            42.911579
          ],
          [
            0.713502,
            42.91563
          ],
          [
            0.71243,
            42.920013
          ],
          [
            0.711404,
            42.924217
          ],
          [
            0.69568,
            42.988907
          ],
          [
            0.680379,
            43.052326
          ],
          [
            0.664738,
            43.116058
          ],
          [
            0.648812,
            43.181332
          ],
          [
            0.632806,
            43.247173
          ],
          [
            0.616819,
            43.312344
          ],
          [
            0.601038,
            43.37616
          ],
          [
            0.584929,
            43.441971
          ],
          [
            0.569078,
            43.506466
          ],
          [
            0.552993,
            43.570915
          ],
          [
            0.536896,
            43.63607
          ],
          [
            0.52498,
            43.683876
          ],
          [
            0.50877,
            43.749279
          ],
          [
            0.493164,
            43.811871
          ],
          [
            0.477397,
            43.87532
          ],
          [
            0.460774,
            43.941555
          ],
          [
            0.444845,
            44.004913
          ],
          [
            0.429277,
            44.066986
          ],
          [
            0.412607,
            44.133259
          ],
          [
            0.396149,
            44.197895
          ],
          [
            0.379743,
            44.263298
          ],
          [
            0.362334,
            44.331383
          ],
          [
            0.346164,
            44.394928
          ],
          [
            0.329179,
            44.461716
          ],
          [
            0.313119,
            44.524593
          ],
          [
            0.295762,
            44.592251
          ],
          [
            0.278951,
            44.658321
          ],
          [
            0.262793,
            44.72113
          ],
          [
            0.24511,
            44.789307
          ],
          [
            0.227417,
            44.857697
          ],
          [
            0.210766,
            44.922112
          ],
          [
            0.194533,
            44.98447
          ],
          [
            0.177256,
            45.051403
          ],
          [
            0.159892,
            45.117542
          ],
          [
            0.142581,
            45.183807
          ],
          [
            0.125588,
            45.248409
          ],
          [
            0.107605,
            45.31699
          ],
          [
            0.09063,
            45.381466
          ],
          [
            0.072634,
            45.449924
          ],
          [
            0.055664,
            45.51363
          ],
          [
            0.037462,
            45.582493
          ],
          [
            0.019786,
            45.648827
          ],
          [
            0.002219,
            45.714947
          ],
          [
            -0.015367,
            45.780586
          ],
          [
            -0.033052,
            45.846313
          ],
          [
            -0.050452,
            45.91156
          ],
          [
            -0.067881,
            45.976406
          ],
          [
            -0.085907,
            46.0429
          ],
          [
            -0.103987,
            46.110111
          ],
          [
            -0.121712,
            46.175407
          ],
          [
            -0.139443,
            46.240833
          ],
          [
            -0.157457,
            46.306763
          ],
          [
            -0.176545,
            46.376945
          ],
          [
            -0.195685,
            46.446854
          ],
          [
            -0.214945,
            46.517353
          ],
          [
            -0.232977,
            46.582771
          ],
          [
            -0.252443,
            46.652905
          ],
          [
            -0.269631,
            46.714909
          ],
          [
            -0.27085,
            46.719398
          ],
          [
            -0.272359,
            46.724842
          ],
          [
            -0.273785,
            46.729961
          ],
          [
            -0.275004,
            46.734222
          ],
          [
            -0.276209,
            46.738972
          ],
          [
            -0.277438,
            46.743591
          ],
          [
            -0.296325,
            46.811657
          ],
          [
            -0.315465,
            46.880165
          ],
          [
            -0.334458,
            46.948334
          ],
          [
            -0.3539,
            47.017841
          ],
          [
            -0.372697,
            47.085052
          ],
          [
            -0.391418,
            47.151615
          ],
          [
            -0.411172,
            47.22155
          ],
          [
            -0.430911,
            47.29163
          ],
          [
            -0.449874,
            47.358383
          ],
          [
            -0.469784,
            47.428188
          ],
          [
            -0.488579,
            47.494278
          ],
          [
            -0.508332,
            47.563164
          ],
          [
            -0.526891,
            47.628246
          ],
          [
            -0.545347,
            47.692596
          ],
          [
            -0.56406,
            47.757515
          ],
          [
            -0.583014,
            47.822884
          ],
          [
            -0.602117,
            47.888882
          ],
          [
            -0.620685,
            47.95332
          ],
          [
            -0.639085,
            48.016609
          ],
          [
            -0.658719,
            48.083717
          ],
          [
            -0.677859,
            48.149456
          ],
          [
            -0.697181,
            48.215172
          ],
          [
            -0.715958,
            48.279018
          ],
          [
            -0.735258,
            48.344414
          ],
          [
            -0.754316,
            48.409042
          ],
          [
            -0.773612,
            48.474419
          ],
          [
            -0.792964,
            48.539124
          ],
          [
            -0.812057,
            48.603439
          ],
          [
            -0.831348,
            48.668255
          ],
          [
            -0.850535,
            48.73204
          ],
          [
            -0.869328,
            48.794861
          ],
          [
            -0.888225,
            48.857784
          ],
          [
            -0.907495,
            48.921288
          ],
          [
            -0.92678,
            48.985119
          ],
          [
            -0.929376,
            48.993793
          ],
          [
            -0.930639,
            48.997944
          ],
          [
            -0.934237,
            49.009922
          ],
          [
            -0.953794,
            49.07439
          ],
          [
            -0.97349,
            49.138477
          ],
          [
            -0.992911,
            49.202652
          ],
          [
            -1.01233,
            49.266216
          ],
          [
            -1.031771,
            49.329433
          ],
          [
            -1.044924,
            49.386063
          ],
          [
            -1.04509,
            49.390644
          ],
          [
            -1.045041,
            49.395092
          ],
          [
            -1.044929,
            49.399616
          ],
          [
            -1.044669,
            49.403591
          ],
          [
            -1.04431,
            49.407925
          ],
          [
            -1.043738,
            49.413029
          ],
          [
            -1.043131,
            49.417736
          ],
          [
            -1.042664,
            49.421219
          ],
          [
            -1.041998,
            49.425728
          ],
          [
            -1.041119,
            49.430508
          ],
          [
            -1.040212,
            49.435532
          ],
          [
            -1.039371,
            49.439922
          ],
          [
            -1.038348,
            49.444733
          ],
          [
            -1.037267,
            49.449512
          ],
          [
            -1.036154,
            49.454266
          ],
          [
            -1.018909,
            49.517036
          ],
          [
            -1.000938,
            49.584457
          ],
          [
            -0.995922,
            49.60807
          ],
          [
            -0.994703,
            49.612598
          ],
          [
            -0.993261,
            49.616901
          ],
          [
            -0.991931,
            49.621685
          ],
          [
            -0.990971,
            49.626003
          ],
          [
            -0.989869,
            49.631031
          ],
          [
            -0.989091,
            49.635406
          ],
          [
            -0.987791,
            49.64003
          ],
          [
            -0.986629,
            49.644493
          ],
          [
            -0.98535,
            49.648903
          ],
          [
            -0.984133,
            49.65358
          ],
          [
            -0.98299,
            49.65826
          ],
          [
            -0.981862,
            49.662407
          ],
          [
            -0.980752,
            49.667019
          ],
          [
            -0.979567,
            49.671734
          ],
          [
            -0.978461,
            49.675995
          ],
          [
            -0.977237,
            49.680744
          ],
          [
            -0.975795,
            49.686375
          ],
          [
            -0.974921,
            49.689552
          ],
          [
            -0.973752,
            49.694061
          ],
          [
            -0.956525,
            49.761429
          ],
          [
            -0.93979,
            49.827843
          ],
          [
            -0.92312,
            49.89426
          ],
          [
            -0.906216,
            49.961052
          ],
          [
            -0.889604,
            50.026169
          ],
          [
            -0.872998,
            50.091717
          ],
          [
            -0.855904,
            50.158512
          ],
          [
            -0.838882,
            50.22496
          ],
          [
            -0.822031,
            50.290474
          ],
          [
            -0.805007,
            50.356949
          ],
          [
            -0.787258,
            50.425262
          ],
          [
            -0.769681,
            50.493305
          ],
          [
            -0.751746,
            50.562531
          ],
          [
            -0.73396,
            50.630466
          ],
          [
            -0.716731,
            50.696121
          ],
          [
            -0.699169,
            50.76289
          ],
          [
            -0.681625,
            50.831036
          ],
          [
            -0.663309,
            50.899624
          ],
          [
            -0.644224,
            50.971718
          ],
          [
            -0.626432,
            51.039227
          ],
          [
            -0.608383,
            51.106705
          ],
          [
            -0.590492,
            51.173424
          ],
          [
            -0.573074,
            51.238449
          ],
          [
            -0.556393,
            51.301086
          ],
          [
            -0.54046,
            51.360363
          ],
          [
            -0.525182,
            51.416969
          ],
          [
            -0.510614,
            51.470665
          ],
          [
            -0.497102,
            51.520664
          ],
          [
            -0.484119,
            51.568542
          ],
          [
            -0.470178,
            51.620014
          ],
          [
            -0.461958,
            51.66333
          ],
          [
            -0.462492,
            51.666889
          ],
          [
            -0.463251,
            51.67012
          ],
          [
            -0.464166,
            51.673542
          ],
          [
            -0.465249,
            51.676815
          ],
          [
            -0.466552,
            51.680222
          ],
          [
            -0.467782,
            51.683334
          ],
          [
            -0.469232,
            51.686462
          ],
          [
            -0.470814,
            51.689735
          ],
          [
            -0.472513,
            51.693024
          ],
          [
            -0.474106,
            51.696033
          ],
          [
            -0.475783,
            51.698982
          ],
          [
            -0.477649,
            51.702137
          ],
          [
            -0.479432,
            51.705078
          ],
          [
            -0.481293,
            51.708073
          ],
          [
            -0.483185,
            51.710953
          ],
          [
            -0.485112,
            51.71389
          ],
          [
            -0.487062,
            51.7169
          ],
          [
            -0.489152,
            51.719902
          ],
          [
            -0.49115,
            51.722778
          ],
          [
            -0.493118,
            51.725624
          ],
          [
            -0.495185,
            51.728512
          ],
          [
            -0.526498,
            51.771946
          ],
          [
            -0.557682,
            51.81797
          ],
          [
            -0.588038,
            51.862659
          ],
          [
            -0.618979,
            51.907799
          ],
          [
            -0.650452,
            51.953945
          ],
          [
            -0.681175,
            51.999062
          ],
          [
            -0.710964,
            52.042343
          ],
          [
            -0.740511,
            52.085285
          ],
          [
            -0.770096,
            52.128296
          ],
          [
            -0.784117,
            52.148697
          ],
          [
            -0.786172,
            52.151695
          ],
          [
            -0.816356,
            52.195164
          ],
          [
            -0.821313,
            52.200649
          ],
          [
            -0.824391,
            52.20343
          ],
          [
            -0.827443,
            52.205734
          ],
          [
            -0.831188,
            52.208214
          ],
          [
            -0.834771,
            52.210297
          ],
          [
            -0.838684,
            52.212296
          ],
          [
            -0.842631,
            52.214172
          ],
          [
            -0.846512,
            52.215832
          ],
          [
            -0.850578,
            52.2174
          ],
          [
            -0.855031,
            52.219082
          ],
          [
            -0.859236,
            52.220493
          ],
          [
            -0.863639,
            52.221874
          ],
          [
            -0.8679,
            52.223103
          ],
          [
            -0.872461,
            52.22435
          ],
          [
            -0.876888,
            52.225479
          ],
          [
            -0.881562,
            52.226624
          ],
          [
            -0.886021,
            52.227676
          ],
          [
            -0.89039,
            52.228626
          ],
          [
            -0.894862,
            52.229576
          ],
          [
            -0.899231,
            52.230442
          ],
          [
            -0.904213,
            52.231407
          ],
          [
            -0.908548,
            52.232239
          ],
          [
            -0.913181,
            52.233086
          ],
          [
            -0.917723,
            52.233906
          ],
          [
            -0.922463,
            52.234745
          ],
          [
            -0.926864,
            52.235458
          ],
          [
            -0.931769,
            52.236263
          ],
          [
            -0.93612,
            52.236969
          ],
          [
            -0.963449,
            52.241207
          ],
          [
            -0.995758,
            52.24604
          ],
          [
            -1.02677,
            52.250851
          ],
          [
            -1.057144,
            52.255848
          ],
          [
            -1.083295,
            52.260338
          ],
          [
            -1.109272,
            52.264771
          ],
          [
            -1.139987,
            52.269939
          ],
          [
            -1.166739,
            52.274311
          ],
          [
            -1.198378,
            52.279533
          ],
          [
            -1.224468,
            52.283924
          ],
          [
            -1.255112,
            52.289097
          ],
          [
            -1.281401,
            52.293526
          ],
          [
            -1.306846,
            52.29781
          ],
          [
            -1.337114,
            52.302814
          ],
          [
            -1.362154,
            52.306942
          ],
          [
            -1.392053,
            52.311886
          ],
          [
            -1.41712,
            52.315948
          ],
          [
            -1.429638,
            52.316872
          ],
          [
            -1.433876,
            52.316776
          ],
          [
            -1.437911,
            52.31649
          ],
          [
            -1.442134,
            52.316006
          ],
          [
            -1.446063,
            52.315361
          ],
          [
            -1.449824,
            52.31448
          ],
          [
            -1.453489,
            52.313438
          ],
          [
            -1.456896,
            52.312275
          ],
          [
            -1.460147,
            52.310966
          ],
          [
            -1.463264,
            52.309498
          ],
          [
            -1.46622,
            52.307888
          ],
          [
            -1.469121,
            52.306122
          ],
          [
            -1.471881,
            52.304321
          ],
          [
            -1.474682,
            52.302406
          ],
          [
            -1.477233,
            52.300617
          ],
          [
            -1.479749,
            52.298794
          ],
          [
            -1.482196,
            52.297009
          ],
          [
            -1.484898,
            52.294907
          ],
          [
            -1.487454,
            52.292946
          ],
          [
            -1.489868,
            52.291092
          ],
          [
            -1.49212,
            52.289227
          ],
          [
            -1.494448,
            52.287403
          ],
          [
            -1.497022,
            52.285343
          ],
          [
            -1.499343,
            52.28336
          ],
          [
            -1.501618,
            52.281296
          ],
          [
            -1.503735,
            52.279236
          ],
          [
            -1.505632,
            52.277
          ],
          [
            -1.507058,
            52.274807
          ],
          [
            -1.508322,
            52.272511
          ],
          [
            -1.509219,
            52.270027
          ],
          [
            -1.509838,
            52.267464
          ],
          [
            -1.510133,
            52.265198
          ],
          [
            -1.510109,
            52.262444
          ],
          [
            -1.509785,
            52.259766
          ],
          [
            -1.509022,
            52.257263
          ],
          [
            -1.508113,
            52.254887
          ],
          [
            -1.506761,
            52.252411
          ],
          [
            -1.505056,
            52.249847
          ],
          [
            -1.503106,
            52.247513
          ],
          [
            -1.500762,
            52.245014
          ],
          [
            -1.497859,
            52.242573
          ],
          [
            -1.494984,
            52.240437
          ],
          [
            -1.491826,
            52.238552
          ],
          [
            -1.488377,
            52.23674
          ],
          [
            -1.484489,
            52.235035
          ],
          [
            -1.480935,
            52.233646
          ],
          [
            -1.477044,
            52.232407
          ],
          [
            -1.473094,
            52.231331
          ],
          [
            -1.469134,
            52.230473
          ],
          [
            -1.465061,
            52.229828
          ],
          [
            -1.460938,
            52.229328
          ],
          [
            -1.456148,
            52.228943
          ],
          [
            -1.451955,
            52.228867
          ],
          [
            -1.447721,
            52.228931
          ],
          [
            -1.443505,
            52.229218
          ],
          [
            -1.439063,
            52.229843
          ],
          [
            -1.435576,
            52.230404
          ],
          [
            -1.431896,
            52.231266
          ],
          [
            -1.428082,
            52.232258
          ],
          [
            -1.424821,
            52.233414
          ],
          [
            -1.42164,
            52.234756
          ],
          [
            -1.418524,
            52.236217
          ],
          [
            -1.415417,
            52.238007
          ],
          [
            -1.413128,
            52.239574
          ],
          [
            -1.41068,
            52.241425
          ],
          [
            -1.408604,
            52.243248
          ],
          [
            -1.406565,
            52.245094
          ],
          [
            -1.404556,
            52.246979
          ],
          [
            -1.402644,
            52.248863
          ],
          [
            -1.400756,
            52.250767
          ],
          [
            -1.39885,
            52.252678
          ],
          [
            -1.397072,
            52.254597
          ],
          [
            -1.395293,
            52.256454
          ],
          [
            -1.393317,
            52.258598
          ],
          [
            -1.391556,
            52.260521
          ],
          [
            -1.389808,
            52.262463
          ],
          [
            -1.388166,
            52.264423
          ],
          [
            -1.386742,
            52.266464
          ],
          [
            -1.38555,
            52.268478
          ],
          [
            -1.384605,
            52.270679
          ],
          [
            -1.384048,
            52.272751
          ],
          [
            -1.383872,
            52.27483
          ],
          [
            -1.383952,
            52.277012
          ],
          [
            -1.384354,
            52.279182
          ],
          [
            -1.385009,
            52.281078
          ],
          [
            -1.386041,
            52.283134
          ],
          [
            -1.387313,
            52.284931
          ],
          [
            -1.388841,
            52.286636
          ],
          [
            -1.390563,
            52.288124
          ],
          [
            -1.392602,
            52.289581
          ],
          [
            -1.39489,
            52.290821
          ],
          [
            -1.397453,
            52.292011
          ],
          [
            -1.399923,
            52.292889
          ],
          [
            -1.40258,
            52.293636
          ],
          [
            -1.405405,
            52.294167
          ],
          [
            -1.408382,
            52.294518
          ],
          [
            -1.411159,
            52.294674
          ],
          [
            -1.414103,
            52.294666
          ],
          [
            -1.416923,
            52.294399
          ],
          [
            -1.419679,
            52.294018
          ],
          [
            -1.42251,
            52.293377
          ],
          [
            -1.425121,
            52.292591
          ],
          [
            -1.42802,
            52.291622
          ],
          [
            -1.430542,
            52.290554
          ],
          [
            -1.433031,
            52.289532
          ],
          [
            -1.435674,
            52.288372
          ],
          [
            -1.438035,
            52.287262
          ],
          [
            -1.44053,
            52.286118
          ],
          [
            -1.442836,
            52.28503
          ],
          [
            -1.445334,
            52.283897
          ],
          [
            -1.447806,
            52.282715
          ],
          [
            -1.450179,
            52.281582
          ],
          [
            -1.452456,
            52.280468
          ],
          [
            -1.454852,
            52.279362
          ],
          [
            -1.457141,
            52.278225
          ],
          [
            -1.459572,
            52.277107
          ],
          [
            -1.461967,
            52.275974
          ],
          [
            -1.464559,
            52.274734
          ],
          [
            -1.466963,
            52.273743
          ],
          [
            -1.469715,
            52.272717
          ],
          [
            -1.47228,
            52.271965
          ],
          [
            -1.475165,
            52.271393
          ],
          [
            -1.47795,
            52.271042
          ],
          [
            -1.481045,
            52.270824
          ],
          [
            -1.483543,
            52.270863
          ],
          [
            -1.486471,
            52.271088
          ],
          [
            -1.489149,
            52.271423
          ],
          [
            -1.491875,
            52.271923
          ],
          [
            -1.494703,
            52.272572
          ],
          [
            -1.497222,
            52.273167
          ],
          [
            -1.499795,
            52.273785
          ],
          [
            -1.502288,
            52.274406
          ],
          [
            -1.504855,
            52.275021
          ],
          [
            -1.507409,
            52.275719
          ],
          [
            -1.509539,
            52.276325
          ],
          [
            -1.511958,
            52.276978
          ],
          [
            -1.514371,
            52.277664
          ],
          [
            -1.516505,
            52.27829
          ],
          [
            -1.518793,
            52.278927
          ],
          [
            -1.521056,
            52.279575
          ],
          [
            -1.52327,
            52.280197
          ],
          [
            -1.525585,
            52.280857
          ],
          [
            -1.527866,
            52.281509
          ],
          [
            -1.53008,
            52.282146
          ],
          [
            -1.532393,
            52.282814
          ],
          [
            -1.534705,
            52.283485
          ],
          [
            -1.536712,
            52.284027
          ],
          [
            -1.538969,
            52.284645
          ],
          [
            -1.541429,
            52.285355
          ],
          [
            -1.543739,
            52.286037
          ],
          [
            -1.54586,
            52.286663
          ],
          [
            -1.547952,
            52.287338
          ],
          [
            -1.550116,
            52.288109
          ],
          [
            -1.552007,
            52.288956
          ],
          [
            -1.554009,
            52.290028
          ],
          [
            -1.5558,
            52.291054
          ],
          [
            -1.557505,
            52.292145
          ],
          [
            -1.559307,
            52.293278
          ],
          [
            -1.561039,
            52.294441
          ],
          [
            -1.562744,
            52.295635
          ],
          [
            -1.564531,
            52.296871
          ],
          [
            -1.566051,
            52.298046
          ],
          [
            -1.567809,
            52.299362
          ],
          [
            -1.569674,
            52.300774
          ],
          [
            -1.571101,
            52.301876
          ],
          [
            -1.57289,
            52.303192
          ],
          [
            -1.574336,
            52.304279
          ],
          [
            -1.576171,
            52.30558
          ],
          [
            -1.578023,
            52.306782
          ],
          [
            -1.579819,
            52.307972
          ],
          [
            -1.581624,
            52.309193
          ],
          [
            -1.583511,
            52.310436
          ],
          [
            -1.585472,
            52.311718
          ],
          [
            -1.587185,
            52.312874
          ],
          [
            -1.589209,
            52.314274
          ],
          [
            -1.590986,
            52.315441
          ],
          [
            -1.592905,
            52.316738
          ],
          [
            -1.59488,
            52.318119
          ],
          [
            -1.596372,
            52.319176
          ],
          [
            -1.598065,
            52.320496
          ],
          [
            -1.599762,
            52.321762
          ],
          [
            -1.601473,
            52.323036
          ],
          [
            -1.603038,
            52.324295
          ],
          [
            -1.604798,
            52.32571
          ],
          [
            -1.606359,
            52.326954
          ],
          [
            -1.607967,
            52.328552
          ],
          [
            -1.610167,
            52.330151
          ],
          [
            -1.611799,
            52.331402
          ],
          [
            -1.613438,
            52.332912
          ],
          [
            -1.614974,
            52.334202
          ],
          [
            -1.616417,
            52.335552
          ],
          [
            -1.617946,
            52.336842
          ],
          [
            -1.619505,
            52.338226
          ],
          [
            -1.621742,
            52.340092
          ],
          [
            -1.623091,
            52.341217
          ],
          [
            -1.624676,
            52.342712
          ],
          [
            -1.625966,
            52.343899
          ],
          [
            -1.627414,
            52.345234
          ],
          [
            -1.628772,
            52.346432
          ],
          [
            -1.630281,
            52.347755
          ],
          [
            -1.631699,
            52.348972
          ],
          [
            -1.633066,
            52.350246
          ],
          [
            -1.634489,
            52.351532
          ],
          [
            -1.635917,
            52.352768
          ],
          [
            -1.637236,
            52.354019
          ],
          [
            -1.63875,
            52.355366
          ],
          [
            -1.640277,
            52.356739
          ],
          [
            -1.641674,
            52.357971
          ],
          [
            -1.642995,
            52.359142
          ],
          [
            -1.644406,
            52.360416
          ],
          [
            -1.645306,
            52.36005
          ],
          [
            -1.6466,
            52.361412
          ],
          [
            -1.648276,
            52.362038
          ],
          [
            -1.649268,
            52.363934
          ],
          [
            -1.652732,
            52.367908
          ],
          [
            -1.654202,
            52.369377
          ],
          [
            -1.655675,
            52.370663
          ],
          [
            -1.657111,
            52.371906
          ],
          [
            -1.658772,
            52.373394
          ],
          [
            -1.660602,
            52.375019
          ],
          [
            -1.662094,
            52.376278
          ],
          [
            -1.663414,
            52.377522
          ],
          [
            -1.6648,
            52.378941
          ],
          [
            -1.666151,
            52.380234
          ],
          [
            -1.667791,
            52.381687
          ],
          [
            -1.669531,
            52.383205
          ],
          [
            -1.671076,
            52.384541
          ],
          [
            -1.672498,
            52.385777
          ],
          [
            -1.674038,
            52.387157
          ],
          [
            -1.67559,
            52.388676
          ],
          [
            -1.677057,
            52.390038
          ],
          [
            -1.678582,
            52.391254
          ],
          [
            -1.680222,
            52.39275
          ],
          [
            -1.681309,
            52.393688
          ],
          [
            -1.68284,
            52.395164
          ],
          [
            -1.684071,
            52.39642
          ],
          [
            -1.685512,
            52.397633
          ],
          [
            -1.686784,
            52.398834
          ],
          [
            -1.688334,
            52.400295
          ],
          [
            -1.689518,
            52.401329
          ],
          [
            -1.691068,
            52.402634
          ],
          [
            -1.69241,
            52.403732
          ],
          [
            -1.693692,
            52.404842
          ],
          [
            -1.695217,
            52.406185
          ],
          [
            -1.696349,
            52.407192
          ],
          [
            -1.697678,
            52.408424
          ],
          [
            -1.698825,
            52.409435
          ],
          [
            -1.699962,
            52.410595
          ],
          [
            -1.700948,
            52.411575
          ],
          [
            -1.702495,
            52.412918
          ],
          [
            -1.703292,
            52.413631
          ],
          [
            -1.704661,
            52.414814
          ],
          [
            -1.705828,
            52.415825
          ],
          [
            -1.709098,
            52.418839
          ],
          [
            -1.710244,
            52.419544
          ],
          [
            -1.713867,
            52.422928
          ],
          [
            -1.732705,
            52.429367
          ],
          [
            -1.733304,
            52.432304
          ]
        ]
      },
      "properties": {
        "time_europe_berlin": [
          "10.12.2025 14:51:14",
          "10.12.2025 14:51:22",
          "10.12.2025 14:51:24",
          "10.12.2025 14:51:27",
          "10.12.2025 14:51:30",
          "10.12.2025 14:51:33",
          "10.12.2025 14:51:35",
          "10.12.2025 14:51:38",
          "10.12.2025 14:51:40",
          "10.12.2025 14:51:43",
          "10.12.2025 14:51:46",
          "10.12.2025 14:51:48",
          "10.12.2025 14:51:51",
          "10.12.2025 14:51:53",
          "10.12.2025 14:51:55",
          "10.12.2025 14:52:00",
          "10.12.2025 14:52:02",
          "10.12.2025 14:52:05",
          "10.12.2025 14:52:07",
          "10.12.2025 14:52:10",
          "10.12.2025 14:52:12",
          "10.12.2025 14:52:15",
          "10.12.2025 14:52:17",
          "10.12.2025 14:52:20",
          "10.12.2025 14:52:23",
          "10.12.2025 14:52:25",
          "10.12.2025 14:52:32",
          "10.12.2025 14:52:47",
          "10.12.2025 14:52:58",
          "10.12.2025 14:53:01",
          "10.12.2025 14:53:03",
          "10.12.2025 14:53:05",
          "10.12.2025 14:53:08",
          "10.12.2025 14:53:11",
          "10.12.2025 14:53:13",
          "10.12.2025 14:53:15",
          "10.12.2025 14:53:18",
          "10.12.2025 14:53:20",
          "10.12.2025 14:53:23",
          "10.12.2025 14:53:25",
          "10.12.2025 14:53:27",
          "10.12.2025 14:53:29",
          "10.12.2025 14:53:31",
          "10.12.2025 14:53:33",
          "10.12.2025 14:53:36",
          "10.12.2025 14:53:38",
          "10.12.2025 14:53:53",
          "10.12.2025 14:54:07",
          "10.12.2025 14:54:20",
          "10.12.2025 14:54:34",
          "10.12.2025 14:54:48",
          "10.12.2025 14:55:03",
          "10.12.2025 14:55:26",
          "10.12.2025 14:55:28",
          "10.12.2025 14:55:30",
          "10.12.2025 14:55:33",
          "10.12.2025 14:55:35",
          "10.12.2025 14:55:37",
          "10.12.2025 14:55:40",
          "10.12.2025 14:55:42",
          "10.12.2025 14:55:44",
          "10.12.2025 14:55:47",
          "10.12.2025 14:55:49",
          "10.12.2025 14:55:51",
          "10.12.2025 14:55:53",
          "10.12.2025 14:55:56",
          "10.12.2025 14:55:58",
          "10.12.2025 14:56:01",
          "10.12.2025 14:56:32",
          "10.12.2025 14:56:38",
          "10.12.2025 14:56:40",
          "10.12.2025 14:56:42",
          "10.12.2025 14:56:45",
          "10.12.2025 14:56:47",
          "10.12.2025 14:56:49",
          "10.12.2025 14:56:51",
          "10.12.2025 14:57:22",
          "10.12.2025 14:57:54",
          "10.12.2025 14:58:24",
          "10.12.2025 14:58:56",
          "10.12.2025 14:59:27",
          "10.12.2025 14:59:48",
          "10.12.2025 15:00:20",
          "10.12.2025 15:00:51",
          "10.12.2025 15:01:23",
          "10.12.2025 15:01:53",
          "10.12.2025 15:02:26",
          "10.12.2025 15:02:57",
          "10.12.2025 15:03:29",
          "10.12.2025 15:04:00",
          "10.12.2025 15:04:31",
          "10.12.2025 15:05:03",
          "10.12.2025 15:05:36",
          "10.12.2025 15:06:06",
          "10.12.2025 15:06:37",
          "10.12.2025 15:07:09",
          "10.12.2025 15:07:40",
          "10.12.2025 15:08:13",
          "10.12.2025 15:08:46",
          "10.12.2025 15:09:16",
          "10.12.2025 15:09:19",
          "10.12.2025 15:09:21",
          "10.12.2025 15:09:23",
          "10.12.2025 15:09:56",
          "10.12.2025 15:10:28",
          "10.12.2025 15:10:32",
          "10.12.2025 15:10:35",
          "10.12.2025 15:10:37",
          "10.12.2025 15:10:39",
          "10.12.2025 15:10:41",
          "10.12.2025 15:10:44",
          "10.12.2025 15:10:46",
          "10.12.2025 15:10:48",
          "10.12.2025 15:11:20",
          "10.12.2025 15:11:52",
          "10.12.2025 15:12:23",
          "10.12.2025 15:12:55",
          "10.12.2025 15:13:28",
          "10.12.2025 15:13:59",
          "10.12.2025 15:14:31",
          "10.12.2025 15:15:02",
          "10.12.2025 15:15:34",
          "10.12.2025 15:16:04",
          "10.12.2025 15:16:37",
          "10.12.2025 15:17:09",
          "10.12.2025 15:17:39",
          "10.12.2025 15:18:12",
          "10.12.2025 15:18:44",
          "10.12.2025 15:19:15",
          "10.12.2025 15:19:47",
          "10.12.2025 15:20:18",
          "10.12.2025 15:20:51",
          "10.12.2025 15:21:24",
          "10.12.2025 15:21:54",
          "10.12.2025 15:22:26",
          "10.12.2025 15:22:57",
          "10.12.2025 15:23:29",
          "10.12.2025 15:24:00",
          "10.12.2025 15:24:31",
          "10.12.2025 15:25:02",
          "10.12.2025 15:25:34",
          "10.12.2025 15:25:54",
          "10.12.2025 15:25:56",
          "10.12.2025 15:25:58",
          "10.12.2025 15:26:00",
          "10.12.2025 15:26:02",
          "10.12.2025 15:26:04",
          "10.12.2025 15:26:07",
          "10.12.2025 15:26:09",
          "10.12.2025 15:26:11",
          "10.12.2025 15:26:13",
          "10.12.2025 15:26:15",
          "10.12.2025 15:26:17",
          "10.12.2025 15:26:48",
          "10.12.2025 15:27:21",
          "10.12.2025 15:27:54",
          "10.12.2025 15:28:06",
          "10.12.2025 15:28:19",
          "10.12.2025 15:28:21",
          "10.12.2025 15:28:24",
          "10.12.2025 15:28:26",
          "10.12.2025 15:28:28",
          "10.12.2025 15:28:30",
          "10.12.2025 15:28:32",
          "10.12.2025 15:28:34",
          "10.12.2025 15:28:45",
          "10.12.2025 15:28:47",
          "10.12.2025 15:29:04",
          "10.12.2025 15:29:06",
          "10.12.2025 15:29:09",
          "10.12.2025 15:29:11",
          "10.12.2025 15:29:13",
          "10.12.2025 15:29:15",
          "10.12.2025 15:29:17",
          "10.12.2025 15:29:24",
          "10.12.2025 15:29:26",
          "10.12.2025 15:29:28",
          "10.12.2025 15:29:30",
          "10.12.2025 15:30:03",
          "10.12.2025 15:30:35",
          "10.12.2025 15:31:05",
          "10.12.2025 15:31:36",
          "10.12.2025 15:32:01",
          "10.12.2025 15:32:03",
          "10.12.2025 15:32:06",
          "10.12.2025 15:32:08",
          "10.12.2025 15:32:39",
          "10.12.2025 15:33:11",
          "10.12.2025 15:33:42",
          "10.12.2025 15:34:14",
          "10.12.2025 15:34:46",
          "10.12.2025 15:35:18",
          "10.12.2025 15:35:49",
          "10.12.2025 15:36:22",
          "10.12.2025 15:36:53",
          "10.12.2025 15:37:25",
          "10.12.2025 15:37:57",
          "10.12.2025 15:38:20",
          "10.12.2025 15:38:52",
          "10.12.2025 15:39:23",
          "10.12.2025 15:39:54",
          "10.12.2025 15:40:27",
          "10.12.2025 15:40:58",
          "10.12.2025 15:41:28",
          "10.12.2025 15:42:00",
          "10.12.2025 15:42:32",
          "10.12.2025 15:43:04",
          "10.12.2025 15:43:37",
          "10.12.2025 15:44:08",
          "10.12.2025 15:44:40",
          "10.12.2025 15:45:11",
          "10.12.2025 15:45:44",
          "10.12.2025 15:46:16",
          "10.12.2025 15:46:46",
          "10.12.2025 15:47:19",
          "10.12.2025 15:47:52",
          "10.12.2025 15:48:23",
          "10.12.2025 15:48:53",
          "10.12.2025 15:49:25",
          "10.12.2025 15:49:56",
          "10.12.2025 15:50:28",
          "10.12.2025 15:50:59",
          "10.12.2025 15:51:32",
          "10.12.2025 15:52:03",
          "10.12.2025 15:52:35",
          "10.12.2025 15:53:06",
          "10.12.2025 15:53:39",
          "10.12.2025 15:54:11",
          "10.12.2025 15:54:43",
          "10.12.2025 15:55:15",
          "10.12.2025 15:55:47",
          "10.12.2025 15:56:19",
          "10.12.2025 15:56:50",
          "10.12.2025 15:57:22",
          "10.12.2025 15:57:55",
          "10.12.2025 15:58:26",
          "10.12.2025 15:58:57",
          "10.12.2025 15:59:28",
          "10.12.2025 16:00:01",
          "10.12.2025 16:00:34",
          "10.12.2025 16:01:07",
          "10.12.2025 16:01:37",
          "10.12.2025 16:02:10",
          "10.12.2025 16:02:38",
          "10.12.2025 16:02:40",
          "10.12.2025 16:02:42",
          "10.12.2025 16:02:45",
          "10.12.2025 16:02:47",
          "10.12.2025 16:02:49",
          "10.12.2025 16:02:51",
          "10.12.2025 16:03:23",
          "10.12.2025 16:03:54",
          "10.12.2025 16:04:25",
          "10.12.2025 16:04:57",
          "10.12.2025 16:05:28",
          "10.12.2025 16:05:59",
          "10.12.2025 16:06:31",
          "10.12.2025 16:07:04",
          "10.12.2025 16:07:35",
          "10.12.2025 16:08:08",
          "10.12.2025 16:08:39",
          "10.12.2025 16:09:12",
          "10.12.2025 16:09:42",
          "10.12.2025 16:10:13",
          "10.12.2025 16:10:44",
          "10.12.2025 16:11:15",
          "10.12.2025 16:11:46",
          "10.12.2025 16:12:17",
          "10.12.2025 16:12:48",
          "10.12.2025 16:13:20",
          "10.12.2025 16:13:52",
          "10.12.2025 16:14:24",
          "10.12.2025 16:14:55",
          "10.12.2025 16:15:26",
          "10.12.2025 16:15:58",
          "10.12.2025 16:16:31",
          "10.12.2025 16:17:03",
          "10.12.2025 16:17:34",
          "10.12.2025 16:18:07",
          "10.12.2025 16:18:38",
          "10.12.2025 16:19:10",
          "10.12.2025 16:19:42",
          "10.12.2025 16:20:14",
          "10.12.2025 16:20:46",
          "10.12.2025 16:20:50",
          "10.12.2025 16:20:52",
          "10.12.2025 16:20:58",
          "10.12.2025 16:21:30",
          "10.12.2025 16:22:02",
          "10.12.2025 16:22:34",
          "10.12.2025 16:23:06",
          "10.12.2025 16:23:38",
          "10.12.2025 16:24:05",
          "10.12.2025 16:24:07",
          "10.12.2025 16:24:10",
          "10.12.2025 16:24:12",
          "10.12.2025 16:24:14",
          "10.12.2025 16:24:16",
          "10.12.2025 16:24:18",
          "10.12.2025 16:24:20",
          "10.12.2025 16:24:22",
          "10.12.2025 16:24:24",
          "10.12.2025 16:24:27",
          "10.12.2025 16:24:29",
          "10.12.2025 16:24:31",
          "10.12.2025 16:24:33",
          "10.12.2025 16:24:36",
          "10.12.2025 16:24:38",
          "10.12.2025 16:25:08",
          "10.12.2025 16:25:40",
          "10.12.2025 16:25:51",
          "10.12.2025 16:25:53",
          "10.12.2025 16:25:56",
          "10.12.2025 16:25:58",
          "10.12.2025 16:26:00",
          "10.12.2025 16:26:02",
          "10.12.2025 16:26:04",
          "10.12.2025 16:26:06",
          "10.12.2025 16:26:09",
          "10.12.2025 16:26:11",
          "10.12.2025 16:26:13",
          "10.12.2025 16:26:15",
          "10.12.2025 16:26:17",
          "10.12.2025 16:26:20",
          "10.12.2025 16:26:22",
          "10.12.2025 16:26:24",
          "10.12.2025 16:26:26",
          "10.12.2025 16:26:28",
          "10.12.2025 16:26:30",
          "10.12.2025 16:26:33",
          "10.12.2025 16:27:05",
          "10.12.2025 16:27:37",
          "10.12.2025 16:28:09",
          "10.12.2025 16:28:41",
          "10.12.2025 16:29:12",
          "10.12.2025 16:29:44",
          "10.12.2025 16:30:16",
          "10.12.2025 16:30:48",
          "10.12.2025 16:31:20",
          "10.12.2025 16:31:52",
          "10.12.2025 16:32:23",
          "10.12.2025 16:32:55",
          "10.12.2025 16:33:27",
          "10.12.2025 16:33:58",
          "10.12.2025 16:34:29",
          "10.12.2025 16:35:01",
          "10.12.2025 16:35:33",
          "10.12.2025 16:36:04",
          "10.12.2025 16:36:37",
          "10.12.2025 16:37:08",
          "10.12.2025 16:37:39",
          "10.12.2025 16:38:10",
          "10.12.2025 16:38:41",
          "10.12.2025 16:39:13",
          "10.12.2025 16:39:44",
          "10.12.2025 16:40:15",
          "10.12.2025 16:40:47",
          "10.12.2025 16:41:18",
          "10.12.2025 16:41:49",
          "10.12.2025 16:42:22",
          "10.12.2025 16:42:49",
          "10.12.2025 16:42:51",
          "10.12.2025 16:42:53",
          "10.12.2025 16:42:55",
          "10.12.2025 16:42:57",
          "10.12.2025 16:42:59",
          "10.12.2025 16:43:02",
          "10.12.2025 16:43:04",
          "10.12.2025 16:43:06",
          "10.12.2025 16:43:08",
          "10.12.2025 16:43:10",
          "10.12.2025 16:43:12",
          "10.12.2025 16:43:14",
          "10.12.2025 16:43:16",
          "10.12.2025 16:43:18",
          "10.12.2025 16:43:20",
          "10.12.2025 16:43:22",
          "10.12.2025 16:43:25",
          "10.12.2025 16:43:27",
          "10.12.2025 16:43:29",
          "10.12.2025 16:43:31",
          "10.12.2025 16:43:33",
          "10.12.2025 16:44:04",
          "10.12.2025 16:44:37",
          "10.12.2025 16:45:08",
          "10.12.2025 16:45:39",
          "10.12.2025 16:46:10",
          "10.12.2025 16:46:41",
          "10.12.2025 16:47:12",
          "10.12.2025 16:47:44",
          "10.12.2025 16:48:15",
          "10.12.2025 16:48:30",
          "10.12.2025 16:48:32",
          "10.12.2025 16:49:03",
          "10.12.2025 16:49:07",
          "10.12.2025 16:49:09",
          "10.12.2025 16:49:11",
          "10.12.2025 16:49:13",
          "10.12.2025 16:49:16",
          "10.12.2025 16:49:18",
          "10.12.2025 16:49:20",
          "10.12.2025 16:49:22",
          "10.12.2025 16:49:24",
          "10.12.2025 16:49:26",
          "10.12.2025 16:49:28",
          "10.12.2025 16:49:30",
          "10.12.2025 16:49:32",
          "10.12.2025 16:49:34",
          "10.12.2025 16:49:36",
          "10.12.2025 16:49:38",
          "10.12.2025 16:49:41",
          "10.12.2025 16:49:43",
          "10.12.2025 16:49:45",
          "10.12.2025 16:49:47",
          "10.12.2025 16:49:49",
          "10.12.2025 16:49:51",
          "10.12.2025 16:49:53",
          "10.12.2025 16:49:55",
          "10.12.2025 16:49:57",
          "10.12.2025 16:49:59",
          "10.12.2025 16:50:01",
          "10.12.2025 16:50:03",
          "10.12.2025 16:50:16",
          "10.12.2025 16:50:31",
          "10.12.2025 16:50:45",
          "10.12.2025 16:51:00",
          "10.12.2025 16:51:12",
          "10.12.2025 16:51:25",
          "10.12.2025 16:51:39",
          "10.12.2025 16:51:52",
          "10.12.2025 16:52:07",
          "10.12.2025 16:52:19",
          "10.12.2025 16:52:34",
          "10.12.2025 16:52:46",
          "10.12.2025 16:52:59",
          "10.12.2025 16:53:13",
          "10.12.2025 16:53:26",
          "10.12.2025 16:53:41",
          "10.12.2025 16:53:53",
          "10.12.2025 16:53:59",
          "10.12.2025 16:54:01",
          "10.12.2025 16:54:03",
          "10.12.2025 16:54:06",
          "10.12.2025 16:54:08",
          "10.12.2025 16:54:10",
          "10.12.2025 16:54:12",
          "10.12.2025 16:54:14",
          "10.12.2025 16:54:16",
          "10.12.2025 16:54:18",
          "10.12.2025 16:54:20",
          "10.12.2025 16:54:22",
          "10.12.2025 16:54:24",
          "10.12.2025 16:54:26",
          "10.12.2025 16:54:28",
          "10.12.2025 16:54:30",
          "10.12.2025 16:54:32",
          "10.12.2025 16:54:35",
          "10.12.2025 16:54:37",
          "10.12.2025 16:54:39",
          "10.12.2025 16:54:41",
          "10.12.2025 16:54:43",
          "10.12.2025 16:54:45",
          "10.12.2025 16:54:47",
          "10.12.2025 16:54:49",
          "10.12.2025 16:54:51",
          "10.12.2025 16:54:53",
          "10.12.2025 16:54:55",
          "10.12.2025 16:54:58",
          "10.12.2025 16:55:00",
          "10.12.2025 16:55:02",
          "10.12.2025 16:55:04",
          "10.12.2025 16:55:06",
          "10.12.2025 16:55:08",
          "10.12.2025 16:55:10",
          "10.12.2025 16:55:12",
          "10.12.2025 16:55:14",
          "10.12.2025 16:55:16",
          "10.12.2025 16:55:18",
          "10.12.2025 16:55:21",
          "10.12.2025 16:55:23",
          "10.12.2025 16:55:25",
          "10.12.2025 16:55:27",
          "10.12.2025 16:55:29",
          "10.12.2025 16:55:31",
          "10.12.2025 16:55:33",
          "10.12.2025 16:55:36",
          "10.12.2025 16:55:38",
          "10.12.2025 16:55:40",
          "10.12.2025 16:55:42",
          "10.12.2025 16:55:44",
          "10.12.2025 16:55:46",
          "10.12.2025 16:55:48",
          "10.12.2025 16:55:50",
          "10.12.2025 16:55:52",
          "10.12.2025 16:55:54",
          "10.12.2025 16:55:56",
          "10.12.2025 16:55:58",
          "10.12.2025 16:56:01",
          "10.12.2025 16:56:03",
          "10.12.2025 16:56:05",
          "10.12.2025 16:56:07",
          "10.12.2025 16:56:09",
          "10.12.2025 16:56:11",
          "10.12.2025 16:56:13",
          "10.12.2025 16:56:15",
          "10.12.2025 16:56:17",
          "10.12.2025 16:56:19",
          "10.12.2025 16:56:21",
          "10.12.2025 16:56:23",
          "10.12.2025 16:56:25",
          "10.12.2025 16:56:27",
          "10.12.2025 16:56:29",
          "10.12.2025 16:56:31",
          "10.12.2025 16:56:34",
          "10.12.2025 16:56:36",
          "10.12.2025 16:56:38",
          "10.12.2025 16:56:40",
          "10.12.2025 16:56:42",
          "10.12.2025 16:56:44",
          "10.12.2025 16:56:46",
          "10.12.2025 16:56:48",
          "10.12.2025 16:56:50",
          "10.12.2025 16:56:52",
          "10.12.2025 16:56:54",
          "10.12.2025 16:56:57",
          "10.12.2025 16:56:59",
          "10.12.2025 16:57:01",
          "10.12.2025 16:57:03",
          "10.12.2025 16:57:05",
          "10.12.2025 16:57:07",
          "10.12.2025 16:57:09",
          "10.12.2025 16:57:11",
          "10.12.2025 16:57:13",
          "10.12.2025 16:57:15",
          "10.12.2025 16:57:17",
          "10.12.2025 16:57:20",
          "10.12.2025 16:57:22",
          "10.12.2025 16:57:24",
          "10.12.2025 16:57:26",
          "10.12.2025 16:57:28",
          "10.12.2025 16:57:30",
          "10.12.2025 16:57:32",
          "10.12.2025 16:57:34",
          "10.12.2025 16:57:36",
          "10.12.2025 16:57:38",
          "10.12.2025 16:57:40",
          "10.12.2025 16:57:42",
          "10.12.2025 16:57:44",
          "10.12.2025 16:57:47",
          "10.12.2025 16:57:49",
          "10.12.2025 16:57:51",
          "10.12.2025 16:57:53",
          "10.12.2025 16:57:55",
          "10.12.2025 16:57:57",
          "10.12.2025 16:57:59",
          "10.12.2025 16:58:01",
          "10.12.2025 16:58:03",
          "10.12.2025 16:58:05",
          "10.12.2025 16:58:07",
          "10.12.2025 16:58:09",
          "10.12.2025 16:58:12",
          "10.12.2025 16:58:14",
          "10.12.2025 16:58:16",
          "10.12.2025 16:58:18",
          "10.12.2025 16:58:20",
          "10.12.2025 16:58:22",
          "10.12.2025 16:58:24",
          "10.12.2025 16:58:26",
          "10.12.2025 16:58:28",
          "10.12.2025 16:58:30",
          "10.12.2025 16:58:32",
          "10.12.2025 16:58:34",
          "10.12.2025 16:58:36",
          "10.12.2025 16:58:38",
          "10.12.2025 16:58:41",
          "10.12.2025 16:58:43",
          "10.12.2025 16:58:45",
          "10.12.2025 16:58:47",
          "10.12.2025 16:58:49",
          "10.12.2025 16:58:51",
          "10.12.2025 16:58:53",
          "10.12.2025 16:58:55",
          "10.12.2025 16:58:57",
          "10.12.2025 16:58:59",
          "10.12.2025 16:59:01",
          "10.12.2025 16:59:03",
          "10.12.2025 16:59:05",
          "10.12.2025 16:59:08",
          "10.12.2025 16:59:10",
          "10.12.2025 16:59:12",
          "10.12.2025 16:59:14",
          "10.12.2025 16:59:16",
          "10.12.2025 16:59:18",
          "10.12.2025 16:59:20",
          "10.12.2025 16:59:22",
          "10.12.2025 16:59:24",
          "10.12.2025 16:59:26",
          "10.12.2025 16:59:28",
          "10.12.2025 16:59:30",
          "10.12.2025 16:59:33",
          "10.12.2025 16:59:35",
          "10.12.2025 16:59:37",
          "10.12.2025 16:59:39",
          "10.12.2025 16:59:41",
          "10.12.2025 16:59:43",
          "10.12.2025 16:59:45",
          "10.12.2025 16:59:47",
          "10.12.2025 16:59:49",
          "10.12.2025 16:59:51",
          "10.12.2025 16:59:53",
          "10.12.2025 16:59:55",
          "10.12.2025 16:59:57",
          "10.12.2025 17:00:00",
          "10.12.2025 17:00:02",
          "10.12.2025 17:00:04",
          "10.12.2025 17:00:06",
          "10.12.2025 17:00:08",
          "10.12.2025 17:00:10",
          "10.12.2025 17:00:12",
          "10.12.2025 17:00:14",
          "10.12.2025 17:00:16",
          "10.12.2025 17:00:18",
          "10.12.2025 17:00:20",
          "10.12.2025 17:00:23",
          "10.12.2025 17:00:25",
          "10.12.2025 17:00:28",
          "10.12.2025 17:00:30",
          "10.12.2025 17:00:32",
          "10.12.2025 17:00:34",
          "10.12.2025 17:00:36",
          "10.12.2025 17:00:38",
          "10.12.2025 17:00:40",
          "10.12.2025 17:00:43",
          "10.12.2025 17:00:45",
          "10.12.2025 17:00:48",
          "10.12.2025 17:00:50",
          "10.12.2025 17:00:52",
          "10.12.2025 17:00:54",
          "10.12.2025 17:00:56",
          "10.12.2025 17:00:58",
          "10.12.2025 17:01:00",
          "10.12.2025 17:01:02",
          "10.12.2025 17:01:04",
          "10.12.2025 17:01:06",
          "10.12.2025 17:01:08",
          "10.12.2025 17:01:10",
          "10.12.2025 17:01:13",
          "10.12.2025 17:01:15",
          "10.12.2025 17:01:17",
          "10.12.2025 17:01:19",
          "10.12.2025 17:01:21",
          "10.12.2025 17:01:23",
          "10.12.2025 17:01:25",
          "10.12.2025 17:01:28",
          "10.12.2025 17:01:31",
          "10.12.2025 17:01:33",
          "10.12.2025 17:01:35",
          "10.12.2025 17:01:37",
          "10.12.2025 17:01:39",
          "10.12.2025 17:01:42",
          "10.12.2025 17:01:44",
          "10.12.2025 17:01:46",
          "10.12.2025 17:01:48",
          "10.12.2025 17:01:50",
          "10.12.2025 17:01:53",
          "10.12.2025 17:01:55",
          "10.12.2025 17:01:57",
          "10.12.2025 17:01:59",
          "10.12.2025 17:02:01",
          "10.12.2025 17:02:03",
          "10.12.2025 17:02:06",
          "10.12.2025 17:02:08",
          "10.12.2025 17:02:10",
          "10.12.2025 17:02:12",
          "10.12.2025 17:02:14",
          "10.12.2025 17:02:16",
          "10.12.2025 17:02:19",
          "10.12.2025 17:02:21",
          "10.12.2025 17:02:23",
          "10.12.2025 17:02:25",
          "10.12.2025 17:02:28",
          "10.12.2025 17:02:30",
          "10.12.2025 17:02:32",
          "10.12.2025 17:02:34",
          "10.12.2025 17:02:36",
          "10.12.2025 17:02:38",
          "10.12.2025 17:02:41",
          "10.12.2025 17:02:43",
          "10.12.2025 17:02:45",
          "10.12.2025 17:02:47",
          "10.12.2025 17:02:49",
          "10.12.2025 17:02:52",
          "10.12.2025 17:02:57",
          "10.12.2025 17:02:59",
          "10.12.2025 17:03:06",
          "10.12.2025 17:03:15",
          "10.12.2025 17:03:20"
        ],
        "course_deg_clockwise_from_north": [
          97,
          96,
          92,
          87,
          82,
          79,
          73,
          70,
          68,
          58,
          68,
          55,
          55,
          55,
          54,
          52,
          52,
          52,
          51,
          50,
          49,
          49,
          49,
          49,
          50,
          50,
          50,
          53,
          48,
          58,
          45,
          41,
          42,
          40,
          36,
          34,
          35,
          35,
          35,
          35,
          34,
          34,
          34,
          34,
          34,
          33,
          32,
          31,
          31,
          33,
          31,
          32,
          26,
          24,
          22,
          21,
          18,
          17,
          16,
          15,
          14,
          14,
          13,
          13,
          12,
          12,
          11,
          11,
          10,
          11,
          10,
          12,
          11,
          11,
          11,
          12,
          12,
          16,
          14,
          14,
          15,
          14,
          15,
          15,
          15,
          14,
          15,
          15,
          15,
          15,
          15,
          14,
          15,
          14,
          14,
          14,
          15,
          15,
          16,
          15,
          15,
          15,
          15,
          15,
          15,
          15,
          15,
          15,
          15,
          15,
          15,
          15,
          15,
          15,
          15,
          15,
          15,
          15,
          15,
          15,
          15,
          15,
          15,
          15,
          15,
          16,
          16,
          15,
          9,
          6,
          6,
          7,
          7,
          7,
          7,
          7,
          7,
          7,
          7,
          7,
          7,
          357,
          356,
          355,
          354,
          353,
          352,
          352,
          351,
          351,
          351,
          350,
          350,
          348,
          349,
          350,
          349,
          347,
          349,
          349,
          349,
          350,
          350,
          349,
          349,
          350,
          349,
          349,
          350,
          349,
          350,
          349,
          349,
          349,
          349,
          350,
          350,
          349,
          349,
          349,
          349,
          350,
          349,
          349,
          349,
          349,
          350,
          350,
          350,
          350,
          350,
          349,
          349,
          349,
          349,
          349,
          349,
          349,
          350,
          349,
          349,
          350,
          349,
          350,
          349,
          349,
          350,
          349,
          349,
          349,
          349,
          349,
          350,
          350,
          349,
          349,
          349,
          349,
          350,
          349,
          349,
          349,
          349,
          349,
          349,
          349,
          349,
          349,
          349,
          349,
          349,
          349,
          349,
          349,
          349,
          349,
          349,
          349,
          349,
          349,
          349,
          349,
          348,
          349,
          349,
          349,
          349,
          348,
          349,
          349,
          349,
          349,
          349,
          349,
          348,
          349,
          348,
          349,
          349,
          348,
          349,
          348,
          349,
          349,
          348,
          348,
          348,
          349,
          349,
          348,
          348,
          349,
          349,
          348,
          348,
          348,
          348,
          348,
          348,
          348,
          348,
          348,
          348,
          348,
          348,
          348,
          348,
          348,
          348,
          348,
          349,
          347,
          357,
          358,
          359,
          359,
          1,
          2,
          4,
          4,
          4,
          5,
          6,
          6,
          7,
          7,
          8,
          8,
          10,
          8,
          6,
          12,
          8,
          13,
          9,
          11,
          7,
          9,
          9,
          8,
          9,
          9,
          10,
          9,
          9,
          9,
          9,
          9,
          9,
          9,
          9,
          9,
          8,
          9,
          9,
          9,
          9,
          9,
          9,
          9,
          9,
          9,
          8,
          10,
          9,
          10,
          9,
          9,
          9,
          9,
          9,
          9,
          9,
          9,
          9,
          9,
          9,
          9,
          9,
          9,
          357,
          355,
          352,
          350,
          348,
          347,
          346,
          344,
          343,
          342,
          341,
          340,
          340,
          339,
          339,
          337,
          337,
          338,
          336,
          336,
          336,
          336,
          336,
          337,
          337,
          337,
          337,
          337,
          336,
          336,
          336,
          337,
          337,
          335,
          329,
          326,
          322,
          318,
          314,
          310,
          308,
          305,
          302,
          301,
          299,
          297,
          295,
          294,
          293,
          292,
          291,
          289,
          289,
          288,
          287,
          287,
          286,
          286,
          286,
          285,
          284,
          284,
          283,
          283,
          284,
          285,
          285,
          284,
          285,
          284,
          284,
          285,
          285,
          285,
          285,
          284,
          285,
          285,
          284,
          273,
          268,
          264,
          260,
          256,
          250,
          246,
          241,
          237,
          233,
          229,
          226,
          223,
          222,
          221,
          220,
          220,
          218,
          218,
          218,
          216,
          217,
          217,
          215,
          214,
          212,
          208,
          203,
          199,
          193,
          189,
          185,
          180,
          177,
          171,
          167,
          162,
          159,
          154,
          150,
          145,
          141,
          136,
          131,
          127,
          123,
          119,
          115,
          110,
          106,
          102,
          98,
          93,
          89,
          85,
          78,
          76,
          70,
          67,
          62,
          57,
          53,
          47,
          43,
          40,
          36,
          34,
          33,
          31,
          31,
          31,
          29,
          30,
          29,
          29,
          28,
          27,
          24,
          20,
          15,
          10,
          4,
          359,
          355,
          349,
          344,
          338,
          333,
          326,
          320,
          314,
          309,
          302,
          296,
          289,
          283,
          277,
          271,
          264,
          259,
          252,
          246,
          242,
          237,
          236,
          234,
          233,
          233,
          232,
          233,
          232,
          232,
          231,
          232,
          231,
          232,
          232,
          232,
          235,
          238,
          242,
          249,
          255,
          261,
          267,
          273,
          279,
          284,
          288,
          290,
          291,
          291,
          291,
          293,
          294,
          294,
          294,
          295,
          294,
          294,
          294,
          295,
          294,
          294,
          295,
          295,
          294,
          293,
          294,
          295,
          295,
          297,
          299,
          304,
          309,
          312,
          314,
          315,
          316,
          317,
          318,
          320,
          320,
          321,
          321,
          320,
          320,
          319,
          317,
          317,
          317,
          317,
          316,
          317,
          318,
          317,
          317,
          318,
          318,
          320,
          320,
          320,
          322,
          322,
          322,
          332,
          341,
          325,
          325,
          324,
          326,
          324,
          329,
          327,
          331,
          324,
          325,
          326,
          325,
          324,
          324,
          325,
          326,
          325,
          326,
          325,
          325,
          325,
          325,
          325,
          289,
          322,
          273,
          277,
          324,
          326,
          325,
          325,
          325,
          325,
          324,
          326,
          327,
          327,
          326,
          325,
          324,
          324,
          325,
          327,
          327,
          324,
          325,
          325,
          326,
          327,
          326,
          326,
          327,
          326,
          325,
          324,
          324,
          325,
          325,
          326,
          328,
          327,
          328,
          326,
          326,
          325,
          324,
          326,
          318,
          326,
          299,
          352
        ],
        "speed_kts": [
          169,
          179,
          185,
          192,
          195,
          196,
          192,
          192,
          194,
          194,
          198,
          200,
          202,
          202,
          204,
          204,
          204,
          210,
          210,
          213,
          216,
          216,
          216,
          222,
          222,
          224,
          228,
          242,
          264,
          266,
          266,
          266,
          276,
          280,
          280,
          282,
          284,
          288,
          288,
          290,
          290,
          290,
          292,
          292,
          294,
          294,
          294,
          300,
          306,
          318,
          332,
          344,
          364,
          366,
          366,
          366,
          368,
          368,
          368,
          368,
          368,
          368,
          368,
          370,
          370,
          370,
          370,
          370,
          382,
          382,
          384,
          384,
          384,
          384,
          384,
          386,
          400,
          412,
          426,
          440,
          448,
          452,
          458,
          460,
          460,
          460,
          458,
          454,
          450,
          450,
          452,
          450,
          448,
          458,
          468,
          476,
          470,
          466,
          466,
          464,
          464,
          464,
          462,
          460,
          460,
          460,
          460,
          460,
          460,
          462,
          462,
          462,
          462,
          464,
          466,
          466,
          466,
          464,
          464,
          464,
          462,
          460,
          452,
          446,
          446,
          448,
          452,
          456,
          456,
          458,
          456,
          452,
          448,
          444,
          442,
          442,
          440,
          440,
          438,
          436,
          436,
          430,
          430,
          430,
          430,
          428,
          428,
          428,
          428,
          428,
          428,
          428,
          428,
          428,
          428,
          430,
          430,
          432,
          432,
          432,
          432,
          432,
          432,
          432,
          432,
          434,
          434,
          434,
          436,
          436,
          436,
          436,
          436,
          436,
          436,
          436,
          436,
          436,
          438,
          440,
          440,
          442,
          444,
          444,
          444,
          444,
          446,
          446,
          448,
          450,
          450,
          450,
          450,
          450,
          448,
          448,
          448,
          448,
          448,
          448,
          448,
          448,
          450,
          450,
          450,
          450,
          450,
          452,
          452,
          454,
          454,
          454,
          454,
          456,
          456,
          458,
          458,
          458,
          460,
          460,
          460,
          460,
          460,
          460,
          460,
          458,
          456,
          456,
          454,
          454,
          454,
          454,
          454,
          456,
          458,
          462,
          464,
          468,
          470,
          472,
          474,
          476,
          478,
          478,
          478,
          478,
          478,
          478,
          478,
          478,
          480,
          480,
          480,
          480,
          480,
          478,
          478,
          474,
          470,
          468,
          466,
          464,
          464,
          464,
          464,
          462,
          462,
          460,
          460,
          458,
          456,
          454,
          452,
          450,
          450,
          446,
          446,
          444,
          442,
          440,
          440,
          440,
          440,
          440,
          440,
          440,
          440,
          442,
          442,
          444,
          444,
          444,
          452,
          452,
          454,
          454,
          454,
          456,
          456,
          456,
          458,
          458,
          458,
          458,
          458,
          460,
          460,
          460,
          460,
          458,
          458,
          458,
          458,
          458,
          458,
          458,
          458,
          458,
          458,
          458,
          458,
          458,
          458,
          458,
          458,
          458,
          458,
          458,
          458,
          458,
          456,
          456,
          454,
          456,
          456,
          456,
          456,
          454,
          458,
          468,
          474,
          474,
          476,
          472,
          460,
          466,
          480,
          482,
          478,
          476,
          474,
          466,
          448,
          422,
          410,
          390,
          366,
          344,
          336,
          346,
          352,
          352,
          348,
          348,
          344,
          342,
          342,
          340,
          338,
          338,
          336,
          336,
          336,
          334,
          334,
          334,
          334,
          334,
          334,
          334,
          332,
          332,
          330,
          328,
          340,
          346,
          346,
          334,
          322,
          322,
          326,
          328,
          328,
          328,
          324,
          324,
          322,
          320,
          318,
          316,
          316,
          314,
          314,
          314,
          314,
          312,
          312,
          310,
          310,
          308,
          308,
          308,
          306,
          306,
          306,
          304,
          304,
          304,
          304,
          302,
          302,
          302,
          300,
          294,
          292,
          286,
          286,
          288,
          290,
          294,
          294,
          288,
          286,
          284,
          282,
          280,
          278,
          276,
          272,
          270,
          268,
          266,
          266,
          266,
          266,
          266,
          266,
          266,
          255,
          256,
          255,
          257,
          255,
          255,
          255,
          249,
          252,
          251,
          252,
          250,
          249,
          249,
          247,
          249,
          248,
          251,
          254,
          255,
          260,
          262,
          262,
          266,
          266,
          270,
          272,
          274,
          274,
          278,
          280,
          280,
          282,
          282,
          282,
          280,
          280,
          280,
          278,
          276,
          276,
          274,
          270,
          268,
          266,
          266,
          262,
          260,
          258,
          256,
          252,
          250,
          248,
          246,
          242,
          238,
          238,
          236,
          236,
          236,
          236,
          236,
          236,
          236,
          236,
          236,
          236,
          234,
          232,
          230,
          224,
          222,
          218,
          214,
          212,
          208,
          204,
          202,
          200,
          196,
          194,
          192,
          188,
          188,
          186,
          186,
          186,
          186,
          186,
          188,
          188,
          190,
          192,
          192,
          194,
          194,
          194,
          194,
          194,
          194,
          194,
          195,
          194,
          194,
          194,
          194,
          190,
          190,
          192,
          190,
          188,
          188,
          186,
          184,
          184,
          182,
          182,
          182,
          180,
          180,
          176,
          176,
          174,
          172,
          168,
          166,
          166,
          164,
          162,
          162,
          162,
          160,
          160,
          160,
          158,
          158,
          158,
          158,
          156,
          156,
          156,
          156,
          156,
          158,
          158,
          160,
          160,
          160,
          162,
          164,
          164,
          166,
          168,
          168,
          170,
          170,
          170,
          172,
          172,
          172,
          174,
          174,
          174,
          174,
          174,
          172,
          172,
          172,
          172,
          172,
          172,
          170,
          170,
          170,
          170,
          170,
          170,
          168,
          168,
          168,
          168,
          168,
          166,
          166,
          164,
          162,
          162,
          162,
          160,
          158,
          158,
          158,
          158,
          158,
          158,
          160,
          160,
          162,
          162,
          164,
          164,
          166,
          166,
          166,
          166,
          166,
          166,
          166,
          166,
          166,
          166,
          166,
          166,
          166,
          166,
          164,
          166,
          167,
          164,
          164,
          161,
          162,
          156,
          159,
          150,
          151,
          153,
          148,
          149,
          146,
          144,
          146,
          144,
          145,
          138,
          140,
          137,
          10,
          132,
          131,
          128,
          130,
          128,
          129,
          129,
          129,
          129,
          129,
          129
        ],
        "speed_mph": [
          194.0,
          206.0,
          213.0,
          221.0,
          224.0,
          226.0,
          221.0,
          221.0,
          223.0,
          223.0,
          228.0,
          230.0,
          232.0,
          232.0,
          235.0,
          235.0,
          235.0,
          242.0,
          242.0,
          245.0,
          249.0,
          249.0,
          249.0,
          255.0,
          255.0,
          258.0,
          262.0,
          278.0,
          304.0,
          306.0,
          306.0,
          306.0,
          318.0,
          322.0,
          322.0,
          325.0,
          327.0,
          331.0,
          331.0,
          334.0,
          334.0,
          334.0,
          336.0,
          336.0,
          338.0,
          338.0,
          338.0,
          345.0,
          352.0,
          366.0,
          382.0,
          396.0,
          419.0,
          421.0,
          421.0,
          421.0,
          423.0,
          423.0,
          423.0,
          423.0,
          423.0,
          423.0,
          423.0,
          426.0,
          426.0,
          426.0,
          426.0,
          426.0,
          440.0,
          440.0,
          442.0,
          442.0,
          442.0,
          442.0,
          442.0,
          444.0,
          460.0,
          474.0,
          490.0,
          506.0,
          516.0,
          520.0,
          527.0,
          529.0,
          529.0,
          529.0,
          527.0,
          522.0,
          518.0,
          518.0,
          520.0,
          518.0,
          516.0,
          527.0,
          539.0,
          548.0,
          541.0,
          536.0,
          536.0,
          534.0,
          534.0,
          534.0,
          532.0,
          529.0,
          529.0,
          529.0,
          529.0,
          529.0,
          529.0,
          532.0,
          532.0,
          532.0,
          532.0,
          534.0,
          536.0,
          536.0,
          536.0,
          534.0,
          534.0,
          534.0,
          532.0,
          529.0,
          520.0,
          513.0,
          513.0,
          516.0,
          520.0,
          525.0,
          525.0,
          527.0,
          525.0,
          520.0,
          516.0,
          511.0,
          509.0,
          509.0,
          506.0,
          506.0,
          504.0,
          502.0,
          502.0,
          495.0,
          495.0,
          495.0,
          495.0,
          493.0,
          493.0,
          493.0,
          493.0,
          493.0,
          493.0,
          493.0,
          493.0,
          493.0,
          493.0,
          495.0,
          495.0,
          497.0,
          497.0,
          497.0,
          497.0,
          497.0,
          497.0,
          497.0,
          497.0,
          499.0,
          499.0,
          499.0,
          502.0,
          502.0,
          502.0,
          502.0,
          502.0,
          502.0,
          502.0,
          502.0,
          502.0,
          502.0,
          504.0,
          506.0,
          506.0,
          509.0,
          511.0,
          511.0,
          511.0,
          511.0,
          513.0,
          513.0,
          516.0,
          518.0,
          518.0,
          518.0,
          518.0,
          518.0,
          516.0,
          516.0,
          516.0,
          516.0,
          516.0,
          516.0,
          516.0,
          516.0,
          518.0,
          518.0,
          518.0,
          518.0,
          518.0,
          520.0,
          520.0,
          522.0,
          522.0,
          522.0,
          522.0,
          525.0,
          525.0,
          527.0,
          527.0,
          527.0,
          529.0,
          529.0,
          529.0,
          529.0,
          529.0,
          529.0,
          529.0,
          527.0,
          525.0,
          525.0,
          522.0,
          522.0,
          522.0,
          522.0,
          522.0,
          525.0,
          527.0,
          532.0,
          534.0,
          539.0,
          541.0,
          543.0,
          545.0,
          548.0,
          550.0,
          550.0,
          550.0,
          550.0,
          550.0,
          550.0,
          550.0,
          550.0,
          552.0,
          552.0,
          552.0,
          552.0,
          552.0,
          550.0,
          550.0,
          545.0,
          541.0,
          539.0,
          536.0,
          534.0,
          534.0,
          534.0,
          534.0,
          532.0,
          532.0,
          529.0,
          529.0,
          527.0,
          525.0,
          522.0,
          520.0,
          518.0,
          518.0,
          513.0,
          513.0,
          511.0,
          509.0,
          506.0,
          506.0,
          506.0,
          506.0,
          506.0,
          506.0,
          506.0,
          506.0,
          509.0,
          509.0,
          511.0,
          511.0,
          511.0,
          520.0,
          520.0,
          522.0,
          522.0,
          522.0,
          525.0,
          525.0,
          525.0,
          527.0,
          527.0,
          527.0,
          527.0,
          527.0,
          529.0,
          529.0,
          529.0,
          529.0,
          527.0,
          527.0,
          527.0,
          527.0,
          527.0,
          527.0,
          527.0,
          527.0,
          527.0,
          527.0,
          527.0,
          527.0,
          527.0,
          527.0,
          527.0,
          527.0,
          527.0,
          527.0,
          527.0,
          527.0,
          527.0,
          525.0,
          525.0,
          522.0,
          525.0,
          525.0,
          525.0,
          525.0,
          522.0,
          527.0,
          539.0,
          545.0,
          545.0,
          548.0,
          543.0,
          529.0,
          536.0,
          552.0,
          555.0,
          550.0,
          548.0,
          545.0,
          536.0,
          516.0,
          486.0,
          472.0,
          449.0,
          421.0,
          396.0,
          387.0,
          398.0,
          405.0,
          405.0,
          400.0,
          400.0,
          396.0,
          394.0,
          394.0,
          391.0,
          389.0,
          389.0,
          387.0,
          387.0,
          387.0,
          384.0,
          384.0,
          384.0,
          384.0,
          384.0,
          384.0,
          384.0,
          382.0,
          382.0,
          380.0,
          377.0,
          391.0,
          398.0,
          398.0,
          384.0,
          371.0,
          371.0,
          375.0,
          377.0,
          377.0,
          377.0,
          373.0,
          373.0,
          371.0,
          368.0,
          366.0,
          364.0,
          364.0,
          361.0,
          361.0,
          361.0,
          361.0,
          359.0,
          359.0,
          357.0,
          357.0,
          354.0,
          354.0,
          354.0,
          352.0,
          352.0,
          352.0,
          350.0,
          350.0,
          350.0,
          350.0,
          348.0,
          348.0,
          348.0,
          345.0,
          338.0,
          336.0,
          329.0,
          329.0,
          331.0,
          334.0,
          338.0,
          338.0,
          331.0,
          329.0,
          327.0,
          325.0,
          322.0,
          320.0,
          318.0,
          313.0,
          311.0,
          308.0,
          306.0,
          306.0,
          306.0,
          306.0,
          306.0,
          306.0,
          306.0,
          293.0,
          295.0,
          293.0,
          296.0,
          293.0,
          293.0,
          293.0,
          287.0,
          290.0,
          289.0,
          290.0,
          288.0,
          287.0,
          287.0,
          284.0,
          287.0,
          285.0,
          289.0,
          292.0,
          293.0,
          299.0,
          302.0,
          302.0,
          306.0,
          306.0,
          311.0,
          313.0,
          315.0,
          315.0,
          320.0,
          322.0,
          322.0,
          325.0,
          325.0,
          325.0,
          322.0,
          322.0,
          322.0,
          320.0,
          318.0,
          318.0,
          315.0,
          311.0,
          308.0,
          306.0,
          306.0,
          302.0,
          299.0,
          297.0,
          295.0,
          290.0,
          288.0,
          285.0,
          283.0,
          278.0,
          274.0,
          274.0,
          272.0,
          272.0,
          272.0,
          272.0,
          272.0,
          272.0,
          272.0,
          272.0,
          272.0,
          272.0,
          269.0,
          267.0,
          265.0,
          258.0,
          255.0,
          251.0,
          246.0,
          244.0,
          239.0,
          235.0,
          232.0,
          230.0,
          226.0,
          223.0,
          221.0,
          216.0,
          216.0,
          214.0,
          214.0,
          214.0,
          214.0,
          214.0,
          216.0,
          216.0,
          219.0,
          221.0,
          221.0,
          223.0,
          223.0,
          223.0,
          223.0,
          223.0,
          223.0,
          223.0,
          224.0,
          223.0,
          223.0,
          223.0,
          223.0,
          219.0,
          219.0,
          221.0,
          219.0,
          216.0,
          216.0,
          214.0,
          212.0,
          212.0,
          209.0,
          209.0,
          209.0,
          207.0,
          207.0,
          203.0,
          203.0,
          200.0,
          198.0,
          193.0,
          191.0,
          191.0,
          189.0,
          186.0,
          186.0,
          186.0,
          184.0,
          184.0,
          184.0,
          182.0,
          182.0,
          182.0,
          182.0,
          180.0,
          180.0,
          180.0,
          180.0,
          180.0,
          182.0,
          182.0,
          184.0,
          184.0,
          184.0,
          186.0,
          189.0,
          189.0,
          191.0,
          193.0,
          193.0,
          196.0,
          196.0,
          196.0,
          198.0,
          198.0,
          198.0,
          200.0,
          200.0,
          200.0,
          200.0,
          200.0,
          198.0,
          198.0,
          198.0,
          198.0,
          198.0,
          198.0,
          196.0,
          196.0,
          196.0,
          196.0,
          196.0,
          196.0,
          193.0,
          193.0,
          193.0,
          193.0,
          193.0,
          191.0,
          191.0,
          189.0,
          186.0,
          186.0,
          186.0,
          184.0,
          182.0,
          182.0,
          182.0,
          182.0,
          182.0,
          182.0,
          184.0,
          184.0,
          186.0,
          186.0,
          189.0,
          189.0,
          191.0,
          191.0,
          191.0,
          191.0,
          191.0,
          191.0,
          191.0,
          191.0,
          191.0,
          191.0,
          191.0,
          191.0,
          191.0,
          191.0,
          189.0,
          191.0,
          192.0,
          189.0,
          189.0,
          185.0,
          186.0,
          180.0,
          183.0,
          173.0,
          174.0,
          176.0,
          170.0,
          171.0,
          168.0,
          166.0,
          168.0,
          166.0,
          167.0,
          159.0,
          161.0,
          158.0,
          12.0,
          152.0,
          151.0,
          147.0,
          150.0,
          147.0,
          148.0,
          148.0,
          148.0,
          148.0,
          148.0,
          148.0
        ],
        "altitude_ft": [
          2025,
          2350,
          2425,
          2525,
          2675,
          2800,
          2875,
          2975,
          3075,
          3200,
          3350,
          3425,
          3525,
          3575,
          3700,
          3900,
          4000,
          4125,
          4225,
          4325,
          4450,
          4550,
          4575,
          4775,
          4850,
          4975,
          5225,
          5700,
          6025,
          6100,
          6200,
          6250,
          6350,
          6425,
          6525,
          6600,
          6675,
          6800,
          6900,
          7000,
          7100,
          7150,
          7325,
          7425,
          7575,
          7700,
          8525,
          9325,
          9950,
          10600,
          11300,
          12075,
          13150,
          13225,
          13400,
          13550,
          13700,
          13850,
          14050,
          14200,
          14350,
          14525,
          14675,
          14850,
          14975,
          15200,
          15350,
          15500,
          17300,
          17600,
          17800,
          17925,
          18100,
          18225,
          18325,
          18475,
          19900,
          21225,
          22350,
          23450,
          24475,
          25150,
          26225,
          27300,
          28350,
          29375,
          30475,
          31500,
          32575,
          33425,
          34200,
          35000,
          35800,
          36000,
          36000,
          36000,
          36500,
          37200,
          37725,
          38250,
          38275,
          38325,
          38350,
          38875,
          39250,
          39300,
          39325,
          39350,
          39350,
          39375,
          39400,
          39425,
          39425,
          39700,
          39950,
          40200,
          40450,
          40725,
          40975,
          41250,
          41500,
          41750,
          42225,
          42675,
          42925,
          43000,
          43000,
          43000,
          43000,
          43000,
          43000,
          43000,
          43000,
          43000,
          43000,
          43000,
          43000,
          43000,
          43000,
          43000,
          43000,
          43000,
          43000,
          43000,
          43000,
          43000,
          43000,
          43000,
          43000,
          43000,
          43000,
          43000,
          43000,
          43000,
          43000,
          43000,
          43000,
          43000,
          43000,
          43000,
          43000,
          43000,
          43000,
          43000,
          43000,
          43000,
          43000,
          43000,
          43000,
          43000,
          43000,
          43000,
          43000,
          43000,
          43000,
          43000,
          43000,
          43000,
          43000,
          43000,
          43000,
          43000,
          43000,
          43000,
          43000,
          43000,
          43000,
          43000,
          43000,
          43000,
          43000,
          43000,
          43000,
          43000,
          43000,
          43000,
          43000,
          43000,
          43000,
          43000,
          43000,
          43000,
          43000,
          43000,
          43000,
          43000,
          43000,
          43000,
          43000,
          43000,
          43000,
          43000,
          43000,
          43000,
          43000,
          43000,
          43000,
          43000,
          43000,
          43000,
          43000,
          43000,
          43000,
          43000,
          43000,
          43000,
          43000,
          43000,
          43000,
          43000,
          43000,
          43000,
          43000,
          43000,
          43000,
          43000,
          43000,
          43000,
          43000,
          43000,
          43000,
          43000,
          43000,
          43000,
          43000,
          43000,
          43000,
          43000,
          43000,
          43000,
          43000,
          43000,
          43000,
          43000,
          43000,
          43000,
          43000,
          43000,
          43000,
          43000,
          43000,
          43000,
          43000,
          43000,
          43000,
          43000,
          43000,
          43000,
          43000,
          43000,
          43000,
          43000,
          43000,
          43000,
          43000,
          43000,
          43000,
          43000,
          43000,
          43000,
          43000,
          43000,
          43000,
          43000,
          43000,
          43000,
          43000,
          43000,
          43000,
          43000,
          43000,
          43000,
          43000,
          43000,
          43000,
          43000,
          43000,
          43000,
          43000,
          43000,
          43000,
          43000,
          43000,
          43000,
          43000,
          43000,
          43000,
          43000,
          43000,
          43000,
          43000,
          43000,
          43000,
          43000,
          43000,
          43000,
          43000,
          43000,
          43000,
          43000,
          43000,
          43000,
          43000,
          43000,
          43000,
          43000,
          43000,
          43000,
          43000,
          43000,
          43000,
          43000,
          43000,
          43000,
          43000,
          43000,
          43000,
          43000,
          41975,
          40175,
          38325,
          36500,
          34550,
          32725,
          32025,
          32000,
          32000,
          32000,
          32000,
          32000,
          32000,
          31325,
          30525,
          30025,
          29675,
          28675,
          27625,
          26600,
          25575,
          24500,
          23575,
          23500,
          23425,
          23375,
          23300,
          23225,
          23175,
          23075,
          23025,
          22925,
          22850,
          22800,
          22725,
          22650,
          22575,
          22525,
          22450,
          22400,
          22350,
          22325,
          22275,
          22225,
          21950,
          21175,
          20400,
          19600,
          18800,
          18000,
          17225,
          16250,
          15200,
          14700,
          14625,
          13600,
          13450,
          13350,
          13300,
          13225,
          13175,
          13100,
          13050,
          12975,
          12900,
          12825,
          12750,
          12675,
          12600,
          12550,
          12475,
          12400,
          12350,
          12275,
          12200,
          12125,
          12050,
          12000,
          11925,
          11850,
          11775,
          11700,
          11625,
          11575,
          11275,
          11050,
          11000,
          11000,
          11000,
          11000,
          10975,
          10850,
          10675,
          10450,
          10175,
          9975,
          9750,
          9500,
          9300,
          9075,
          9000,
          8925,
          8900,
          8875,
          8850,
          8850,
          8825,
          8800,
          8775,
          8750,
          8700,
          8675,
          8625,
          8575,
          8525,
          8475,
          8425,
          8375,
          8300,
          8250,
          8200,
          8150,
          8100,
          8050,
          7975,
          7925,
          7875,
          7825,
          7775,
          7725,
          7675,
          7625,
          7575,
          7525,
          7475,
          7425,
          7375,
          7325,
          7275,
          7225,
          7175,
          7125,
          7100,
          7075,
          7050,
          7050,
          7025,
          7000,
          6975,
          6975,
          6950,
          6925,
          6900,
          6875,
          6875,
          6850,
          6825,
          6800,
          6800,
          6775,
          6750,
          6725,
          6700,
          6675,
          6650,
          6650,
          6625,
          6600,
          6575,
          6550,
          6525,
          6500,
          6500,
          6475,
          6450,
          6425,
          6400,
          6375,
          6350,
          6325,
          6300,
          6275,
          6250,
          6225,
          6175,
          6125,
          6050,
          6000,
          5950,
          5900,
          5850,
          5800,
          5750,
          5700,
          5650,
          5600,
          5550,
          5500,
          5450,
          5400,
          5350,
          5300,
          5250,
          5175,
          5125,
          5075,
          5025,
          4975,
          4925,
          4875,
          4825,
          4775,
          4725,
          4700,
          4650,
          4600,
          4550,
          4500,
          4450,
          4375,
          4325,
          4275,
          4225,
          4175,
          4125,
          4075,
          4050,
          4025,
          4000,
          3975,
          3975,
          3950,
          3950,
          3925,
          3925,
          3925,
          3900,
          3875,
          3850,
          3825,
          3775,
          3750,
          3725,
          3675,
          3650,
          3625,
          3600,
          3550,
          3525,
          3475,
          3450,
          3400,
          3375,
          3350,
          3300,
          3275,
          3250,
          3225,
          3200,
          3150,
          3125,
          3075,
          3050,
          3025,
          3000,
          2950,
          2925,
          2900,
          2850,
          2825,
          2775,
          2750,
          2725,
          2700,
          2650,
          2625,
          2575,
          2550,
          2500,
          2475,
          2425,
          2400,
          2350,
          2325,
          2300,
          2250,
          2225,
          2175,
          2125,
          2100,
          2050,
          2025,
          2000,
          1975,
          1975,
          1950,
          1950,
          1925,
          1925,
          1925,
          1925,
          1925,
          1925,
          1925,
          1925,
          1925,
          1925,
          1925,
          1925,
          1925,
          1925,
          1925,
          1925,
          1925,
          1925,
          1925,
          1925,
          1925,
          1925,
          1925,
          1900,
          1925,
          1900,
          1900,
          1875,
          1850,
          1800,
          1775,
          1750,
          1700,
          1675,
          1650,
          1625,
          1600,
          1550,
          1525,
          1500,
          1475,
          1450,
          1400,
          1375,
          1350,
          1325,
          1300,
          1250,
          1225,
          1200,
          1175,
          1150,
          1125,
          1100,
          1075,
          1050,
          1025,
          975,
          950,
          875,
          775,
          700
        ],
        "vertical_rate_fpm": [
          0.0,
          0.0,
          0.0,
          0.0,
          0.0,
          0.0,
          0.0,
          0.0,
          0.0,
          0.0,
          0.0,
          0.0,
          0.0,
          0.0,
          0.0,
          0.0,
          0.0,
          0.0,
          0.0,
          0.0,
          0.0,
          0.0,
          0.0,
          0.0,
          0.0,
          0.0,
          0.0,
          0.0,
          0.0,
          0.0,
          0.0,
          0.0,
          0.0,
          0.0,
          0.0,
          0.0,
          0.0,
          0.0,
          0.0,
          0.0,
          0.0,
          0.0,
          0.0,
          0.0,
          0.0,
          0.0,
          0.0,
          0.0,
          0.0,
          0.0,
          0.0,
          0.0,
          0.0,
          0.0,
          0.0,
          0.0,
          0.0,
          0.0,
          0.0,
          0.0,
          0.0,
          0.0,
          0.0,
          0.0,
          0.0,
          0.0,
          0.0,
          0.0,
          0.0,
          0.0,
          0.0,
          0.0,
          0.0,
          0.0,
          0.0,
          0.0,
          0.0,
          0.0,
          0.0,
          0.0,
          0.0,
          0.0,
          0.0,
          0.0,
          0.0,
          0.0,
          0.0,
          0.0,
          0.0,
          0.0,
          0.0,
          0.0,
          0.0,
          0.0,
          0.0,
          0.0,
          0.0,
          0.0,
          0.0,
          0.0,
          0.0,
          0.0,
          0.0,
          0.0,
          0.0,
          0.0,
          0.0,
          0.0,
          0.0,
          0.0,
          0.0,
          0.0,
          0.0,
          0.0,
          0.0,
          0.0,
          0.0,
          0.0,
          0.0,
          0.0,
          0.0,
          0.0,
          0.0,
          0.0,
          0.0,
          0.0,
          0.0,
          0.0,
          0.0,
          0.0,
          0.0,
          0.0,
          0.0,
          0.0,
          0.0,
          0.0,
          0.0,
          0.0,
          0.0,
          0.0,
          0.0,
          0.0,
          0.0,
          0.0,
          0.0,
          0.0,
          0.0,
          0.0,
          0.0,
          0.0,
          0.0,
          0.0,
          0.0,
          0.0,
          0.0,
          0.0,
          0.0,
          0.0,
          0.0,
          0.0,
          0.0,
          0.0,
          0.0,
          0.0,
          0.0,
          0.0,
          0.0,
          0.0,
          0.0,
          0.0,
          0.0,
          0.0,
          0.0,
          0.0,
          0.0,
          0.0,
          0.0,
          0.0,
          0.0,
          0.0,
          0.0,
          0.0,
          0.0,
          0.0,
          0.0,
          0.0,
          0.0,
          0.0,
          0.0,
          0.0,
          0.0,
          0.0,
          0.0,
          0.0,
          0.0,
          0.0,
          0.0,
          0.0,
          0.0,
          0.0,
          0.0,
          0.0,
          0.0,
          0.0,
          0.0,
          0.0,
          0.0,
          0.0,
          0.0,
          0.0,
          0.0,
          0.0,
          0.0,
          0.0,
          0.0,
          0.0,
          0.0,
          0.0,
          0.0,
          0.0,
          0.0,
          0.0,
          0.0,
          0.0,
          0.0,
          0.0,
          0.0,
          0.0,
          0.0,
          0.0,
          0.0,
          0.0,
          0.0,
          0.0,
          0.0,
          0.0,
          0.0,
          0.0,
          0.0,
          0.0,
          0.0,
          0.0,
          0.0,
          0.0,
          0.0,
          0.0,
          0.0,
          0.0,
          0.0,
          0.0,
          0.0,
          0.0,
          0.0,
          0.0,
          0.0,
          0.0,
          0.0,
          0.0,
          0.0,
          0.0,
          0.0,
          0.0,
          0.0,
          0.0,
          0.0,
          0.0,
          0.0,
          0.0,
          0.0,
          0.0,
          0.0,
          0.0,
          0.0,
          0.0,
          0.0,
          0.0,
          0.0,
          0.0,
          0.0,
          0.0,
          0.0,
          0.0,
          0.0,
          0.0,
          0.0,
          0.0,
          0.0,
          0.0,
          0.0,
          0.0,
          0.0,
          0.0,
          0.0,
          0.0,
          0.0,
          0.0,
          0.0,
          0.0,
          0.0,
          0.0,
          0.0,
          0.0,
          0.0,
          0.0,
          0.0,
          0.0,
          0.0,
          0.0,
          0.0,
          0.0,
          0.0,
          0.0,
          0.0,
          0.0,
          0.0,
          0.0,
          0.0,
          0.0,
          0.0,
          0.0,
          0.0,
          0.0,
          0.0,
          0.0,
          0.0,
          0.0,
          0.0,
          0.0,
          0.0,
          0.0,
          0.0,
          0.0,
          0.0,
          0.0,
          0.0,
          0.0,
          0.0,
          0.0,
          0.0,
          0.0,
          0.0,
          0.0,
          0.0,
          0.0,
          0.0,
          0.0,
          0.0,
          0.0,
          0.0,
          0.0,
          0.0,
          0.0,
          0.0,
          0.0,
          0.0,
          0.0,
          0.0,
          0.0,
          0.0,
          0.0,
          0.0,
          0.0,
          0.0,
          0.0,
          0.0,
          0.0,
          0.0,
          0.0,
          0.0,
          0.0,
          0.0,
          0.0,
          0.0,
          0.0,
          0.0,
          0.0,
          0.0,
          0.0,
          0.0,
          0.0,
          0.0,
          0.0,
          0.0,
          0.0,
          0.0,
          0.0,
          0.0,
          0.0,
          0.0,
          0.0,
          0.0,
          0.0,
          0.0,
          0.0,
          0.0,
          0.0,
          0.0,
          0.0,
          0.0,
          0.0,
          0.0,
          0.0,
          0.0,
          0.0,
          0.0,
          0.0,
          0.0,
          0.0,
          0.0,
          0.0,
          0.0,
          0.0,
          0.0,
          0.0,
          0.0,
          0.0,
          0.0,
          0.0,
          0.0,
          0.0,
          0.0,
          0.0,
          0.0,
          0.0,
          0.0,
          0.0,
          0.0,
          0.0,
          0.0,
          0.0,
          0.0,
          0.0,
          0.0,
          0.0,
          0.0,
          0.0,
          0.0,
          0.0,
          0.0,
          0.0,
          0.0,
          0.0,
          0.0,
          0.0,
          0.0,
          0.0,
          0.0,
          0.0,
          0.0,
          0.0,
          0.0,
          0.0,
          0.0,
          0.0,
          0.0,
          0.0,
          0.0,
          0.0,
          0.0,
          0.0,
          0.0,
          0.0,
          0.0,
          0.0,
          0.0,
          0.0,
          0.0,
          0.0,
          0.0,
          0.0,
          0.0,
          0.0,
          0.0,
          0.0,
          0.0,
          0.0,
          0.0,
          0.0,
          0.0,
          0.0,
          0.0,
          0.0,
          0.0,
          0.0,
          0.0,
          0.0,
          0.0,
          0.0,
          0.0,
          0.0,
          0.0,
          0.0,
          0.0,
          0.0,
          0.0,
          0.0,
          0.0,
          0.0,
          0.0,
          0.0,
          0.0,
          0.0,
          0.0,
          0.0,
          0.0,
          0.0,
          0.0,
          0.0,
          0.0,
          0.0,
          0.0,
          0.0,
          0.0,
          0.0,
          0.0,
          0.0,
          0.0,
          0.0,
          0.0,
          0.0,
          0.0,
          0.0,
          0.0,
          0.0,
          0.0,
          0.0,
          0.0,
          0.0,
          0.0,
          0.0,
          0.0,
          0.0,
          0.0,
          0.0,
          0.0,
          0.0,
          0.0,
          0.0,
          0.0,
          0.0,
          0.0,
          0.0,
          0.0,
          0.0,
          0.0,
          0.0,
          0.0,
          0.0,
          0.0,
          0.0,
          0.0,
          0.0,
          0.0,
          0.0,
          0.0,
          0.0,
          0.0,
          0.0,
          0.0,
          0.0,
          0.0,
          0.0,
          0.0,
          0.0,
          0.0,
          0.0,
          0.0,
          0.0,
          0.0,
          0.0,
          0.0,
          0.0,
          0.0,
          0.0,
          0.0,
          0.0,
          0.0,
          0.0,
          0.0,
          0.0,
          0.0,
          0.0,
          0.0,
          0.0,
          0.0,
          0.0,
          0.0,
          0.0,
          0.0,
          0.0,
          0.0,
          0.0,
          0.0,
          0.0,
          0.0,
          0.0,
          0.0,
          0.0,
          0.0,
          0.0,
          0.0,
          0.0,
          0.0,
          0.0,
          0.0,
          0.0,
          0.0,
          0.0,
          0.0,
          0.0,
          0.0,
          0.0,
          0.0,
          0.0,
          0.0,
          0.0,
          0.0,
          0.0,
          0.0,
          0.0,
          0.0,
          0.0,
          0.0,
          0.0,
          0.0,
          0.0,
          0.0,
          0.0,
          0.0,
          0.0,
          0.0,
          0.0,
          0.0,
          0.0,
          0.0,
          0.0,
          0.0,
          0.0,
          0.0,
          0.0,
          0.0,
          0.0,
          0.0,
          0.0,
          0.0,
          0.0,
          0.0,
          0.0,
          0.0,
          0.0,
          0.0,
          0.0,
          0.0,
          0.0,
          0.0,
          0.0,
          0.0,
          0.0,
          0.0,
          0.0,
          0.0,
          0.0,
          0.0,
          0.0,
          0.0,
          0.0,
          0.0,
          0.0,
          0.0,
          0.0,
          0.0,
          0.0,
          0.0,
          0.0,
          0.0,
          0.0,
          0.0,
          0.0,
          0.0,
          0.0,
          0.0,
          0.0,
          0.0,
          0.0,
          0.0,
          0.0,
          0.0,
          0.0,
          0.0,
          0.0,
          0.0,
          0.0,
          0.0,
          0.0,
          0.0,
          0.0,
          0.0
        ]
      }
    }
  ]
}