{
  "type": "FeatureCollection",
  "features": [
    {
      "type": "Feature",
      "geometry": {
        "type": "LineString",
        "coordinates": [
          [
            7.126751,
            50.870678
          ],
          [
            7.126640517241379,
            50.87066020689655
          ],
          [
            7.126530034482759,
            50.8706424137931
          ],
          [
            7.126419551724138,
            50.870624620689654
          ],
          [
            7.126309068965517,
            50.87060682758621
          ],
          [
            7.126198586206897,
            50.870589034482755
          ],
          [
            7.126088103448276,
            50.87057124137931
          ],
          [
            7.125977620689655,
            50.870553448275864
          ],
          [
            7.125867137931035,
            50.87053565517241
          ],
          [
            7.125756655172414,
            50.870517862068965
          ],
          [
            7.125683,
            50.870506
          ],
          [
            7.125487,
            50.870304
          ],
          [
            7.125549,
            50.870087
          ],
          [
            7.125778,
            50.869911
          ],
          [
            7.126044,
            50.86972
          ],
          [
            7.126341,
            50.869526
          ],
          [
            7.126601,
            50.869331
          ],
          [
            7.12719,
            50.868923
          ],
          [
            7.127438,
            50.868385
          ],
          [
            7.127228,
            50.868214
          ],
          [
            7.126942,
            50.86805
          ],
          [
            7.126427,
            50.867748
          ],
          [
            7.126026,
            50.867561
          ],
          [
            7.125673,
            50.867592
          ],
          [
            7.124986,
            50.868027
          ],
          [
            7.124443,
            50.868397
          ],
          [
            7.124133,
            50.868622
          ],
          [
            7.12378,
            50.868862
          ],
          [
            7.122784,
            50.869537
          ],
          [
            7.12185,
            50.870167
          ],
          [
            7.121275,
            50.870338
          ],
          [
            7.121052,
            50.870453
          ],
          [
            7.121256,
            50.87059
          ],
          [
            7.12146,
            50.870453
          ],
          [
            7.122078,
            50.870029
          ],
          [
            7.123724,
            50.868885
          ],
          [
            7.124081,
            50.868641
          ],
          [
            7.126865,
            50.866711
          ],
          [
            7.127826,
            50.866058
          ],
          [
            7.128939,
            50.86528
          ],
          [
            7.130508,
            50.864185
          ],
          [
            7.131908,
            50.86322
          ],
          [
            7.133102,
            50.86237
          ],
          [
            7.134399,
            50.861439
          ],
          [
            7.135696,
            50.860508
          ],
          [
            7.137299,
            50.85939
          ],
          [
            7.138664,
            50.858368
          ],
          [
            7.139925,
            50.857407
          ],
          [
            7.141342,
            50.856411
          ],
          [
            7.142563,
            50.855434
          ],
          [
            7.143784,
            50.854504
          ],
          [
            7.144973,
            50.853653
          ],
          [
            7.146532,
            50.852554
          ],
          [
            7.147943,
            50.851639
          ],
          [
            7.149279,
            50.850723
          ],
          [
            7.150689,
            50.849854
          ],
          [
            7.152471,
            50.848801
          ],
          [
            7.153881,
            50.847931
          ],
          [
            7.155228,
            50.847099
          ],
          [
            7.156925,
            50.846146
          ],
          [
            7.158781,
            50.845001
          ],
          [
            7.160414,
            50.844086
          ],
          [
            7.162247,
            50.843052
          ],
          [
            7.163754,
            50.842255
          ],
          [
            7.165833,
            50.84111
          ],
          [
            7.167243,
            50.840378
          ],
          [
            7.169395,
            50.839233
          ],
          [
            7.171177,
            50.838272
          ],
          [
            7.173233,
            50.837185
          ],
          [
            7.175705,
            50.835846
          ],
          [
            7.177429,
            50.834949
          ],
          [
            7.17926,
            50.833881
          ],
          [
            7.181718,
            50.832458
          ],
          [
            7.183574,
            50.831314
          ],
          [
            7.185287,
            50.830296
          ],
          [
            7.187195,
            50.829178
          ],
          [
            7.189735,
            50.827652
          ],
          [
            7.191544,
            50.826618
          ],
          [
            7.193604,
            50.8255
          ],
          [
            7.19574,
            50.824337
          ],
          [
            7.198123,
            50.82312
          ],
          [
            7.20047,
            50.821869
          ],
          [
            7.202874,
            50.820648
          ],
          [
            7.205101,
            50.81955
          ],
          [
            7.207642,
            50.818378
          ],
          [
            7.209778,
            50.81749
          ],
          [
            7.212302,
            50.816574
          ],
          [
            7.214826,
            50.81575
          ],
          [
            7.217789,
            50.814888
          ],
          [
            7.220764,
            50.814102
          ],
          [
            7.224104,
            50.813324
          ],
          [
            7.226715,
            50.81279
          ],
          [
            7.229691,
            50.812233
          ],
          [
            7.232666,
            50.811722
          ],
          [
            7.236576,
            50.811127
          ],
          [
            7.23938,
            50.810745
          ],
          [
            7.242508,
            50.810371
          ],
          [
            7.246671,
            50.809891
          ],
          [
            7.249938,
            50.80957
          ],
          [
            7.253203,
            50.80925
          ],
          [
            7.25647,
            50.808975
          ],
          [
            7.260132,
            50.808743
          ],
          [
            7.263412,
            50.80851
          ],
          [
            7.266769,
            50.808277
          ],
          [
            7.270813,
            50.807999
          ],
          [
            7.274857,
            50.807766
          ],
          [
            7.278214,
            50.807579
          ],
          [
            7.28157,
            50.807392
          ],
          [
            7.303013,
            50.806458
          ],
          [
            7.327361,
            50.80545
          ],
          [
            7.349483,
            50.804169
          ],
          [
            7.37101,
            50.802521
          ],
          [
            7.388306,
            50.800362
          ],
          [
            7.391586,
            50.799709
          ],
          [
            7.394943,
            50.799057
          ],
          [
            7.398911,
            50.798267
          ],
          [
            7.402267,
            50.797569
          ],
          [
            7.405624,
            50.796871
          ],
          [
            7.409668,
            50.795986
          ],
          [
            7.412728,
            50.795334
          ],
          [
            7.415549,
            50.794693
          ],
          [
            7.419706,
            50.793777
          ],
          [
            7.424011,
            50.792816
          ],
          [
            7.427574,
            50.792038
          ],
          [
            7.45118,
            50.787003
          ],
          [
            7.480164,
            50.780392
          ],
          [
            7.545232,
            50.761688
          ],
          [
            7.615307,
            50.741455
          ],
          [
            7.6931,
            50.719223
          ],
          [
            7.776871,
            50.695156
          ],
          [
            7.867657,
            50.668945
          ],
          [
            7.959089,
            50.642487
          ],
          [
            8.049726,
            50.616074
          ],
          [
            8.14072,
            50.589386
          ],
          [
            8.232157,
            50.563156
          ],
          [
            8.322738,
            50.536087
          ],
          [
            8.417479,
            50.507858
          ],
          [
            8.510618,
            50.480923
          ],
          [
            8.606823,
            50.451687
          ],
          [
            8.701895,
            50.423401
          ],
          [
            8.798965,
            50.394516
          ],
          [
            8.894733,
            50.365356
          ],
          [
            8.989708,
            50.3367
          ],
          [
            9.085838,
            50.307632
          ],
          [
            9.181462,
            50.278381
          ],
          [
            9.279736,
            50.250393
          ],
          [
            9.376831,
            50.223766
          ],
          [
            9.473927,
            50.196487
          ],
          [
            9.571549,
            50.169434
          ],
          [
            9.666595,
            50.142838
          ],
          [
            9.762392,
            50.115627
          ],
          [
            9.858003,
            50.088486
          ],
          [
            9.956137,
            50.0606
          ],
          [
            10.052787,
            50.033134
          ],
          [
            10.153825,
            50.003723
          ],
          [
            10.250751,
            49.975845
          ],
          [
            10.35006,
            49.947327
          ],
          [
            10.44742,
            49.918671
          ],
          [
            10.546355,
            49.889988
          ],
          [
            10.644957,
            49.860901
          ],
          [
            10.74246,
            49.832199
          ],
          [
            10.837796,
            49.803909
          ],
          [
            10.934143,
            49.775234
          ],
          [
            11.028269,
            49.747723
          ],
          [
            11.1225,
            49.719406
          ],
          [
            11.215631,
            49.691162
          ],
          [
            11.312132,
            49.662205
          ],
          [
            11.406628,
            49.633484
          ],
          [
            11.49979,
            49.60532
          ],
          [
            11.596069,
            49.575897
          ],
          [
            11.690176,
            49.547104
          ],
          [
            11.78447,
            49.517986
          ],
          [
            11.878002,
            49.489311
          ],
          [
            11.970471,
            49.460632
          ],
          [
            12.063277,
            49.431793
          ],
          [
            12.157006,
            49.402496
          ],
          [
            12.249972,
            49.373302
          ],
          [
            12.341116,
            49.344719
          ],
          [
            12.433918,
            49.315567
          ],
          [
            12.525893,
            49.28627
          ],
          [
            12.617939,
            49.257156
          ],
          [
            12.691449,
            49.233459
          ],
          [
            12.800229,
            49.19878
          ],
          [
            12.892673,
            49.169125
          ],
          [
            12.983586,
            49.139832
          ],
          [
            13.074526,
            49.110283
          ],
          [
            13.164579,
            49.081055
          ],
          [
            13.256484,
            49.051117
          ],
          [
            13.348318,
            49.02095
          ],
          [
            13.439749,
            48.990784
          ],
          [
            13.533349,
            48.960384
          ],
          [
            13.62699,
            48.929077
          ],
          [
            13.719036,
            48.898453
          ],
          [
            13.809453,
            48.868492
          ],
          [
            13.900163,
            48.83786
          ],
          [
            13.991234,
            48.807785
          ],
          [
            14.082738,
            48.776691
          ],
          [
            14.17842,
            48.744553
          ],
          [
            14.269,
            48.713566
          ],
          [
            14.358914,
            48.682842
          ],
          [
            14.450996,
            48.651512
          ],
          [
            14.539466,
            48.621204
          ],
          [
            14.628508,
            48.590652
          ],
          [
            14.717595,
            48.559616
          ],
          [
            14.807691,
            48.528801
          ],
          [
            14.896522,
            48.497704
          ],
          [
            14.985915,
            48.466415
          ],
          [
            15.075848,
            48.435104
          ],
          [
            15.164891,
            48.403667
          ],
          [
            15.255383,
            48.371639
          ],
          [
            15.342262,
            48.341053
          ],
          [
            15.433117,
            48.308842
          ],
          [
            15.520723,
            48.277634
          ],
          [
            15.609115,
            48.246227
          ],
          [
            15.696427,
            48.214806
          ],
          [
            15.784607,
            48.183147
          ],
          [
            15.872978,
            48.151154
          ],
          [
            15.958909,
            48.119976
          ],
          [
            16.045321,
            48.0886
          ],
          [
            16.129408,
            48.057922
          ],
          [
            16.214764,
            48.026733
          ],
          [
            16.300758,
            47.995193
          ],
          [
            16.385078,
            47.964066
          ],
          [
            16.472763,
            47.931747
          ],
          [
            16.558319,
            47.900116
          ],
          [
            16.642033,
            47.868874
          ],
          [
            16.726402,
            47.837498
          ],
          [
            16.812309,
            47.805267
          ],
          [
            16.89817,
            47.773071
          ],
          [
            16.984863,
            47.740448
          ],
          [
            17.076345,
            47.708317
          ],
          [
            17.166275,
            47.683319
          ],
          [
            17.256981,
            47.660294
          ],
          [
            17.348648,
            47.636673
          ],
          [
            17.438753,
            47.612045
          ],
          [
            17.529673,
            47.587372
          ],
          [
            17.62262,
            47.562332
          ],
          [
            17.713131,
            47.537518
          ],
          [
            17.805529,
            47.512005
          ],
          [
            17.89694,
            47.487099
          ],
          [
            17.987297,
            47.461807
          ],
          [
            18.079411,
            47.434727
          ],
          [
            18.171387,
            47.408379
          ],
          [
            18.262094,
            47.382309
          ],
          [
            18.353004,
            47.355743
          ],
          [
            18.442524,
            47.329475
          ],
          [
            18.53215,
            47.303238
          ],
          [
            18.621756,
            47.276825
          ],
          [
            18.713631,
            47.24968
          ],
          [
            18.803787,
            47.223038
          ],
          [
            18.894699,
            47.195663
          ],
          [
            18.984856,
            47.169022
          ],
          [
            19.075012,
            47.141876
          ],
          [
            19.164619,
            47.115005
          ],
          [
            19.254667,
            47.087681
          ],
          [
            19.344521,
            47.06044
          ],
          [
            19.433441,
            47.033615
          ],
          [
            19.52195,
            47.006424
          ],
          [
            19.612003,
            46.978611
          ],
          [
            19.701656,
            46.951096
          ],
          [
            19.790321,
            46.923958
          ],
          [
            19.878775,
            46.896397
          ],
          [
            19.968637,
            46.868748
          ],
          [
            20.05925,
            46.840302
          ],
          [
            20.148457,
            46.812424
          ],
          [
            20.238224,
            46.784088
          ],
          [
            20.328896,
            46.755672
          ],
          [
            20.418291,
            46.72728
          ],
          [
            20.509064,
            46.698395
          ],
          [
            20.59903,
            46.669876
          ],
          [
            20.687725,
            46.641312
          ],
          [
            20.777,
            46.61285
          ],
          [
            20.868464,
            46.583313
          ],
          [
            20.958893,
            46.554192
          ],
          [
            21.049335,
            46.524719
          ],
          [
            21.137093,
            46.496338
          ],
          [
            21.228264,
            46.465698
          ],
          [
            21.31897,
            46.43539
          ],
          [
            21.409071,
            46.405289
          ],
          [
            21.497297,
            46.375534
          ],
          [
            21.587465,
            46.344727
          ],
          [
            21.676695,
            46.314743
          ],
          [
            21.765657,
            46.284668
          ],
          [
            21.854965,
            46.254303
          ],
          [
            21.945124,
            46.223465
          ],
          [
            22.033218,
            46.193226
          ],
          [
            22.121727,
            46.162502
          ],
          [
            22.21051,
            46.131779
          ],
          [
            22.299835,
            46.100922
          ],
          [
            22.389038,
            46.069958
          ],
          [
            22.477478,
            46.03886
          ],
          [
            22.567703,
            46.007019
          ],
          [
            22.654633,
            45.976944
          ],
          [
            22.739914,
            45.946732
          ],
          [
            22.8249,
            45.91626
          ],
          [
            22.909441,
            45.886734
          ],
          [
            22.992325,
            45.856842
          ],
          [
            23.077881,
            45.826302
          ],
          [
            23.160004,
            45.797115
          ],
          [
            23.243721,
            45.767258
          ],
          [
            23.329193,
            45.736038
          ],
          [
            23.415024,
            45.705219
          ],
          [
            23.499153,
            45.674561
          ],
          [
            23.580679,
            45.644897
          ],
          [
            23.665556,
            45.613953
          ],
          [
            23.748734,
            45.583439
          ],
          [
            23.832762,
            45.552383
          ],
          [
            23.916517,
            45.521759
          ],
          [
            24.000772,
            45.49094
          ],
          [
            24.084042,
            45.45961
          ],
          [
            24.167711,
            45.428654
          ],
          [
            24.251469,
            45.397339
          ],
          [
            24.334455,
            45.366257
          ],
          [
            24.418356,
            45.334763
          ],
          [
            24.500101,
            45.304138
          ],
          [
            24.583115,
            45.272751
          ],
          [
            24.663588,
            45.242065
          ],
          [
            24.745266,
            45.211258
          ],
          [
            24.824066,
            45.181366
          ],
          [
            24.906006,
            45.149853
          ],
          [
            24.985723,
            45.119358
          ],
          [
            25.066681,
            45.088165
          ],
          [
            25.145809,
            45.057632
          ],
          [
            25.224152,
            45.027466
          ],
          [
            25.304863,
            44.996231
          ],
          [
            25.384983,
            44.964993
          ],
          [
            25.463295,
            44.934406
          ],
          [
            25.542946,
            44.903404
          ],
          [
            25.623533,
            44.871796
          ],
          [
            25.703756,
            44.840149
          ],
          [
            25.785248,
            44.808064
          ],
          [
            25.865042,
            44.776741
          ],
          [
            25.943642,
            44.745232
          ],
          [
            26.023058,
            44.713745
          ],
          [
            26.102512,
            44.682117
          ],
          [
            26.181828,
            44.650238
          ],
          [
            26.264736,
            44.617157
          ],
          [
            26.348454,
            44.583794
          ],
          [
            26.430464,
            44.550331
          ],
          [
            26.509607,
            44.518547
          ],
          [
            26.589567,
            44.485844
          ],
          [
            26.669563,
            44.453476
          ],
          [
            26.749434,
            44.420773
          ],
          [
            26.829508,
            44.388107
          ],
          [
            26.909863,
            44.355225
          ],
          [
            26.991381,
            44.321312
          ],
          [
            27.070406,
            44.289177
          ],
          [
            27.150248,
            44.255802
          ],
          [
            27.228886,
            44.222992
          ],
          [
            27.30797,
            44.190315
          ],
          [
            27.38726,
            44.157326
          ],
          [
            27.46525,
            44.124477
          ],
          [
            27.543463,
            44.091381
          ],
          [
            27.621099,
            44.059246
          ],
          [
            27.698803,
            44.026272
          ],
          [
            27.776644,
            43.993195
          ],
          [
            27.854769,
            43.960121
          ],
          [
            27.933823,
            43.926525
          ],
          [
            28.01325,
            43.892574
          ],
          [
            28.091084,
            43.859203
          ],
          [
            28.170334,
            43.825096
          ],
          [
            28.249481,
            43.791424
          ],
          [
            28.328413,
            43.757145
          ],
          [
            28.407118,
            43.723171
          ],
          [
            28.485313,
            43.689125
          ],
          [
            28.563681,
            43.654942
          ],
          [
            28.64296,
            43.620628
          ],
          [
            28.722052,
            43.586056
          ],
          [
            28.801548,
            43.551262
          ],
          [
            28.879824,
            43.516762
          ],
          [
            28.957882,
            43.48217
          ],
          [
            29.035797,
            43.447945
          ],
          [
            29.11356,
            43.413548
          ],
          [
            29.18923,
            43.379887
          ],
          [
            29.264875,
            43.346367
          ],
          [
            29.339962,
            43.312305
          ],
          [
            29.415585,
            43.278915
          ],
          [
            29.490574,
            43.244934
          ],
          [
            29.567152,
            43.210609
          ],
          [
            29.644976,
            43.175587
          ],
          [
            29.722908,
            43.140095
          ],
          [
            29.798765,
            43.104584
          ],
          [
            29.876743,
            43.069698
          ],
          [
            29.956324,
            43.033669
          ],
          [
            30.032497,
            42.999043
          ],
          [
            30.110895,
            42.963158
          ],
          [
            30.183249,
            42.929825
          ],
          [
            30.261223,
            42.89426
          ],
          [
            30.293098,
            42.880451
          ],
          [
            30.299253,
            42.877682
          ],
          [
            30.304588,
            42.87534
          ],
          [
            30.309807,
            42.873123
          ],
          [
            30.314272,
            42.871105
          ],
          [
            30.31912,
            42.868938
          ],
          [
            30.324017,
            42.866753
          ],
          [
            30.329985,
            42.864082
          ],
          [
            30.335711,
            42.861317
          ],
          [
            30.339886,
            42.859325
          ],
          [
            30.345135,
            42.856773
          ],
          [
            30.350302,
            42.854916
          ],
          [
            30.355572,
            42.852154
          ],
          [
            30.361126,
            42.849785
          ],
          [
            30.365938,
            42.847561
          ],
          [
            30.370424,
            42.845474
          ],
          [
            30.376385,
            42.842751
          ],
          [
            30.382008,
            42.840057
          ],
          [
            30.386358,
            42.837971
          ],
          [
            30.394392,
            42.833958
          ],
          [
            30.401279,
            42.831669
          ],
          [
            30.40361,
            42.829716
          ],
          [
            30.409351,
            42.82732
          ],
          [
            30.414412,
            42.824978
          ],
          [
            30.419619,
            42.822506
          ],
          [
            30.423897,
            42.820393
          ],
          [
            30.429447,
            42.817837
          ],
          [
            30.438416,
            42.813332
          ],
          [
            30.441229,
            42.811489
          ],
          [
            30.446598,
            42.809044
          ],
          [
            30.45195,
            42.806908
          ],
          [
            30.457808,
            42.804234
          ],
          [
            30.462614,
            42.802044
          ],
          [
            30.467638,
            42.799644
          ],
          [
            30.472822,
            42.79715
          ],
          [
            30.477545,
            42.794933
          ],
          [
            30.482199,
            42.792667
          ],
          [
            30.487688,
            42.790173
          ],
          [
            30.49365,
            42.787376
          ],
          [
            30.497782,
            42.785488
          ],
          [
            30.503414,
            42.782818
          ],
          [
            30.508039,
            42.780613
          ],
          [
            30.586756,
            42.747887
          ],
          [
            30.593483,
            42.74596
          ],
          [
            30.598568,
            42.744633
          ],
          [
            30.604528,
            42.743069
          ],
          [
            30.611189,
            42.741577
          ],
          [
            30.617182,
            42.740353
          ],
          [
            30.622766,
            42.739262
          ],
          [
            30.628941,
            42.737999
          ],
          [
            30.635237,
            42.736801
          ],
          [
            30.641535,
            42.73563
          ],
          [
            30.647409,
            42.734531
          ],
          [
            30.653429,
            42.73362
          ],
          [
            30.659721,
            42.73254
          ],
          [
            30.665968,
            42.731567
          ],
          [
            30.672754,
            42.730511
          ],
          [
            30.677986,
            42.729816
          ],
          [
            30.686262,
            42.728783
          ],
          [
            30.69173,
            42.728054
          ],
          [
            30.78249,
            42.7188
          ],
          [
            30.881174,
            42.711037
          ],
          [
            30.972317,
            42.702984
          ],
          [
            31.074986,
            42.692108
          ],
          [
            31.154894,
            42.683437
          ],
          [
            31.162193,
            42.682629
          ],
          [
            31.167294,
            42.681957
          ],
          [
            31.173979,
            42.68124
          ],
          [
            31.1798,
            42.680508
          ],
          [
            31.187214,
            42.679684
          ],
          [
            31.19486,
            42.678825
          ],
          [
            31.200554,
            42.678219
          ],
          [
            31.208677,
            42.677521
          ],
          [
            31.212648,
            42.676933
          ],
          [
            31.220228,
            42.676167
          ],
          [
            31.226328,
            42.675472
          ],
          [
            31.23221,
            42.674908
          ],
          [
            31.271976,
            42.670319
          ],
          [
            31.279776,
            42.669556
          ],
          [
            31.286407,
            42.668892
          ],
          [
            31.292439,
            42.668224
          ],
          [
            31.298901,
            42.667461
          ],
          [
            31.305372,
            42.66671
          ],
          [
            31.311447,
            42.666046
          ],
          [
            31.317572,
            42.665401
          ],
          [
            31.324398,
            42.664608
          ],
          [
            31.330328,
            42.663971
          ],
          [
            31.337587,
            42.663136
          ],
          [
            31.344154,
            42.662395
          ],
          [
            31.350401,
            42.661747
          ],
          [
            31.404854,
            42.655838
          ],
          [
            31.412535,
            42.654709
          ],
          [
            31.421692,
            42.653721
          ],
          [
            31.440664,
            42.652012
          ],
          [
            31.446787,
            42.650951
          ],
          [
            31.453127,
            42.650543
          ],
          [
            31.461613,
            42.649632
          ],
          [
            31.46748,
            42.648911
          ],
          [
            31.472841,
            42.648468
          ],
          [
            31.483828,
            42.647423
          ],
          [
            31.492083,
            42.646214
          ],
          [
            31.497562,
            42.646458
          ],
          [
            31.504282,
            42.645035
          ],
          [
            31.512804,
            42.645172
          ],
          [
            31.521187,
            42.64399
          ],
          [
            31.526644,
            42.643696
          ],
          [
            31.533119,
            42.641956
          ],
          [
            31.539949,
            42.641739
          ],
          [
            31.546093,
            42.640949
          ],
          [
            31.55718,
            42.640099
          ],
          [
            31.572706,
            42.631809
          ],
          [
            31.594484,
            42.636005
          ],
          [
            31.603422,
            42.634487
          ],
          [
            31.611528,
            42.633656
          ],
          [
            31.620285,
            42.633224
          ],
          [
            31.627485,
            42.631477
          ],
          [
            31.634825,
            42.630589
          ],
          [
            31.640985,
            42.630463
          ],
          [
            31.647749,
            42.629284
          ],
          [
            31.65473,
            42.629025
          ],
          [
            31.659023,
            42.628262
          ],
          [
            31.667572,
            42.6222
          ],
          [
            31.679502,
            42.626049
          ],
          [
            31.683205,
            42.621426
          ],
          [
            31.695124,
            42.623547
          ],
          [
            31.702824,
            42.623802
          ],
          [
            31.712963,
            42.622658
          ],
          [
            31.719402,
            42.620823
          ],
          [
            31.727102,
            42.620087
          ],
          [
            31.733099,
            42.620411
          ],
          [
            31.739956,
            42.618801
          ],
          [
            31.74579,
            42.618244
          ],
          [
            31.751522,
            42.617767
          ],
          [
            31.757771,
            42.617062
          ],
          [
            31.7666,
            42.616199
          ],
          [
            31.771776,
            42.615623
          ],
          [
            31.778713,
            42.614887
          ],
          [
            31.784016,
            42.614346
          ],
          [
            31.79339,
            42.613388
          ],
          [
            31.798786,
            42.612816
          ],
          [
            31.805281,
            42.612041
          ],
          [
            31.809946,
            42.611469
          ],
          [
            31.817308,
            42.610638
          ],
          [
            31.823019,
            42.60997
          ],
          [
            31.829262,
            42.609245
          ],
          [
            31.844608,
            42.607353
          ],
          [
            31.850981,
            42.606647
          ],
          [
            31.856535,
            42.605839
          ],
          [
            31.86322,
            42.604931
          ],
          [
            31.869457,
            42.604214
          ],
          [
            31.876614,
            42.603378
          ],
          [
            31.882895,
            42.602608
          ],
          [
            31.88835,
            42.602032
          ],
          [
            31.89805,
            42.600895
          ],
          [
            31.90543,
            42.599995
          ],
          [
            31.909842,
            42.599407
          ],
          [
            31.91847,
            42.598488
          ],
          [
            31.92444,
            42.597767
          ],
          [
            31.936247,
            42.596497
          ],
          [
            31.940498,
            42.595837
          ],
          [
            31.947926,
            42.59499
          ],
          [
            31.954319,
            42.594257
          ],
          [
            31.964367,
            42.593945
          ],
          [
            31.978136,
            42.592216
          ],
          [
            31.989759,
            42.590412
          ],
          [
            31.994164,
            42.590141
          ],
          [
            32.003433,
            42.588772
          ],
          [
            32.009705,
            42.588005
          ],
          [
            32.018639,
            42.587185
          ],
          [
            32.024467,
            42.586582
          ],
          [
            32.043724,
            42.584251
          ],
          [
            32.051865,
            42.589096
          ],
          [
            32.058075,
            42.590267
          ],
          [
            32.074154,
            42.581314
          ],
          [
            32.07753,
            42.58046
          ],
          [
            32.091682,
            42.578938
          ],
          [
            32.098564,
            42.585812
          ],
          [
            32.105782,
            42.584763
          ],
          [
            32.116608,
            42.576237
          ],
          [
            32.124107,
            42.575432
          ],
          [
            32.130615,
            42.574638
          ],
          [
            32.138222,
            42.581142
          ],
          [
            32.142033,
            42.580402
          ],
          [
            32.150871,
            42.579536
          ],
          [
            32.165741,
            42.577858
          ],
          [
            32.177155,
            42.569149
          ],
          [
            32.205978,
            42.573017
          ],
          [
            32.219505,
            42.563438
          ],
          [
            32.225479,
            42.570541
          ],
          [
            32.242313,
            42.560707
          ],
          [
            32.259598,
            42.559147
          ],
          [
            32.264584,
            42.557995
          ],
          [
            32.274357,
            42.564575
          ],
          [
            32.279804,
            42.564056
          ],
          [
            32.286995,
            42.563065
          ],
          [
            32.296303,
            42.561768
          ],
          [
            32.30471,
            42.560677
          ],
          [
            32.311325,
            42.55994
          ],
          [
            32.317394,
            42.559193
          ],
          [
            32.324657,
            42.5583
          ],
          [
            32.332695,
            42.557362
          ],
          [
            32.339954,
            42.556694
          ],
          [
            32.354343,
            42.547943
          ],
          [
            32.359344,
            42.547173
          ],
          [
            32.36681,
            42.54604
          ],
          [
            32.372551,
            42.545322
          ],
          [
            32.381805,
            42.551701
          ],
          [
            32.394333,
            42.544601
          ],
          [
            32.403942,
            42.541618
          ],
          [
            32.407692,
            42.541168
          ],
          [
            32.414814,
            42.540321
          ],
          [
            32.425587,
            42.539051
          ],
          [
            32.430859,
            42.538235
          ],
          [
            32.44043,
            42.537033
          ],
          [
            32.446751,
            42.537067
          ],
          [
            32.453129,
            42.535828
          ],
          [
            32.461388,
            42.535316
          ],
          [
            32.469559,
            42.53373
          ],
          [
            32.47924,
            42.532692
          ],
          [
            32.489666,
            42.53067
          ],
          [
            32.495678,
            42.530468
          ],
          [
            32.502216,
            42.529465
          ],
          [
            32.513138,
            42.528671
          ],
          [
            32.525658,
            42.527451
          ],
          [
            32.531975,
            42.526833
          ],
          [
            32.537106,
            42.526119
          ],
          [
            32.542347,
            42.525291
          ],
          [
            32.55183,
            42.523708
          ],
          [
            32.560432,
            42.522827
          ],
          [
            32.566933,
            42.522243
          ],
          [
            32.570553,
            42.521851
          ],
          [
            32.578926,
            42.520821
          ],
          [
            32.583153,
            42.520382
          ],
          [
            32.592522,
            42.523567
          ],
          [
            32.597149,
            42.518444
          ],
          [
            32.604519,
            42.517708
          ],
          [
            32.612995,
            42.516853
          ],
          [
            32.621666,
            42.515587
          ],
          [
            32.6311,
            42.514011
          ],
          [
            32.637402,
            42.513905
          ],
          [
            32.644264,
            42.512753
          ],
          [
            32.650944,
            42.511868
          ],
          [
            32.660519,
            42.510666
          ],
          [
            32.669262,
            42.509594
          ],
          [
            32.678303,
            42.50935
          ],
          [
            32.68359,
            42.508564
          ],
          [
            32.693375,
            42.507393
          ],
          [
            32.701572,
            42.506424
          ],
          [
            32.707623,
            42.505676
          ],
          [
            32.714031,
            42.504944
          ],
          [
            32.721188,
            42.504101
          ],
          [
            32.725403,
            42.503704
          ],
          [
            32.732159,
            42.50338
          ],
          [
            32.739899,
            42.500359
          ],
          [
            32.747791,
            42.501163
          ],
          [
            32.755112,
            42.500393
          ],
          [
            32.759449,
            42.498905
          ],
          [
            32.769104,
            42.49881
          ],
          [
            32.776165,
            42.497765
          ],
          [
            32.782238,
            42.497097
          ],
          [
            32.788921,
            42.496075
          ],
          [
            32.794472,
            42.496563
          ],
          [
            32.801849,
            42.494873
          ],
          [
            32.806843,
            42.49419
          ],
          [
            32.81678,
            42.493233
          ],
          [
            32.822689,
            42.492401
          ],
          [
            32.828072,
            42.488434
          ],
          [
            32.837044,
            42.489574
          ],
          [
            32.841835,
            42.490135
          ],
          [
            32.848545,
            42.488853
          ],
          [
            32.855877,
            42.488167
          ],
          [
            32.866833,
            42.489044
          ],
          [
            32.870956,
            42.486877
          ],
          [
            32.882633,
            42.484917
          ],
          [
            32.891418,
            42.484268
          ],
          [
            32.89682,
            42.483391
          ],
          [
            32.907181,
            42.48243
          ],
          [
            32.915333,
            42.481087
          ],
          [
            32.926121,
            42.478813
          ],
          [
            32.93108,
            42.479046
          ],
          [
            32.940655,
            42.477715
          ],
          [
            32.9491,
            42.477116
          ],
          [
            32.953323,
            42.476307
          ],
          [
            32.960407,
            42.475773
          ],
          [
            32.965557,
            42.474991
          ],
          [
            32.972446,
            42.473713
          ],
          [
            32.979698,
            42.47337
          ],
          [
            32.984776,
            42.472866
          ],
          [
            32.992821,
            42.471989
          ],
          [
            33.002602,
            42.470768
          ],
          [
            33.007942,
            42.469921
          ],
          [
            33.014034,
            42.469227
          ],
          [
            33.022102,
            42.468498
          ],
          [
            33.027386,
            42.467987
          ],
          [
            33.035717,
            42.467041
          ],
          [
            33.039944,
            42.466602
          ],
          [
            33.046215,
            42.465961
          ],
          [
            33.05228,
            42.465305
          ],
          [
            33.058392,
            42.464539
          ],
          [
            33.064301,
            42.463516
          ],
          [
            33.070332,
            42.462952
          ],
          [
            33.076973,
            42.462074
          ],
          [
            33.084831,
            42.460831
          ],
          [
            33.093197,
            42.456097
          ],
          [
            33.097328,
            42.459782
          ],
          [
            33.105198,
            42.458599
          ],
          [
            33.109234,
            42.458385
          ],
          [
            33.116508,
            42.457363
          ],
          [
            33.124008,
            42.456753
          ],
          [
            33.132313,
            42.455574
          ],
          [
            33.140869,
            42.45409
          ],
          [
            33.148262,
            42.453686
          ],
          [
            33.15443,
            42.452435
          ],
          [
            33.161217,
            42.451855
          ],
          [
            33.170502,
            42.45192
          ],
          [
            33.175945,
            42.447773
          ],
          [
            33.184494,
            42.449085
          ],
          [
            33.19141,
            42.448086
          ],
          [
            33.197517,
            42.448788
          ],
          [
            33.204365,
            42.446384
          ],
          [
            33.21003,
            42.445759
          ],
          [
            33.216965,
            42.444431
          ],
          [
            33.221966,
            42.442551
          ],
          [
            33.229465,
            42.442383
          ],
          [
            33.242973,
            42.439789
          ],
          [
            33.248596,
            42.440712
          ],
          [
            33.256809,
            42.439945
          ],
          [
            33.263775,
            42.438873
          ],
          [
            33.272324,
            42.434464
          ],
          [
            33.277821,
            42.437141
          ],
          [
            33.285515,
            42.435638
          ],
          [
            33.289928,
            42.435066
          ],
          [
            33.295433,
            42.434902
          ],
          [
            33.305016,
            42.433086
          ],
          [
            33.313709,
            42.432648
          ],
          [
            33.323841,
            42.430958
          ],
          [
            33.332058,
            42.42939
          ],
          [
            33.33799,
            42.4291
          ],
          [
            33.346218,
            42.427654
          ],
          [
            33.351189,
            42.42691
          ],
          [
            33.356831,
            42.426239
          ],
          [
            33.364098,
            42.425369
          ],
          [
            33.376091,
            42.421368
          ],
          [
            33.379738,
            42.423519
          ],
          [
            33.388939,
            42.419674
          ],
          [
            33.395061,
            42.420197
          ],
          [
            33.403435,
            42.415302
          ],
          [
            33.414242,
            42.416271
          ],
          [
            33.421028,
            42.413342
          ],
          [
            33.429142,
            42.414009
          ],
          [
            33.437576,
            42.413021
          ],
          [
            33.448357,
            42.411621
          ],
          [
            33.456955,
            42.410381
          ],
          [
            33.464539,
            42.410816
          ],
          [
            33.474072,
            42.409527
          ],
          [
            33.481087,
            42.408764
          ],
          [
            33.487286,
            42.407143
          ],
          [
            33.495598,
            42.404984
          ],
          [
            33.504677,
            42.403587
          ],
          [
            33.51054,
            42.40427
          ],
          [
            33.516243,
            42.403709
          ],
          [
            33.525455,
            42.400383
          ],
          [
            33.531277,
            42.39991
          ],
          [
            33.539051,
            42.400597
          ],
          [
            33.545704,
            42.3993
          ],
          [
            33.55159,
            42.399509
          ],
          [
            33.56218,
            42.396629
          ],
          [
            33.576298,
            42.39576
          ],
          [
            33.582603,
            42.394444
          ],
          [
            33.58762,
            42.39719
          ],
          [
            33.595688,
            42.393173
          ],
          [
            33.603245,
            42.394814
          ],
          [
            33.608437,
            42.393856
          ],
          [
            33.618977,
            42.39249
          ],
          [
            33.627728,
            42.389904
          ],
          [
            33.634033,
            42.388489
          ],
          [
            33.639709,
            42.389503
          ],
          [
            33.646618,
            42.386776
          ],
          [
            33.653297,
            42.385834
          ],
          [
            33.658611,
            42.386192
          ],
          [
            33.665421,
            42.386261
          ],
          [
            33.675224,
            42.383457
          ],
          [
            33.683098,
            42.381481
          ],
          [
            33.692539,
            42.379841
          ],
          [
            33.699818,
            42.380581
          ],
          [
            33.705074,
            42.379612
          ],
          [
            33.71307,
            42.376652
          ],
          [
            33.7188,
            42.377258
          ],
          [
            33.727596,
            42.376354
          ],
          [
            33.733677,
            42.373928
          ],
          [
            33.740356,
            42.373859
          ],
          [
            33.749058,
            42.373814
          ],
          [
            33.755249,
            42.373348
          ],
          [
            33.760193,
            42.374413
          ],
          [
            33.770782,
            42.3685
          ],
          [
            33.774788,
            42.372318
          ],
          [
            33.780254,
            42.373299
          ],
          [
            33.790581,
            42.372108
          ],
          [
            33.796822,
            42.371323
          ],
          [
            33.80365,
            42.371899
          ],
          [
            33.812328,
            42.36668
          ],
          [
            33.819004,
            42.366653
          ],
          [
            33.827827,
            42.363079
          ],
          [
            33.835392,
            42.364048
          ],
          [
            33.845451,
            42.362366
          ],
          [
            33.851803,
            42.362133
          ],
          [
            33.857063,
            42.363594
          ],
          [
            33.862144,
            42.363495
          ],
          [
            33.874432,
            42.358349
          ],
          [
            33.879944,
            42.358555
          ],
          [
            33.889912,
            42.357563
          ],
          [
            33.901245,
            42.354336
          ],
          [
            33.907913,
            42.356434
          ],
          [
            33.914288,
            42.355309
          ],
          [
            33.921757,
            42.353252
          ],
          [
            33.926807,
            42.35368
          ],
          [
            33.934727,
            42.3521
          ],
          [
            33.940594,
            42.352852
          ],
          [
            33.948292,
            42.346725
          ],
          [
            33.953346,
            42.348019
          ],
          [
            33.961452,
            42.350071
          ],
          [
            33.967999,
            42.34914
          ],
          [
            33.975754,
            42.348503
          ],
          [
            33.982697,
            42.347492
          ],
          [
            33.987896,
            42.347015
          ],
          [
            33.994583,
            42.345684
          ],
          [
            34.00061,
            42.345051
          ],
          [
            34.007351,
            42.344093
          ],
          [
            34.01408,
            42.34428
          ],
          [
            34.020531,
            42.343468
          ],
          [
            34.027264,
            42.341763
          ],
          [
            34.03373,
            42.341343
          ],
          [
            34.039364,
            42.340427
          ],
          [
            34.046452,
            42.339729
          ],
          [
            34.05225,
            42.338886
          ],
          [
            34.059189,
            42.336788
          ],
          [
            34.065353,
            42.336571
          ],
          [
            34.071777,
            42.335411
          ],
          [
            34.080357,
            42.334103
          ],
          [
            34.088707,
            42.332092
          ],
          [
            34.093838,
            42.331806
          ],
          [
            34.101044,
            42.330059
          ],
          [
            34.106144,
            42.328815
          ],
          [
            34.115791,
            42.327194
          ],
          [
            34.122387,
            42.324886
          ],
          [
            34.125736,
            42.325092
          ],
          [
            34.13343,
            42.324684
          ],
          [
            34.139877,
            42.320286
          ],
          [
            34.146343,
            42.321789
          ],
          [
            34.152245,
            42.320602
          ],
          [
            34.156952,
            42.320286
          ],
          [
            34.162403,
            42.318764
          ],
          [
            34.169151,
            42.317806
          ],
          [
            34.175236,
            42.316338
          ],
          [
            34.185291,
            42.314125
          ],
          [
            34.190041,
            42.313084
          ],
          [
            34.195698,
            42.312119
          ],
          [
            34.201336,
            42.310863
          ],
          [
            34.208931,
            42.312069
          ],
          [
            34.217247,
            42.305981
          ],
          [
            34.227097,
            42.303833
          ],
          [
            34.232922,
            42.304749
          ],
          [
            34.240322,
            42.303589
          ],
          [
            34.249653,
            42.301655
          ],
          [
            34.25618,
            42.300446
          ],
          [
            34.266605,
            42.296528
          ],
          [
            34.275528,
            42.293694
          ],
          [
            34.282345,
            42.29364
          ],
          [
            34.28862,
            42.292522
          ],
          [
            34.294834,
            42.290745
          ],
          [
            34.303818,
            42.28949
          ],
          [
            34.309986,
            42.287956
          ],
          [
            34.31955,
            42.288567
          ],
          [
            34.326569,
            42.287987
          ],
          [
            34.330883,
            42.287312
          ],
          [
            34.337528,
            42.285919
          ],
          [
            34.343765,
            42.284798
          ],
          [
            34.351364,
            42.283306
          ],
          [
            34.356579,
            42.282341
          ],
          [
            34.363785,
            42.280861
          ],
          [
            34.371838,
            42.279251
          ],
          [
            34.378029,
            42.277897
          ],
          [
            34.384209,
            42.277168
          ],
          [
            34.390987,
            42.275745
          ],
          [
            34.396641,
            42.274361
          ],
          [
            34.403767,
            42.272877
          ],
          [
            34.410969,
            42.271709
          ],
          [
            34.4174,
            42.270515
          ],
          [
            34.424427,
            42.269161
          ],
          [
            34.429794,
            42.267632
          ],
          [
            34.436363,
            42.266582
          ],
          [
            34.442924,
            42.265202
          ],
          [
            34.462982,
            42.261597
          ],
          [
            34.468132,
            42.260185
          ],
          [
            34.473602,
            42.259243
          ],
          [
            34.480965,
            42.257355
          ],
          [
            34.486839,
            42.256653
          ],
          [
            34.491829,
            42.255791
          ],
          [
            34.499287,
            42.254131
          ],
          [
            34.505039,
            42.251247
          ],
          [
            34.535549,
            42.242355
          ],
          [
            34.540123,
            42.24567
          ],
          [
            34.545177,
            42.245094
          ],
          [
            34.551613,
            42.243671
          ],
          [
            34.558804,
            42.242584
          ],
          [
            34.566368,
            42.241093
          ],
          [
            34.571999,
            42.239433
          ],
          [
            34.57851,
            42.238621
          ],
          [
            34.587242,
            42.237041
          ],
          [
            34.592834,
            42.236008
          ],
          [
            34.598473,
            42.234772
          ],
          [
            34.604568,
            42.2337
          ],
          [
            34.610115,
            42.232422
          ],
          [
            34.617626,
            42.230846
          ],
          [
            34.624664,
            42.229156
          ],
          [
            34.630466,
            42.227818
          ],
          [
            34.637253,
            42.226715
          ],
          [
            34.642887,
            42.225601
          ],
          [
            34.649956,
            42.224201
          ],
          [
            34.656113,
            42.223026
          ],
          [
            34.662537,
            42.221848
          ],
          [
            34.668442,
            42.220444
          ],
          [
            34.675438,
            42.219074
          ],
          [
            34.681149,
            42.218132
          ],
          [
            34.687187,
            42.217064
          ],
          [
            34.693733,
            42.215988
          ],
          [
            34.742699,
            42.207066
          ],
          [
            34.749954,
            42.205345
          ],
          [
            34.754536,
            42.204639
          ],
          [
            34.761139,
            42.203411
          ],
          [
            34.768589,
            42.201855
          ],
          [
            34.773182,
            42.201023
          ],
          [
            34.779606,
            42.199947
          ],
          [
            34.786808,
            42.198479
          ],
          [
            34.793098,
            42.197113
          ],
          [
            34.798996,
            42.195885
          ],
          [
            34.80545,
            42.194477
          ],
          [
            34.813004,
            42.193012
          ],
          [
            34.819771,
            42.191681
          ],
          [
            34.826038,
            42.190453
          ],
          [
            34.844418,
            42.186844
          ],
          [
            34.852936,
            42.184933
          ],
          [
            34.858608,
            42.183735
          ],
          [
            34.864693,
            42.183205
          ],
          [
            34.870319,
            42.182182
          ],
          [
            34.877083,
            42.180641
          ],
          [
            34.883415,
            42.179123
          ],
          [
            34.890404,
            42.178017
          ],
          [
            34.89809,
            42.176662
          ],
          [
            34.904449,
            42.175369
          ],
          [
            34.908875,
            42.172924
          ],
          [
            34.916267,
            42.173252
          ],
          [
            34.921997,
            42.172035
          ],
          [
            34.927891,
            42.170895
          ],
          [
            34.933758,
            42.169769
          ],
          [
            34.942802,
            42.168003
          ],
          [
            34.945911,
            42.167431
          ],
          [
            34.971378,
            42.162418
          ],
          [
            34.977661,
            42.161186
          ],
          [
            34.985218,
            42.159904
          ],
          [
            35.078995,
            42.141846
          ],
          [
            35.170155,
            42.1241
          ],
          [
            35.253162,
            42.107281
          ],
          [
            35.259666,
            42.106018
          ],
          [
            35.266994,
            42.104298
          ],
          [
            35.277321,
            42.102451
          ],
          [
            35.363822020408165,
            42.08487528571429
          ],
          [
            35.45032304081633,
            42.06729957142857
          ],
          [
            35.536824061224486,
            42.04972385714286
          ],
          [
            35.62332508163265,
            42.032148142857146
          ],
          [
            35.709826102040815,
            42.014572428571434
          ],
          [
            35.79632712244898,
            41.996996714285714
          ],
          [
            35.88282814285714,
            41.979421
          ],
          [
            35.9693291632653,
            41.96184528571429
          ],
          [
            35.983746,
            41.958916
          ],
          [
            35.989624,
            41.957809
          ],
          [
            35.99654,
            41.956268
          ],
          [
            36.002434,
            41.955143
          ],
          [
            36.009106,
            41.953888
          ],
          [
            36.016243,
            41.952381
          ],
          [
            36.021881,
            41.951138
          ],
          [
            36.029751,
            41.9496
          ],
          [
            36.035084,
            41.948505
          ],
          [
            36.041206,
            41.947315
          ],
          [
            36.047108,
            41.946095
          ],
          [
            36.053104,
            41.944935
          ],
          [
            36.059242,
            41.943699
          ],
          [
            36.066803,
            41.942245
          ],
          [
            36.073101,
            41.94104
          ],
          [
            36.077995,
            41.939999
          ],
          [
            36.085651,
            41.938534
          ],
          [
            36.09124,
            41.937592
          ],
          [
            36.098404,
            41.936211
          ],
          [
            36.104836,
            41.934956
          ],
          [
            36.161446,
            41.92382
          ],
          [
            36.170715,
            41.921936
          ],
          [
            36.181252,
            41.919785
          ],
          [
            36.187325,
            41.918438
          ],
          [
            36.191471,
            41.917736
          ],
          [
            36.202095,
            41.915405
          ],
          [
            36.208141,
            41.914368
          ],
          [
            36.214592,
            41.913258
          ],
          [
            36.221104,
            41.911831
          ],
          [
            36.227104,
            41.910603
          ],
          [
            36.241871,
            41.90641
          ],
          [
            36.244793,
            41.906883
          ],
          [
            36.250755,
            41.905632
          ],
          [
            36.257557,
            41.904423
          ],
          [
            36.264404,
            41.902935
          ],
          [
            36.271568,
            41.901634
          ],
          [
            36.277729,
            41.90036
          ],
          [
            36.283794,
            41.899078
          ],
          [
            36.290806,
            41.897621
          ],
          [
            36.295826,
            41.89658
          ],
          [
            36.303879,
            41.895096
          ],
          [
            36.308144,
            41.893459
          ],
          [
            36.315205,
            41.892757
          ],
          [
            36.320084,
            41.891708
          ],
          [
            36.326447,
            41.890446
          ],
          [
            36.332104,
            41.889278
          ],
          [
            36.339947,
            41.887703
          ],
          [
            36.344769,
            41.886665
          ],
          [
            36.35075,
            41.88538
          ],
          [
            36.357342,
            41.884014
          ],
          [
            36.362679,
            41.882942
          ],
          [
            36.36969,
            41.881435
          ],
          [
            36.430214,
            41.868546
          ],
          [
            36.43425,
            41.867825
          ],
          [
            36.440327,
            41.866337
          ],
          [
            36.445564,
            41.865353
          ],
          [
            36.451756,
            41.863987
          ],
          [
            36.458813,
            41.862343
          ],
          [
            36.465115,
            41.860863
          ],
          [
            36.472675,
            41.859196
          ],
          [
            36.47871,
            41.857681
          ],
          [
            36.485329,
            41.8563
          ],
          [
            36.491711,
            41.855007
          ],
          [
            36.497353,
            41.853642
          ],
          [
            36.503525,
            41.852329
          ],
          [
            36.510117,
            41.850838
          ],
          [
            36.536991,
            41.844761
          ],
          [
            36.542404,
            41.843582
          ],
          [
            36.546986,
            41.842632
          ],
          [
            36.55304,
            41.841274
          ],
          [
            36.558006,
            41.840099
          ],
          [
            36.564598,
            41.838543
          ],
          [
            36.570683,
            41.837238
          ],
          [
            36.575417,
            41.836063
          ],
          [
            36.582001,
            41.834694
          ],
          [
            36.58799,
            41.833382
          ],
          [
            36.594124,
            41.8321
          ],
          [
            36.599846,
            41.830776
          ],
          [
            36.6059,
            41.829544
          ],
          [
            36.611702,
            41.828312
          ],
          [
            36.61895,
            41.826721
          ],
          [
            36.644299,
            41.821186
          ],
          [
            36.673393,
            41.81535
          ],
          [
            36.677555,
            41.81435
          ],
          [
            36.683765,
            41.813107
          ],
          [
            36.689304,
            41.811962
          ],
          [
            36.697365,
            41.81028
          ],
          [
            36.702168,
            41.809254
          ],
          [
            36.709549,
            41.807579
          ],
          [
            36.713734,
            41.806541
          ],
          [
            36.720352,
            41.805164
          ],
          [
            36.727131,
            41.803726
          ],
          [
            36.732819,
            41.80246
          ],
          [
            36.739979,
            41.800957
          ],
          [
            36.744801,
            41.800308
          ],
          [
            36.751865,
            41.798927
          ],
          [
            36.758503,
            41.797485
          ],
          [
            36.799473,
            41.78846
          ],
          [
            36.805111,
            41.787224
          ],
          [
            36.811569,
            41.785854
          ],
          [
            36.818596,
            41.784222
          ],
          [
            36.824268,
            41.782909
          ],
          [
            36.830486,
            41.781349
          ],
          [
            36.837936,
            41.779369
          ],
          [
            36.843731,
            41.777798
          ],
          [
            36.848907,
            41.777676
          ],
          [
            36.855438,
            41.775326
          ],
          [
            36.863472,
            41.774502
          ],
          [
            36.869987,
            41.772572
          ],
          [
            36.874352,
            41.771774
          ],
          [
            36.881001,
            41.770115
          ],
          [
            36.887703,
            41.76807
          ],
          [
            36.891987,
            41.767109
          ],
          [
            36.898357,
            41.765991
          ],
          [
            36.904652,
            41.764503
          ],
          [
            36.910435,
            41.76326
          ],
          [
            36.91922,
            41.761913
          ],
          [
            36.928013,
            41.759892
          ],
          [
            36.932732,
            41.765236
          ],
          [
            36.943466,
            41.75629
          ],
          [
            36.947502,
            41.762611
          ],
          [
            36.954594,
            41.755123
          ],
          [
            36.960625,
            41.754028
          ],
          [
            36.968647,
            41.752316
          ],
          [
            36.972721,
            41.751461
          ],
          [
            36.979286,
            41.75008
          ],
          [
            36.985172,
            41.748772
          ],
          [
            36.990273,
            41.747616
          ],
          [
            36.996208,
            41.746452
          ],
          [
            37.001385,
            41.745331
          ],
          [
            37.007576,
            41.74382
          ],
          [
            37.013977,
            41.742569
          ],
          [
            37.019325,
            41.741333
          ],
          [
            37.025909,
            41.739868
          ],
          [
            37.030815,
            41.738823
          ],
          [
            37.03764,
            41.737282
          ],
          [
            37.044571,
            41.735786
          ],
          [
            37.050095,
            41.734436
          ],
          [
            37.058197,
            41.732517
          ],
          [
            37.066372,
            41.730637
          ],
          [
            37.073376,
            41.728832
          ],
          [
            37.078354,
            41.727249
          ],
          [
            37.084957,
            41.726654
          ],
          [
            37.090527,
            41.725174
          ],
          [
            37.096458,
            41.723957
          ],
          [
            37.101585,
            41.722954
          ],
          [
            37.108143,
            41.721081
          ],
          [
            37.113495,
            41.719849
          ],
          [
            37.118679,
            41.718777
          ],
          [
            37.125805,
            41.717102
          ],
          [
            37.130436,
            41.716114
          ],
          [
            37.136002,
            41.714943
          ],
          [
            37.142593,
            41.713467
          ],
          [
            37.147762,
            41.712376
          ],
          [
            37.153446,
            41.711212
          ],
          [
            37.1591,
            41.710068
          ],
          [
            37.165188,
            41.708813
          ],
          [
            37.171074,
            41.707561
          ],
          [
            37.177223,
            41.706192
          ],
          [
            37.182987,
            41.704994
          ],
          [
            37.188374,
            41.70393
          ],
          [
            37.193451,
            41.702763
          ],
          [
            37.20063,
            41.701511
          ],
          [
            37.206959,
            41.700188
          ],
          [
            37.211132,
            41.699268
          ],
          [
            37.217529,
            41.697823
          ],
          [
            37.2229,
            41.696774
          ],
          [
            37.228168,
            41.695713
          ],
          [
            37.233475,
            41.69458
          ],
          [
            37.24012,
            41.69313
          ],
          [
            37.245152,
            41.692039
          ],
          [
            37.250801,
            41.6908
          ],
          [
            37.256706,
            41.689545
          ],
          [
            37.263126,
            41.688137
          ],
          [
            37.269367,
            41.686874
          ],
          [
            37.276085,
            41.685402
          ],
          [
            37.281612,
            41.684277
          ],
          [
            37.287968,
            41.683037
          ],
          [
            37.293324,
            41.681976
          ],
          [
            37.299709,
            41.680653
          ],
          [
            37.305061,
            41.679634
          ],
          [
            37.310246,
            41.678604
          ],
          [
            37.314743,
            41.684299
          ],
          [
            37.319839,
            41.683899
          ],
          [
            37.326042,
            41.682392
          ],
          [
            37.331188,
            41.681076
          ],
          [
            37.337704,
            41.679623
          ],
          [
            37.349697,
            41.670494
          ],
          [
            37.354958,
            41.669422
          ],
          [
            37.36018,
            41.668301
          ],
          [
            37.36639,
            41.667027
          ],
          [
            37.372253,
            41.665836
          ],
          [
            37.376839,
            41.66489
          ],
          [
            37.38287,
            41.663677
          ],
          [
            37.389118,
            41.662327
          ],
          [
            37.396152,
            41.660877
          ],
          [
            37.400974,
            41.659912
          ],
          [
            37.406338,
            41.658775
          ],
          [
            37.418026,
            41.656487
          ],
          [
            37.445877,
            41.650295
          ],
          [
            37.452374,
            41.648983
          ],
          [
            37.457619,
            41.647194
          ],
          [
            37.464016,
            41.646255
          ],
          [
            37.469959,
            41.644791
          ],
          [
            37.475323,
            41.643658
          ],
          [
            37.481468,
            41.64238
          ],
          [
            37.487591,
            41.641056
          ],
          [
            37.494392,
            41.639587
          ],
          [
            37.499332,
            41.63842
          ],
          [
            37.505924,
            41.636875
          ],
          [
            37.511711,
            41.635529
          ],
          [
            37.517277,
            41.634285
          ],
          [
            37.523758,
            41.632851
          ],
          [
            37.528896,
            41.631618
          ],
          [
            37.534935,
            41.630257
          ],
          [
            37.622257,
            41.610867
          ],
          [
            37.644707,
            41.605614
          ],
          [
            37.650387,
            41.604427
          ],
          [
            37.655895,
            41.603168
          ],
          [
            37.662022,
            41.601696
          ],
          [
            37.667351,
            41.600418
          ],
          [
            37.673752,
            41.598858
          ],
          [
            37.678638,
            41.597672
          ],
          [
            37.684307,
            41.596321
          ],
          [
            37.690762,
            41.594734
          ],
          [
            37.696709,
            41.593277
          ],
          [
            37.70295,
            41.591709
          ],
          [
            37.708191,
            41.590351
          ],
          [
            37.714767,
            41.588734
          ],
          [
            37.72057,
            41.587231
          ],
          [
            37.727291,
            41.585545
          ],
          [
            37.816555,
            41.564064
          ],
          [
            37.900635,
            41.543751
          ],
          [
            37.992657,
            41.521076
          ],
          [
            38.035069,
            41.511066
          ],
          [
            38.040951,
            41.509956
          ],
          [
            38.046505,
            41.508728
          ],
          [
            38.052368,
            41.507248
          ],
          [
            38.059265,
            41.50555
          ],
          [
            38.064754,
            41.504272
          ],
          [
            38.071541,
            41.502716
          ],
          [
            38.076641,
            41.501633
          ],
          [
            38.083656,
            41.500137
          ],
          [
            38.088497,
            41.498978
          ],
          [
            38.095654,
            41.497375
          ],
          [
            38.10099,
            41.496105
          ],
          [
            38.107635,
            41.494648
          ],
          [
            38.197659,
            41.474323
          ],
          [
            38.280071,
            41.456371
          ],
          [
            38.36319,
            41.434155
          ],
          [
            38.445934,
            41.408417
          ],
          [
            38.521126,
            41.385513
          ],
          [
            38.59787,
            41.362305
          ],
          [
            38.672592,
            41.339024
          ],
          [
            38.742004,
            41.316334
          ],
          [
            38.810184,
            41.293976
          ],
          [
            38.823887,
            41.289722
          ],
          [
            38.828537,
            41.28804
          ],
          [
            38.84053,
            41.284435
          ],
          [
            38.848022,
            41.282059
          ],
          [
            38.852329,
            41.28059
          ],
          [
            38.857578,
            41.278751
          ],
          [
            38.862892,
            41.277046
          ],
          [
            38.875626,
            41.283092
          ],
          [
            38.880661,
            41.270454
          ],
          [
            38.886127,
            41.26918
          ],
          [
            38.890556,
            41.267765
          ],
          [
            38.895042,
            41.266251
          ],
          [
            38.899815,
            41.264713
          ],
          [
            38.904408,
            41.263176
          ],
          [
            38.908852,
            41.261734
          ],
          [
            38.953899,
            41.252445
          ],
          [
            38.941708,
            41.251854
          ],
          [
            38.947247,
            41.25016
          ],
          [
            38.95211,
            41.248589
          ],
          [
            38.955994,
            41.247524
          ],
          [
            38.960922,
            41.245987
          ],
          [
            38.968006,
            41.24371
          ],
          [
            38.976528,
            41.240925
          ],
          [
            38.980465,
            41.239914
          ],
          [
            38.984638,
            41.238476
          ],
          [
            38.989216,
            41.237309
          ],
          [
            38.993706,
            41.235859
          ],
          [
            39.009918,
            41.23193
          ],
          [
            39.02058,
            41.230385
          ],
          [
            39.023495,
            41.228935
          ],
          [
            39.019875,
            41.228508
          ],
          [
            39.024143,
            41.226982
          ],
          [
            39.046337,
            41.222672
          ],
          [
            39.054214,
            41.220665
          ],
          [
            39.074825,
            41.213535
          ],
          [
            39.083706,
            41.211292
          ],
          [
            39.088615,
            41.207874
          ],
          [
            39.098011,
            41.206764
          ],
          [
            39.109818,
            41.204227
          ],
          [
            39.11039,
            41.202785
          ],
          [
            39.124512,
            41.199802
          ],
          [
            39.128986,
            41.198246
          ],
          [
            39.137432,
            41.196503
          ],
          [
            39.146828,
            41.194416
          ],
          [
            39.14407,
            41.193562
          ],
          [
            39.154465,
            41.191059
          ],
          [
            39.163734,
            41.189583
          ],
          [
            39.169415,
            41.188129
          ],
          [
            39.175159,
            41.186604
          ],
          [
            39.171776,
            41.186054
          ],
          [
            39.180004,
            41.184315
          ],
          [
            39.189163,
            41.182659
          ],
          [
            39.187397,
            41.181675
          ],
          [
            39.193275,
            41.180107
          ],
          [
            39.186512,
            41.179111
          ],
          [
            39.192287,
            41.178162
          ],
          [
            39.199402,
            41.176128
          ],
          [
            39.203987,
            41.174946
          ],
          [
            39.209629,
            41.174015
          ],
          [
            39.213573,
            41.172173
          ],
          [
            39.219051,
            41.17025
          ],
          [
            39.228081,
            41.168053
          ],
          [
            39.232574,
            41.166386
          ],
          [
            39.238945,
            41.164616
          ],
          [
            39.246178,
            41.163422
          ],
          [
            39.254486,
            41.161755
          ],
          [
            39.25462,
            41.160774
          ],
          [
            39.253574,
            41.159279
          ],
          [
            39.26693,
            41.156235
          ],
          [
            39.274166,
            41.154881
          ],
          [
            39.279396,
            41.152939
          ],
          [
            39.287506,
            41.150284
          ],
          [
            39.287739,
            41.148537
          ],
          [
            39.292774,
            41.147434
          ],
          [
            39.298145,
            41.145889
          ],
          [
            39.304577,
            41.144806
          ],
          [
            39.309551,
            41.143238
          ],
          [
            39.317043,
            41.14109
          ],
          [
            39.321606,
            41.139977
          ],
          [
            39.326057,
            41.138725
          ],
          [
            39.330601,
            41.136299
          ],
          [
            39.337601,
            41.134251
          ],
          [
            39.344662,
            41.132484
          ],
          [
            39.351376,
            41.130661
          ],
          [
            39.355053,
            41.129116
          ],
          [
            39.359322,
            41.128109
          ],
          [
            39.36343,
            41.127087
          ],
          [
            39.369724,
            41.124748
          ],
          [
            39.375565,
            41.123264
          ],
          [
            39.378868,
            41.122238
          ],
          [
            39.38398,
            41.120468
          ],
          [
            39.388172,
            41.119366
          ],
          [
            39.389206,
            41.11771
          ],
          [
            39.395096,
            41.116516
          ],
          [
            39.395588,
            41.115765
          ],
          [
            39.407681,
            41.112637
          ],
          [
            39.411293,
            41.111565
          ],
          [
            39.415787,
            41.110424
          ],
          [
            39.421387,
            41.109058
          ],
          [
            39.42775,
            41.107143
          ],
          [
            39.428379,
            41.106106
          ],
          [
            39.431576,
            41.105007
          ],
          [
            39.437416,
            41.103737
          ],
          [
            39.44511,
            41.101883
          ],
          [
            39.445774,
            41.101139
          ],
          [
            39.451412,
            41.099838
          ],
          [
            39.45462,
            41.098644
          ],
          [
            39.457645,
            41.097775
          ],
          [
            39.460949,
            41.096684
          ],
          [
            39.467201,
            41.094933
          ],
          [
            39.469875,
            41.093929
          ],
          [
            39.473701,
            41.092651
          ],
          [
            39.477955,
            41.091251
          ],
          [
            39.484558,
            41.089504
          ],
          [
            39.488384,
            41.088459
          ],
          [
            39.491047,
            41.087517
          ],
          [
            39.496658,
            41.085857
          ],
          [
            39.519249,
            41.078716
          ],
          [
            39.522263,
            41.077827
          ],
          [
            39.544598,
            41.070812
          ],
          [
            39.553101,
            41.068443
          ],
          [
            39.556519,
            41.067883
          ],
          [
            39.559212,
            41.066944
          ],
          [
            39.5606,
            41.066414
          ],
          [
            39.563236,
            41.065567
          ],
          [
            39.566502,
            41.064636
          ],
          [
            39.56913,
            41.063671
          ],
          [
            39.572361,
            41.062588
          ],
          [
            39.574589,
            41.061794
          ],
          [
            39.577152,
            41.060894
          ],
          [
            39.579498,
            41.060104
          ],
          [
            39.581806,
            41.05928
          ],
          [
            39.584343,
            41.05854
          ],
          [
            39.586998,
            41.057674
          ],
          [
            39.589138,
            41.056858
          ],
          [
            39.591038,
            41.056267
          ],
          [
            39.594086,
            41.055408
          ],
          [
            39.595512,
            41.054947
          ],
          [
            39.598,
            41.054169
          ]
        ]
      },
      "properties": {
        "time_europe_berlin": [
          "23.11.2025 08:19:00",
          "23.11.2025 08:19:30",
          "23.11.2025 08:20:00",
          "23.11.2025 08:20:30",
          "23.11.2025 08:21:00",
          "23.11.2025 08:21:30",
          "23.11.2025 08:22:00",
          "23.11.2025 08:22:30",
          "23.11.2025 08:23:00",
          "23.11.2025 08:23:30",
          "23.11.2025 08:23:50",
          "23.11.2025 08:23:56",
          "23.11.2025 08:24:01",
          "23.11.2025 08:24:09",
          "23.11.2025 08:24:14",
          "23.11.2025 08:24:18",
          "23.11.2025 08:24:23",
          "23.11.2025 08:24:33",
          "23.11.2025 08:24:44",
          "23.11.2025 08:24:48",
          "23.11.2025 08:24:52",
          "23.11.2025 08:24:58",
          "23.11.2025 08:25:04",
          "23.11.2025 08:25:08",
          "23.11.2025 08:25:18",
          "23.11.2025 08:25:24",
          "23.11.2025 08:25:26",
          "23.11.2025 08:25:29",
          "23.11.2025 08:25:39",
          "23.11.2025 08:25:47",
          "23.11.2025 08:25:54",
          "23.11.2025 08:25:58",
          "23.11.2025 08:26:06",
          "23.11.2025 08:26:20",
          "23.11.2025 08:26:26",
          "23.11.2025 08:26:32",
          "23.11.2025 08:26:33",
          "23.11.2025 08:26:39",
          "23.11.2025 08:26:41",
          "23.11.2025 08:26:44",
          "23.11.2025 08:26:46",
          "23.11.2025 08:26:48",
          "23.11.2025 08:26:50",
          "23.11.2025 08:26:52",
          "23.11.2025 08:26:54",
          "23.11.2025 08:26:56",
          "23.11.2025 08:26:58",
          "23.11.2025 08:27:00",
          "23.11.2025 08:27:02",
          "23.11.2025 08:27:05",
          "23.11.2025 08:27:07",
          "23.11.2025 08:27:09",
          "23.11.2025 08:27:11",
          "23.11.2025 08:27:13",
          "23.11.2025 08:27:15",
          "23.11.2025 08:27:17",
          "23.11.2025 08:27:19",
          "23.11.2025 08:27:21",
          "23.11.2025 08:27:23",
          "23.11.2025 08:27:25",
          "23.11.2025 08:27:27",
          "23.11.2025 08:27:30",
          "23.11.2025 08:27:32",
          "23.11.2025 08:27:34",
          "23.11.2025 08:27:36",
          "23.11.2025 08:27:38",
          "23.11.2025 08:27:40",
          "23.11.2025 08:27:42",
          "23.11.2025 08:27:44",
          "23.11.2025 08:27:47",
          "23.11.2025 08:27:49",
          "23.11.2025 08:27:51",
          "23.11.2025 08:27:53",
          "23.11.2025 08:27:55",
          "23.11.2025 08:27:57",
          "23.11.2025 08:27:59",
          "23.11.2025 08:28:01",
          "23.11.2025 08:28:04",
          "23.11.2025 08:28:06",
          "23.11.2025 08:28:08",
          "23.11.2025 08:28:10",
          "23.11.2025 08:28:12",
          "23.11.2025 08:28:14",
          "23.11.2025 08:28:16",
          "23.11.2025 08:28:18",
          "23.11.2025 08:28:20",
          "23.11.2025 08:28:22",
          "23.11.2025 08:28:24",
          "23.11.2025 08:28:27",
          "23.11.2025 08:28:29",
          "23.11.2025 08:28:31",
          "23.11.2025 08:28:33",
          "23.11.2025 08:28:35",
          "23.11.2025 08:28:37",
          "23.11.2025 08:28:39",
          "23.11.2025 08:28:41",
          "23.11.2025 08:28:43",
          "23.11.2025 08:28:46",
          "23.11.2025 08:28:48",
          "23.11.2025 08:28:50",
          "23.11.2025 08:28:52",
          "23.11.2025 08:28:54",
          "23.11.2025 08:28:56",
          "23.11.2025 08:28:58",
          "23.11.2025 08:29:00",
          "23.11.2025 08:29:02",
          "23.11.2025 08:29:04",
          "23.11.2025 08:29:07",
          "23.11.2025 08:29:19",
          "23.11.2025 08:29:34",
          "23.11.2025 08:29:47",
          "23.11.2025 08:30:00",
          "23.11.2025 08:30:10",
          "23.11.2025 08:30:12",
          "23.11.2025 08:30:14",
          "23.11.2025 08:30:16",
          "23.11.2025 08:30:18",
          "23.11.2025 08:30:20",
          "23.11.2025 08:30:23",
          "23.11.2025 08:30:25",
          "23.11.2025 08:30:27",
          "23.11.2025 08:30:29",
          "23.11.2025 08:30:31",
          "23.11.2025 08:30:33",
          "23.11.2025 08:30:46",
          "23.11.2025 08:31:01",
          "23.11.2025 08:31:32",
          "23.11.2025 08:32:04",
          "23.11.2025 08:32:35",
          "23.11.2025 08:33:07",
          "23.11.2025 08:33:38",
          "23.11.2025 08:34:10",
          "23.11.2025 08:34:41",
          "23.11.2025 08:35:12",
          "23.11.2025 08:35:44",
          "23.11.2025 08:36:15",
          "23.11.2025 08:36:46",
          "23.11.2025 08:37:17",
          "23.11.2025 08:37:48",
          "23.11.2025 08:38:20",
          "23.11.2025 08:38:51",
          "23.11.2025 08:39:22",
          "23.11.2025 08:39:53",
          "23.11.2025 08:40:25",
          "23.11.2025 08:40:56",
          "23.11.2025 08:41:27",
          "23.11.2025 08:41:59",
          "23.11.2025 08:42:30",
          "23.11.2025 08:43:01",
          "23.11.2025 08:43:32",
          "23.11.2025 08:44:03",
          "23.11.2025 08:44:35",
          "23.11.2025 08:45:06",
          "23.11.2025 08:45:37",
          "23.11.2025 08:46:09",
          "23.11.2025 08:46:40",
          "23.11.2025 08:47:12",
          "23.11.2025 08:47:43",
          "23.11.2025 08:48:15",
          "23.11.2025 08:48:47",
          "23.11.2025 08:49:18",
          "23.11.2025 08:49:49",
          "23.11.2025 08:50:21",
          "23.11.2025 08:50:52",
          "23.11.2025 08:51:24",
          "23.11.2025 08:51:55",
          "23.11.2025 08:52:27",
          "23.11.2025 08:52:58",
          "23.11.2025 08:53:29",
          "23.11.2025 08:54:01",
          "23.11.2025 08:54:33",
          "23.11.2025 08:55:05",
          "23.11.2025 08:55:36",
          "23.11.2025 08:56:08",
          "23.11.2025 08:56:39",
          "23.11.2025 08:57:11",
          "23.11.2025 08:57:43",
          "23.11.2025 08:58:15",
          "23.11.2025 08:58:46",
          "23.11.2025 08:59:18",
          "23.11.2025 08:59:49",
          "23.11.2025 09:00:15",
          "23.11.2025 09:00:53",
          "23.11.2025 09:01:24",
          "23.11.2025 09:01:56",
          "23.11.2025 09:02:27",
          "23.11.2025 09:02:58",
          "23.11.2025 09:03:30",
          "23.11.2025 09:04:01",
          "23.11.2025 09:04:33",
          "23.11.2025 09:05:05",
          "23.11.2025 09:05:37",
          "23.11.2025 09:06:09",
          "23.11.2025 09:06:40",
          "23.11.2025 09:07:11",
          "23.11.2025 09:07:42",
          "23.11.2025 09:08:14",
          "23.11.2025 09:08:47",
          "23.11.2025 09:09:18",
          "23.11.2025 09:09:50",
          "23.11.2025 09:10:21",
          "23.11.2025 09:10:52",
          "23.11.2025 09:11:23",
          "23.11.2025 09:11:54",
          "23.11.2025 09:12:26",
          "23.11.2025 09:12:57",
          "23.11.2025 09:13:28",
          "23.11.2025 09:14:00",
          "23.11.2025 09:14:32",
          "23.11.2025 09:15:03",
          "23.11.2025 09:15:34",
          "23.11.2025 09:16:07",
          "23.11.2025 09:16:38",
          "23.11.2025 09:17:10",
          "23.11.2025 09:17:41",
          "23.11.2025 09:18:13",
          "23.11.2025 09:18:45",
          "23.11.2025 09:19:17",
          "23.11.2025 09:19:48",
          "23.11.2025 09:20:20",
          "23.11.2025 09:20:50",
          "23.11.2025 09:21:22",
          "23.11.2025 09:21:53",
          "23.11.2025 09:22:25",
          "23.11.2025 09:22:56",
          "23.11.2025 09:23:27",
          "23.11.2025 09:23:58",
          "23.11.2025 09:24:29",
          "23.11.2025 09:25:00",
          "23.11.2025 09:25:32",
          "23.11.2025 09:26:05",
          "23.11.2025 09:26:36",
          "23.11.2025 09:27:07",
          "23.11.2025 09:27:38",
          "23.11.2025 09:28:09",
          "23.11.2025 09:28:40",
          "23.11.2025 09:29:12",
          "23.11.2025 09:29:43",
          "23.11.2025 09:30:15",
          "23.11.2025 09:30:46",
          "23.11.2025 09:31:17",
          "23.11.2025 09:31:49",
          "23.11.2025 09:32:20",
          "23.11.2025 09:32:51",
          "23.11.2025 09:33:23",
          "23.11.2025 09:33:54",
          "23.11.2025 09:34:25",
          "23.11.2025 09:34:56",
          "23.11.2025 09:35:28",
          "23.11.2025 09:35:59",
          "23.11.2025 09:36:30",
          "23.11.2025 09:37:02",
          "23.11.2025 09:37:33",
          "23.11.2025 09:38:04",
          "23.11.2025 09:38:35",
          "23.11.2025 09:39:07",
          "23.11.2025 09:39:38",
          "23.11.2025 09:40:09",
          "23.11.2025 09:40:41",
          "23.11.2025 09:41:13",
          "23.11.2025 09:41:44",
          "23.11.2025 09:42:15",
          "23.11.2025 09:42:47",
          "23.11.2025 09:43:19",
          "23.11.2025 09:43:50",
          "23.11.2025 09:44:22",
          "23.11.2025 09:44:53",
          "23.11.2025 09:45:25",
          "23.11.2025 09:45:57",
          "23.11.2025 09:46:29",
          "23.11.2025 09:47:00",
          "23.11.2025 09:47:31",
          "23.11.2025 09:48:03",
          "23.11.2025 09:48:35",
          "23.11.2025 09:49:07",
          "23.11.2025 09:49:38",
          "23.11.2025 09:50:10",
          "23.11.2025 09:50:42",
          "23.11.2025 09:51:14",
          "23.11.2025 09:51:45",
          "23.11.2025 09:52:17",
          "23.11.2025 09:52:49",
          "23.11.2025 09:53:20",
          "23.11.2025 09:53:52",
          "23.11.2025 09:54:24",
          "23.11.2025 09:54:56",
          "23.11.2025 09:55:27",
          "23.11.2025 09:55:59",
          "23.11.2025 09:56:31",
          "23.11.2025 09:57:03",
          "23.11.2025 09:57:34",
          "23.11.2025 09:58:07",
          "23.11.2025 09:58:38",
          "23.11.2025 09:59:10",
          "23.11.2025 09:59:41",
          "23.11.2025 10:00:13",
          "23.11.2025 10:00:45",
          "23.11.2025 10:01:17",
          "23.11.2025 10:01:48",
          "23.11.2025 10:02:20",
          "23.11.2025 10:02:53",
          "23.11.2025 10:03:25",
          "23.11.2025 10:03:57",
          "23.11.2025 10:04:28",
          "23.11.2025 10:04:59",
          "23.11.2025 10:05:31",
          "23.11.2025 10:06:03",
          "23.11.2025 10:06:34",
          "23.11.2025 10:07:06",
          "23.11.2025 10:07:38",
          "23.11.2025 10:08:09",
          "23.11.2025 10:08:41",
          "23.11.2025 10:09:13",
          "23.11.2025 10:09:44",
          "23.11.2025 10:10:16",
          "23.11.2025 10:10:48",
          "23.11.2025 10:11:19",
          "23.11.2025 10:11:50",
          "23.11.2025 10:12:21",
          "23.11.2025 10:12:53",
          "23.11.2025 10:13:25",
          "23.11.2025 10:13:56",
          "23.11.2025 10:14:28",
          "23.11.2025 10:14:59",
          "23.11.2025 10:15:30",
          "23.11.2025 10:16:02",
          "23.11.2025 10:16:33",
          "23.11.2025 10:17:04",
          "23.11.2025 10:17:35",
          "23.11.2025 10:18:07",
          "23.11.2025 10:18:39",
          "23.11.2025 10:19:10",
          "23.11.2025 10:19:41",
          "23.11.2025 10:20:12",
          "23.11.2025 10:20:43",
          "23.11.2025 10:21:14",
          "23.11.2025 10:21:46",
          "23.11.2025 10:22:19",
          "23.11.2025 10:22:51",
          "23.11.2025 10:23:22",
          "23.11.2025 10:23:53",
          "23.11.2025 10:24:25",
          "23.11.2025 10:24:56",
          "23.11.2025 10:25:27",
          "23.11.2025 10:25:59",
          "23.11.2025 10:26:31",
          "23.11.2025 10:27:02",
          "23.11.2025 10:27:34",
          "23.11.2025 10:28:05",
          "23.11.2025 10:28:36",
          "23.11.2025 10:29:07",
          "23.11.2025 10:29:39",
          "23.11.2025 10:30:10",
          "23.11.2025 10:30:41",
          "23.11.2025 10:31:12",
          "23.11.2025 10:31:44",
          "23.11.2025 10:32:15",
          "23.11.2025 10:32:47",
          "23.11.2025 10:33:18",
          "23.11.2025 10:33:49",
          "23.11.2025 10:34:21",
          "23.11.2025 10:34:53",
          "23.11.2025 10:35:24",
          "23.11.2025 10:35:56",
          "23.11.2025 10:36:27",
          "23.11.2025 10:36:59",
          "23.11.2025 10:37:31",
          "23.11.2025 10:38:03",
          "23.11.2025 10:38:36",
          "23.11.2025 10:39:08",
          "23.11.2025 10:39:40",
          "23.11.2025 10:40:12",
          "23.11.2025 10:40:44",
          "23.11.2025 10:41:16",
          "23.11.2025 10:41:47",
          "23.11.2025 10:42:19",
          "23.11.2025 10:42:50",
          "23.11.2025 10:43:22",
          "23.11.2025 10:43:54",
          "23.11.2025 10:44:26",
          "23.11.2025 10:44:58",
          "23.11.2025 10:45:29",
          "23.11.2025 10:46:01",
          "23.11.2025 10:46:33",
          "23.11.2025 10:47:06",
          "23.11.2025 10:47:38",
          "23.11.2025 10:48:08",
          "23.11.2025 10:48:40",
          "23.11.2025 10:48:53",
          "23.11.2025 10:48:55",
          "23.11.2025 10:48:57",
          "23.11.2025 10:48:59",
          "23.11.2025 10:49:01",
          "23.11.2025 10:49:03",
          "23.11.2025 10:49:06",
          "23.11.2025 10:49:08",
          "23.11.2025 10:49:10",
          "23.11.2025 10:49:12",
          "23.11.2025 10:49:14",
          "23.11.2025 10:49:16",
          "23.11.2025 10:49:18",
          "23.11.2025 10:49:21",
          "23.11.2025 10:49:23",
          "23.11.2025 10:49:25",
          "23.11.2025 10:49:27",
          "23.11.2025 10:49:29",
          "23.11.2025 10:49:31",
          "23.11.2025 10:49:34",
          "23.11.2025 10:49:36",
          "23.11.2025 10:49:39",
          "23.11.2025 10:49:41",
          "23.11.2025 10:49:43",
          "23.11.2025 10:49:45",
          "23.11.2025 10:49:47",
          "23.11.2025 10:49:49",
          "23.11.2025 10:49:52",
          "23.11.2025 10:49:55",
          "23.11.2025 10:49:57",
          "23.11.2025 10:49:59",
          "23.11.2025 10:50:01",
          "23.11.2025 10:50:03",
          "23.11.2025 10:50:05",
          "23.11.2025 10:50:07",
          "23.11.2025 10:50:09",
          "23.11.2025 10:50:12",
          "23.11.2025 10:50:14",
          "23.11.2025 10:50:16",
          "23.11.2025 10:50:18",
          "23.11.2025 10:50:20",
          "23.11.2025 10:50:22",
          "23.11.2025 10:50:54",
          "23.11.2025 10:50:56",
          "23.11.2025 10:50:58",
          "23.11.2025 10:51:00",
          "23.11.2025 10:51:03",
          "23.11.2025 10:51:05",
          "23.11.2025 10:51:07",
          "23.11.2025 10:51:09",
          "23.11.2025 10:51:11",
          "23.11.2025 10:51:13",
          "23.11.2025 10:51:15",
          "23.11.2025 10:51:18",
          "23.11.2025 10:51:20",
          "23.11.2025 10:51:22",
          "23.11.2025 10:51:24",
          "23.11.2025 10:51:26",
          "23.11.2025 10:51:28",
          "23.11.2025 10:51:31",
          "23.11.2025 10:52:01",
          "23.11.2025 10:52:34",
          "23.11.2025 10:53:04",
          "23.11.2025 10:53:38",
          "23.11.2025 10:54:05",
          "23.11.2025 10:54:07",
          "23.11.2025 10:54:09",
          "23.11.2025 10:54:11",
          "23.11.2025 10:54:13",
          "23.11.2025 10:54:16",
          "23.11.2025 10:54:18",
          "23.11.2025 10:54:20",
          "23.11.2025 10:54:22",
          "23.11.2025 10:54:24",
          "23.11.2025 10:54:27",
          "23.11.2025 10:54:29",
          "23.11.2025 10:54:31",
          "23.11.2025 10:54:44",
          "23.11.2025 10:54:46",
          "23.11.2025 10:54:48",
          "23.11.2025 10:54:50",
          "23.11.2025 10:54:53",
          "23.11.2025 10:54:55",
          "23.11.2025 10:54:57",
          "23.11.2025 10:54:59",
          "23.11.2025 10:55:01",
          "23.11.2025 10:55:03",
          "23.11.2025 10:55:06",
          "23.11.2025 10:55:08",
          "23.11.2025 10:55:10",
          "23.11.2025 10:55:28",
          "23.11.2025 10:55:31",
          "23.11.2025 10:55:34",
          "23.11.2025 10:55:40",
          "23.11.2025 10:55:42",
          "23.11.2025 10:55:45",
          "23.11.2025 10:55:47",
          "23.11.2025 10:55:49",
          "23.11.2025 10:55:51",
          "23.11.2025 10:55:54",
          "23.11.2025 10:55:57",
          "23.11.2025 10:55:59",
          "23.11.2025 10:56:01",
          "23.11.2025 10:56:05",
          "23.11.2025 10:56:07",
          "23.11.2025 10:56:09",
          "23.11.2025 10:56:11",
          "23.11.2025 10:56:13",
          "23.11.2025 10:56:15",
          "23.11.2025 10:56:19",
          "23.11.2025 10:56:26",
          "23.11.2025 10:56:31",
          "23.11.2025 10:56:34",
          "23.11.2025 10:56:37",
          "23.11.2025 10:56:41",
          "23.11.2025 10:56:43",
          "23.11.2025 10:56:45",
          "23.11.2025 10:56:47",
          "23.11.2025 10:56:49",
          "23.11.2025 10:56:51",
          "23.11.2025 10:56:53",
          "23.11.2025 10:56:57",
          "23.11.2025 10:57:00",
          "23.11.2025 10:57:02",
          "23.11.2025 10:57:05",
          "23.11.2025 10:57:08",
          "23.11.2025 10:57:11",
          "23.11.2025 10:57:13",
          "23.11.2025 10:57:16",
          "23.11.2025 10:57:18",
          "23.11.2025 10:57:20",
          "23.11.2025 10:57:22",
          "23.11.2025 10:57:24",
          "23.11.2025 10:57:26",
          "23.11.2025 10:57:28",
          "23.11.2025 10:57:31",
          "23.11.2025 10:57:33",
          "23.11.2025 10:57:35",
          "23.11.2025 10:57:37",
          "23.11.2025 10:57:40",
          "23.11.2025 10:57:42",
          "23.11.2025 10:57:44",
          "23.11.2025 10:57:46",
          "23.11.2025 10:57:48",
          "23.11.2025 10:57:50",
          "23.11.2025 10:57:55",
          "23.11.2025 10:57:57",
          "23.11.2025 10:57:59",
          "23.11.2025 10:58:01",
          "23.11.2025 10:58:03",
          "23.11.2025 10:58:06",
          "23.11.2025 10:58:08",
          "23.11.2025 10:58:10",
          "23.11.2025 10:58:14",
          "23.11.2025 10:58:16",
          "23.11.2025 10:58:18",
          "23.11.2025 10:58:20",
          "23.11.2025 10:58:22",
          "23.11.2025 10:58:25",
          "23.11.2025 10:58:28",
          "23.11.2025 10:58:30",
          "23.11.2025 10:58:32",
          "23.11.2025 10:58:36",
          "23.11.2025 10:58:40",
          "23.11.2025 10:58:43",
          "23.11.2025 10:58:45",
          "23.11.2025 10:58:49",
          "23.11.2025 10:58:51",
          "23.11.2025 10:58:53",
          "23.11.2025 10:58:55",
          "23.11.2025 10:59:01",
          "23.11.2025 10:59:05",
          "23.11.2025 10:59:08",
          "23.11.2025 10:59:11",
          "23.11.2025 10:59:14",
          "23.11.2025 10:59:18",
          "23.11.2025 10:59:21",
          "23.11.2025 10:59:23",
          "23.11.2025 10:59:27",
          "23.11.2025 10:59:29",
          "23.11.2025 10:59:31",
          "23.11.2025 10:59:34",
          "23.11.2025 10:59:36",
          "23.11.2025 10:59:39",
          "23.11.2025 10:59:44",
          "23.11.2025 10:59:47",
          "23.11.2025 10:59:57",
          "23.11.2025 11:00:01",
          "23.11.2025 11:00:04",
          "23.11.2025 11:00:09",
          "23.11.2025 11:00:14",
          "23.11.2025 11:00:16",
          "23.11.2025 11:00:20",
          "23.11.2025 11:00:22",
          "23.11.2025 11:00:25",
          "23.11.2025 11:00:28",
          "23.11.2025 11:00:31",
          "23.11.2025 11:00:33",
          "23.11.2025 11:00:35",
          "23.11.2025 11:00:37",
          "23.11.2025 11:00:40",
          "23.11.2025 11:00:43",
          "23.11.2025 11:00:46",
          "23.11.2025 11:00:48",
          "23.11.2025 11:00:50",
          "23.11.2025 11:00:52",
          "23.11.2025 11:00:57",
          "23.11.2025 11:01:00",
          "23.11.2025 11:01:02",
          "23.11.2025 11:01:05",
          "23.11.2025 11:01:07",
          "23.11.2025 11:01:10",
          "23.11.2025 11:01:12",
          "23.11.2025 11:01:15",
          "23.11.2025 11:01:18",
          "23.11.2025 11:01:20",
          "23.11.2025 11:01:22",
          "23.11.2025 11:01:25",
          "23.11.2025 11:01:28",
          "23.11.2025 11:01:32",
          "23.11.2025 11:01:34",
          "23.11.2025 11:01:36",
          "23.11.2025 11:01:39",
          "23.11.2025 11:01:43",
          "23.11.2025 11:01:45",
          "23.11.2025 11:01:48",
          "23.11.2025 11:01:50",
          "23.11.2025 11:01:53",
          "23.11.2025 11:01:55",
          "23.11.2025 11:01:57",
          "23.11.2025 11:01:59",
          "23.11.2025 11:02:01",
          "23.11.2025 11:02:03",
          "23.11.2025 11:02:05",
          "23.11.2025 11:02:08",
          "23.11.2025 11:02:10",
          "23.11.2025 11:02:13",
          "23.11.2025 11:02:16",
          "23.11.2025 11:02:19",
          "23.11.2025 11:02:22",
          "23.11.2025 11:02:24",
          "23.11.2025 11:02:26",
          "23.11.2025 11:02:29",
          "23.11.2025 11:02:32",
          "23.11.2025 11:02:35",
          "23.11.2025 11:02:37",
          "23.11.2025 11:02:40",
          "23.11.2025 11:02:42",
          "23.11.2025 11:02:44",
          "23.11.2025 11:02:47",
          "23.11.2025 11:02:49",
          "23.11.2025 11:02:51",
          "23.11.2025 11:02:53",
          "23.11.2025 11:02:56",
          "23.11.2025 11:02:58",
          "23.11.2025 11:03:00",
          "23.11.2025 11:03:02",
          "23.11.2025 11:03:05",
          "23.11.2025 11:03:07",
          "23.11.2025 11:03:10",
          "23.11.2025 11:03:12",
          "23.11.2025 11:03:14",
          "23.11.2025 11:03:16",
          "23.11.2025 11:03:18",
          "23.11.2025 11:03:21",
          "23.11.2025 11:03:23",
          "23.11.2025 11:03:25",
          "23.11.2025 11:03:28",
          "23.11.2025 11:03:30",
          "23.11.2025 11:03:32",
          "23.11.2025 11:03:34",
          "23.11.2025 11:03:38",
          "23.11.2025 11:03:40",
          "23.11.2025 11:03:43",
          "23.11.2025 11:03:46",
          "23.11.2025 11:03:48",
          "23.11.2025 11:03:51",
          "23.11.2025 11:03:54",
          "23.11.2025 11:03:57",
          "23.11.2025 11:03:59",
          "23.11.2025 11:04:03",
          "23.11.2025 11:04:05",
          "23.11.2025 11:04:07",
          "23.11.2025 11:04:09",
          "23.11.2025 11:04:11",
          "23.11.2025 11:04:13",
          "23.11.2025 11:04:15",
          "23.11.2025 11:04:18",
          "23.11.2025 11:04:20",
          "23.11.2025 11:04:23",
          "23.11.2025 11:04:25",
          "23.11.2025 11:04:27",
          "23.11.2025 11:04:30",
          "23.11.2025 11:04:32",
          "23.11.2025 11:04:34",
          "23.11.2025 11:04:36",
          "23.11.2025 11:04:38",
          "23.11.2025 11:04:40",
          "23.11.2025 11:04:42",
          "23.11.2025 11:04:44",
          "23.11.2025 11:04:46",
          "23.11.2025 11:04:48",
          "23.11.2025 11:04:50",
          "23.11.2025 11:04:53",
          "23.11.2025 11:04:55",
          "23.11.2025 11:04:57",
          "23.11.2025 11:04:59",
          "23.11.2025 11:05:01",
          "23.11.2025 11:05:03",
          "23.11.2025 11:05:07",
          "23.11.2025 11:05:10",
          "23.11.2025 11:05:12",
          "23.11.2025 11:05:14",
          "23.11.2025 11:05:16",
          "23.11.2025 11:05:19",
          "23.11.2025 11:05:21",
          "23.11.2025 11:05:24",
          "23.11.2025 11:05:26",
          "23.11.2025 11:05:29",
          "23.11.2025 11:05:31",
          "23.11.2025 11:05:33",
          "23.11.2025 11:05:35",
          "23.11.2025 11:05:37",
          "23.11.2025 11:05:39",
          "23.11.2025 11:05:43",
          "23.11.2025 11:05:46",
          "23.11.2025 11:05:48",
          "23.11.2025 11:05:51",
          "23.11.2025 11:05:53",
          "23.11.2025 11:05:55",
          "23.11.2025 11:05:57",
          "23.11.2025 11:05:59",
          "23.11.2025 11:06:01",
          "23.11.2025 11:06:04",
          "23.11.2025 11:06:08",
          "23.11.2025 11:06:11",
          "23.11.2025 11:06:13",
          "23.11.2025 11:06:15",
          "23.11.2025 11:06:18",
          "23.11.2025 11:06:20",
          "23.11.2025 11:06:22",
          "23.11.2025 11:06:24",
          "23.11.2025 11:06:27",
          "23.11.2025 11:06:30",
          "23.11.2025 11:06:32",
          "23.11.2025 11:06:34",
          "23.11.2025 11:06:36",
          "23.11.2025 11:06:40",
          "23.11.2025 11:06:42",
          "23.11.2025 11:06:45",
          "23.11.2025 11:06:47",
          "23.11.2025 11:06:52",
          "23.11.2025 11:06:54",
          "23.11.2025 11:06:57",
          "23.11.2025 11:07:01",
          "23.11.2025 11:07:03",
          "23.11.2025 11:07:05",
          "23.11.2025 11:07:07",
          "23.11.2025 11:07:10",
          "23.11.2025 11:07:12",
          "23.11.2025 11:07:15",
          "23.11.2025 11:07:17",
          "23.11.2025 11:07:19",
          "23.11.2025 11:07:22",
          "23.11.2025 11:07:25",
          "23.11.2025 11:07:27",
          "23.11.2025 11:07:30",
          "23.11.2025 11:07:35",
          "23.11.2025 11:07:37",
          "23.11.2025 11:07:39",
          "23.11.2025 11:07:41",
          "23.11.2025 11:07:44",
          "23.11.2025 11:07:47",
          "23.11.2025 11:07:50",
          "23.11.2025 11:07:52",
          "23.11.2025 11:07:55",
          "23.11.2025 11:07:57",
          "23.11.2025 11:07:59",
          "23.11.2025 11:08:01",
          "23.11.2025 11:08:03",
          "23.11.2025 11:08:05",
          "23.11.2025 11:08:08",
          "23.11.2025 11:08:11",
          "23.11.2025 11:08:14",
          "23.11.2025 11:08:16",
          "23.11.2025 11:08:18",
          "23.11.2025 11:08:20",
          "23.11.2025 11:08:23",
          "23.11.2025 11:08:25",
          "23.11.2025 11:08:27",
          "23.11.2025 11:08:29",
          "23.11.2025 11:08:33",
          "23.11.2025 11:08:35",
          "23.11.2025 11:08:37",
          "23.11.2025 11:08:39",
          "23.11.2025 11:08:42",
          "23.11.2025 11:08:44",
          "23.11.2025 11:08:47",
          "23.11.2025 11:08:50",
          "23.11.2025 11:08:52",
          "23.11.2025 11:08:54",
          "23.11.2025 11:08:56",
          "23.11.2025 11:08:59",
          "23.11.2025 11:09:02",
          "23.11.2025 11:09:05",
          "23.11.2025 11:09:07",
          "23.11.2025 11:09:10",
          "23.11.2025 11:09:12",
          "23.11.2025 11:09:15",
          "23.11.2025 11:09:17",
          "23.11.2025 11:09:20",
          "23.11.2025 11:09:23",
          "23.11.2025 11:09:27",
          "23.11.2025 11:09:29",
          "23.11.2025 11:09:31",
          "23.11.2025 11:09:33",
          "23.11.2025 11:09:36",
          "23.11.2025 11:09:38",
          "23.11.2025 11:09:40",
          "23.11.2025 11:09:42",
          "23.11.2025 11:09:45",
          "23.11.2025 11:09:48",
          "23.11.2025 11:09:50",
          "23.11.2025 11:09:52",
          "23.11.2025 11:09:54",
          "23.11.2025 11:09:56",
          "23.11.2025 11:09:58",
          "23.11.2025 11:10:01",
          "23.11.2025 11:10:03",
          "23.11.2025 11:10:05",
          "23.11.2025 11:10:07",
          "23.11.2025 11:10:09",
          "23.11.2025 11:10:11",
          "23.11.2025 11:10:14",
          "23.11.2025 11:10:16",
          "23.11.2025 11:10:18",
          "23.11.2025 11:10:20",
          "23.11.2025 11:10:22",
          "23.11.2025 11:10:25",
          "23.11.2025 11:10:28",
          "23.11.2025 11:10:30",
          "23.11.2025 11:10:32",
          "23.11.2025 11:10:34",
          "23.11.2025 11:10:37",
          "23.11.2025 11:10:39",
          "23.11.2025 11:10:41",
          "23.11.2025 11:10:43",
          "23.11.2025 11:10:45",
          "23.11.2025 11:10:48",
          "23.11.2025 11:10:50",
          "23.11.2025 11:10:52",
          "23.11.2025 11:10:54",
          "23.11.2025 11:10:56",
          "23.11.2025 11:10:58",
          "23.11.2025 11:11:01",
          "23.11.2025 11:11:03",
          "23.11.2025 11:11:05",
          "23.11.2025 11:11:07",
          "23.11.2025 11:11:11",
          "23.11.2025 11:11:13",
          "23.11.2025 11:11:16",
          "23.11.2025 11:11:18",
          "23.11.2025 11:11:21",
          "23.11.2025 11:11:24",
          "23.11.2025 11:11:26",
          "23.11.2025 11:11:29",
          "23.11.2025 11:11:32",
          "23.11.2025 11:11:35",
          "23.11.2025 11:11:37",
          "23.11.2025 11:11:39",
          "23.11.2025 11:11:42",
          "23.11.2025 11:11:45",
          "23.11.2025 11:11:48",
          "23.11.2025 11:11:50",
          "23.11.2025 11:11:52",
          "23.11.2025 11:11:54",
          "23.11.2025 11:11:56",
          "23.11.2025 11:11:59",
          "23.11.2025 11:12:01",
          "23.11.2025 11:12:03",
          "23.11.2025 11:12:06",
          "23.11.2025 11:12:08",
          "23.11.2025 11:12:11",
          "23.11.2025 11:12:13",
          "23.11.2025 11:12:15",
          "23.11.2025 11:12:17",
          "23.11.2025 11:12:19",
          "23.11.2025 11:12:22",
          "23.11.2025 11:12:24",
          "23.11.2025 11:12:26",
          "23.11.2025 11:12:28",
          "23.11.2025 11:12:31",
          "23.11.2025 11:12:37",
          "23.11.2025 11:12:39",
          "23.11.2025 11:12:41",
          "23.11.2025 11:12:43",
          "23.11.2025 11:12:45",
          "23.11.2025 11:12:47",
          "23.11.2025 11:12:50",
          "23.11.2025 11:12:52",
          "23.11.2025 11:13:02",
          "23.11.2025 11:13:04",
          "23.11.2025 11:13:06",
          "23.11.2025 11:13:08",
          "23.11.2025 11:13:11",
          "23.11.2025 11:13:13",
          "23.11.2025 11:13:15",
          "23.11.2025 11:13:17",
          "23.11.2025 11:13:20",
          "23.11.2025 11:13:22",
          "23.11.2025 11:13:24",
          "23.11.2025 11:13:26",
          "23.11.2025 11:13:28",
          "23.11.2025 11:13:31",
          "23.11.2025 11:13:33",
          "23.11.2025 11:13:35",
          "23.11.2025 11:13:37",
          "23.11.2025 11:13:40",
          "23.11.2025 11:13:42",
          "23.11.2025 11:13:44",
          "23.11.2025 11:13:46",
          "23.11.2025 11:13:49",
          "23.11.2025 11:13:51",
          "23.11.2025 11:13:53",
          "23.11.2025 11:13:55",
          "23.11.2025 11:13:57",
          "23.11.2025 11:14:14",
          "23.11.2025 11:14:16",
          "23.11.2025 11:14:18",
          "23.11.2025 11:14:20",
          "23.11.2025 11:14:23",
          "23.11.2025 11:14:25",
          "23.11.2025 11:14:27",
          "23.11.2025 11:14:29",
          "23.11.2025 11:14:32",
          "23.11.2025 11:14:34",
          "23.11.2025 11:14:36",
          "23.11.2025 11:14:38",
          "23.11.2025 11:14:41",
          "23.11.2025 11:14:43",
          "23.11.2025 11:14:49",
          "23.11.2025 11:14:52",
          "23.11.2025 11:14:54",
          "23.11.2025 11:14:56",
          "23.11.2025 11:14:58",
          "23.11.2025 11:15:01",
          "23.11.2025 11:15:03",
          "23.11.2025 11:15:05",
          "23.11.2025 11:15:07",
          "23.11.2025 11:15:10",
          "23.11.2025 11:15:12",
          "23.11.2025 11:15:14",
          "23.11.2025 11:15:16",
          "23.11.2025 11:15:18",
          "23.11.2025 11:15:20",
          "23.11.2025 11:15:22",
          "23.11.2025 11:15:25",
          "23.11.2025 11:15:33",
          "23.11.2025 11:15:36",
          "23.11.2025 11:15:38",
          "23.11.2025 11:16:10",
          "23.11.2025 11:16:42",
          "23.11.2025 11:17:11",
          "23.11.2025 11:17:13",
          "23.11.2025 11:17:16",
          "23.11.2025 11:17:19",
          "23.11.2025 11:17:49",
          "23.11.2025 11:18:19",
          "23.11.2025 11:18:49",
          "23.11.2025 11:19:19",
          "23.11.2025 11:19:49",
          "23.11.2025 11:20:19",
          "23.11.2025 11:20:49",
          "23.11.2025 11:21:19",
          "23.11.2025 11:21:24",
          "23.11.2025 11:21:26",
          "23.11.2025 11:21:28",
          "23.11.2025 11:21:31",
          "23.11.2025 11:21:33",
          "23.11.2025 11:21:35",
          "23.11.2025 11:21:38",
          "23.11.2025 11:21:40",
          "23.11.2025 11:21:42",
          "23.11.2025 11:21:44",
          "23.11.2025 11:21:46",
          "23.11.2025 11:21:49",
          "23.11.2025 11:21:51",
          "23.11.2025 11:21:53",
          "23.11.2025 11:21:55",
          "23.11.2025 11:21:57",
          "23.11.2025 11:22:00",
          "23.11.2025 11:22:02",
          "23.11.2025 11:22:04",
          "23.11.2025 11:22:07",
          "23.11.2025 11:22:26",
          "23.11.2025 11:22:29",
          "23.11.2025 11:22:33",
          "23.11.2025 11:22:35",
          "23.11.2025 11:22:37",
          "23.11.2025 11:22:41",
          "23.11.2025 11:22:43",
          "23.11.2025 11:22:45",
          "23.11.2025 11:22:47",
          "23.11.2025 11:22:50",
          "23.11.2025 11:22:54",
          "23.11.2025 11:22:56",
          "23.11.2025 11:22:58",
          "23.11.2025 11:23:01",
          "23.11.2025 11:23:03",
          "23.11.2025 11:23:05",
          "23.11.2025 11:23:07",
          "23.11.2025 11:23:10",
          "23.11.2025 11:23:12",
          "23.11.2025 11:23:14",
          "23.11.2025 11:23:16",
          "23.11.2025 11:23:18",
          "23.11.2025 11:23:20",
          "23.11.2025 11:23:22",
          "23.11.2025 11:23:25",
          "23.11.2025 11:23:27",
          "23.11.2025 11:23:29",
          "23.11.2025 11:23:31",
          "23.11.2025 11:23:33",
          "23.11.2025 11:23:35",
          "23.11.2025 11:23:38",
          "23.11.2025 11:23:40",
          "23.11.2025 11:24:00",
          "23.11.2025 11:24:02",
          "23.11.2025 11:24:04",
          "23.11.2025 11:24:06",
          "23.11.2025 11:24:09",
          "23.11.2025 11:24:11",
          "23.11.2025 11:24:13",
          "23.11.2025 11:24:16",
          "23.11.2025 11:24:18",
          "23.11.2025 11:24:20",
          "23.11.2025 11:24:23",
          "23.11.2025 11:24:25",
          "23.11.2025 11:24:27",
          "23.11.2025 11:24:29",
          "23.11.2025 11:24:38",
          "23.11.2025 11:24:40",
          "23.11.2025 11:24:42",
          "23.11.2025 11:24:44",
          "23.11.2025 11:24:46",
          "23.11.2025 11:24:48",
          "23.11.2025 11:24:50",
          "23.11.2025 11:24:52",
          "23.11.2025 11:24:55",
          "23.11.2025 11:24:57",
          "23.11.2025 11:24:59",
          "23.11.2025 11:25:01",
          "23.11.2025 11:25:03",
          "23.11.2025 11:25:05",
          "23.11.2025 11:25:07",
          "23.11.2025 11:25:16",
          "23.11.2025 11:25:26",
          "23.11.2025 11:25:28",
          "23.11.2025 11:25:30",
          "23.11.2025 11:25:33",
          "23.11.2025 11:25:35",
          "23.11.2025 11:25:37",
          "23.11.2025 11:25:39",
          "23.11.2025 11:25:41",
          "23.11.2025 11:25:44",
          "23.11.2025 11:25:46",
          "23.11.2025 11:25:48",
          "23.11.2025 11:25:50",
          "23.11.2025 11:25:52",
          "23.11.2025 11:25:55",
          "23.11.2025 11:25:57",
          "23.11.2025 11:26:12",
          "23.11.2025 11:26:14",
          "23.11.2025 11:26:16",
          "23.11.2025 11:26:18",
          "23.11.2025 11:26:20",
          "23.11.2025 11:26:23",
          "23.11.2025 11:26:25",
          "23.11.2025 11:26:27",
          "23.11.2025 11:26:29",
          "23.11.2025 11:26:32",
          "23.11.2025 11:26:34",
          "23.11.2025 11:26:37",
          "23.11.2025 11:26:39",
          "23.11.2025 11:26:41",
          "23.11.2025 11:26:43",
          "23.11.2025 11:26:45",
          "23.11.2025 11:26:47",
          "23.11.2025 11:26:49",
          "23.11.2025 11:26:52",
          "23.11.2025 11:26:55",
          "23.11.2025 11:26:58",
          "23.11.2025 11:27:00",
          "23.11.2025 11:27:03",
          "23.11.2025 11:27:05",
          "23.11.2025 11:27:07",
          "23.11.2025 11:27:10",
          "23.11.2025 11:27:12",
          "23.11.2025 11:27:14",
          "23.11.2025 11:27:16",
          "23.11.2025 11:27:18",
          "23.11.2025 11:27:20",
          "23.11.2025 11:27:22",
          "23.11.2025 11:27:25",
          "23.11.2025 11:27:27",
          "23.11.2025 11:27:29",
          "23.11.2025 11:27:31",
          "23.11.2025 11:27:33",
          "23.11.2025 11:27:35",
          "23.11.2025 11:27:38",
          "23.11.2025 11:27:40",
          "23.11.2025 11:27:42",
          "23.11.2025 11:27:45",
          "23.11.2025 11:27:48",
          "23.11.2025 11:27:50",
          "23.11.2025 11:27:53",
          "23.11.2025 11:27:55",
          "23.11.2025 11:27:57",
          "23.11.2025 11:27:59",
          "23.11.2025 11:28:01",
          "23.11.2025 11:28:04",
          "23.11.2025 11:28:06",
          "23.11.2025 11:28:08",
          "23.11.2025 11:28:10",
          "23.11.2025 11:28:12",
          "23.11.2025 11:28:14",
          "23.11.2025 11:28:16",
          "23.11.2025 11:28:18",
          "23.11.2025 11:28:21",
          "23.11.2025 11:28:23",
          "23.11.2025 11:28:25",
          "23.11.2025 11:28:27",
          "23.11.2025 11:28:29",
          "23.11.2025 11:28:31",
          "23.11.2025 11:28:33",
          "23.11.2025 11:28:36",
          "23.11.2025 11:28:38",
          "23.11.2025 11:28:40",
          "23.11.2025 11:28:42",
          "23.11.2025 11:28:44",
          "23.11.2025 11:28:46",
          "23.11.2025 11:28:48",
          "23.11.2025 11:28:50",
          "23.11.2025 11:28:53",
          "23.11.2025 11:28:55",
          "23.11.2025 11:28:57",
          "23.11.2025 11:28:59",
          "23.11.2025 11:29:02",
          "23.11.2025 11:29:04",
          "23.11.2025 11:29:06",
          "23.11.2025 11:29:09",
          "23.11.2025 11:29:11",
          "23.11.2025 11:29:13",
          "23.11.2025 11:29:15",
          "23.11.2025 11:29:17",
          "23.11.2025 11:29:19",
          "23.11.2025 11:29:21",
          "23.11.2025 11:29:23",
          "23.11.2025 11:29:26",
          "23.11.2025 11:29:28",
          "23.11.2025 11:29:30",
          "23.11.2025 11:29:34",
          "23.11.2025 11:29:36",
          "23.11.2025 11:29:38",
          "23.11.2025 11:29:41",
          "23.11.2025 11:29:43",
          "23.11.2025 11:29:45",
          "23.11.2025 11:29:47",
          "23.11.2025 11:29:50",
          "23.11.2025 11:29:52",
          "23.11.2025 11:29:54",
          "23.11.2025 11:29:56",
          "23.11.2025 11:30:00",
          "23.11.2025 11:30:11",
          "23.11.2025 11:30:13",
          "23.11.2025 11:30:16",
          "23.11.2025 11:30:18",
          "23.11.2025 11:30:20",
          "23.11.2025 11:30:22",
          "23.11.2025 11:30:25",
          "23.11.2025 11:30:27",
          "23.11.2025 11:30:29",
          "23.11.2025 11:30:31",
          "23.11.2025 11:30:33",
          "23.11.2025 11:30:36",
          "23.11.2025 11:30:38",
          "23.11.2025 11:30:40",
          "23.11.2025 11:30:42",
          "23.11.2025 11:30:44",
          "23.11.2025 11:31:16",
          "23.11.2025 11:31:25",
          "23.11.2025 11:31:27",
          "23.11.2025 11:31:29",
          "23.11.2025 11:31:31",
          "23.11.2025 11:31:34",
          "23.11.2025 11:31:36",
          "23.11.2025 11:31:38",
          "23.11.2025 11:31:40",
          "23.11.2025 11:31:42",
          "23.11.2025 11:31:44",
          "23.11.2025 11:31:46",
          "23.11.2025 11:31:49",
          "23.11.2025 11:31:51",
          "23.11.2025 11:31:53",
          "23.11.2025 11:31:55",
          "23.11.2025 11:32:28",
          "23.11.2025 11:32:58",
          "23.11.2025 11:33:31",
          "23.11.2025 11:33:46",
          "23.11.2025 11:33:48",
          "23.11.2025 11:33:50",
          "23.11.2025 11:33:52",
          "23.11.2025 11:33:55",
          "23.11.2025 11:33:57",
          "23.11.2025 11:33:59",
          "23.11.2025 11:34:01",
          "23.11.2025 11:34:03",
          "23.11.2025 11:34:05",
          "23.11.2025 11:34:07",
          "23.11.2025 11:34:10",
          "23.11.2025 11:34:12",
          "23.11.2025 11:34:45",
          "23.11.2025 11:35:15",
          "23.11.2025 11:35:47",
          "23.11.2025 11:36:20",
          "23.11.2025 11:36:51",
          "23.11.2025 11:37:22",
          "23.11.2025 11:37:54",
          "23.11.2025 11:38:25",
          "23.11.2025 11:38:57",
          "23.11.2025 11:39:02",
          "23.11.2025 11:39:05",
          "23.11.2025 11:39:11",
          "23.11.2025 11:39:14",
          "23.11.2025 11:39:16",
          "23.11.2025 11:39:19",
          "23.11.2025 11:39:21",
          "23.11.2025 11:39:24",
          "23.11.2025 11:39:30",
          "23.11.2025 11:39:32",
          "23.11.2025 11:39:34",
          "23.11.2025 11:39:36",
          "23.11.2025 11:39:38",
          "23.11.2025 11:39:40",
          "23.11.2025 11:39:42",
          "23.11.2025 11:39:54",
          "23.11.2025 11:39:58",
          "23.11.2025 11:40:00",
          "23.11.2025 11:40:02",
          "23.11.2025 11:40:04",
          "23.11.2025 11:40:06",
          "23.11.2025 11:40:10",
          "23.11.2025 11:40:13",
          "23.11.2025 11:40:15",
          "23.11.2025 11:40:17",
          "23.11.2025 11:40:19",
          "23.11.2025 11:40:21",
          "23.11.2025 11:40:27",
          "23.11.2025 11:40:29",
          "23.11.2025 11:40:31",
          "23.11.2025 11:40:33",
          "23.11.2025 11:40:35",
          "23.11.2025 11:40:41",
          "23.11.2025 11:40:43",
          "23.11.2025 11:40:54",
          "23.11.2025 11:40:58",
          "23.11.2025 11:41:05",
          "23.11.2025 11:41:07",
          "23.11.2025 11:41:11",
          "23.11.2025 11:41:15",
          "23.11.2025 11:41:19",
          "23.11.2025 11:41:22",
          "23.11.2025 11:41:24",
          "23.11.2025 11:41:28",
          "23.11.2025 11:41:30",
          "23.11.2025 11:41:33",
          "23.11.2025 11:41:35",
          "23.11.2025 11:41:37",
          "23.11.2025 11:41:39",
          "23.11.2025 11:41:42",
          "23.11.2025 11:41:44",
          "23.11.2025 11:41:46",
          "23.11.2025 11:41:48",
          "23.11.2025 11:41:50",
          "23.11.2025 11:41:52",
          "23.11.2025 11:41:55",
          "23.11.2025 11:41:58",
          "23.11.2025 11:42:00",
          "23.11.2025 11:42:02",
          "23.11.2025 11:42:05",
          "23.11.2025 11:42:07",
          "23.11.2025 11:42:10",
          "23.11.2025 11:42:13",
          "23.11.2025 11:42:16",
          "23.11.2025 11:42:18",
          "23.11.2025 11:42:20",
          "23.11.2025 11:42:22",
          "23.11.2025 11:42:25",
          "23.11.2025 11:42:29",
          "23.11.2025 11:42:31",
          "23.11.2025 11:42:34",
          "23.11.2025 11:42:38",
          "23.11.2025 11:42:42",
          "23.11.2025 11:42:44",
          "23.11.2025 11:42:46",
          "23.11.2025 11:42:48",
          "23.11.2025 11:42:50",
          "23.11.2025 11:42:53",
          "23.11.2025 11:42:55",
          "23.11.2025 11:42:58",
          "23.11.2025 11:43:02",
          "23.11.2025 11:43:05",
          "23.11.2025 11:43:08",
          "23.11.2025 11:43:11",
          "23.11.2025 11:43:13",
          "23.11.2025 11:43:15",
          "23.11.2025 11:43:17",
          "23.11.2025 11:43:21",
          "23.11.2025 11:43:23",
          "23.11.2025 11:43:25",
          "23.11.2025 11:43:28",
          "23.11.2025 11:43:31",
          "23.11.2025 11:43:34",
          "23.11.2025 11:43:36",
          "23.11.2025 11:43:38",
          "23.11.2025 11:43:43",
          "23.11.2025 11:43:45",
          "23.11.2025 11:43:47",
          "23.11.2025 11:43:50",
          "23.11.2025 11:43:53",
          "23.11.2025 11:43:55",
          "23.11.2025 11:43:57",
          "23.11.2025 11:43:59",
          "23.11.2025 11:44:03",
          "23.11.2025 11:44:05",
          "23.11.2025 11:44:07",
          "23.11.2025 11:44:09",
          "23.11.2025 11:44:11",
          "23.11.2025 11:44:13",
          "23.11.2025 11:44:16",
          "23.11.2025 11:44:19",
          "23.11.2025 11:44:21",
          "23.11.2025 11:44:23",
          "23.11.2025 11:44:26",
          "23.11.2025 11:44:29",
          "23.11.2025 11:44:31",
          "23.11.2025 11:44:33",
          "23.11.2025 11:44:48",
          "23.11.2025 11:44:50",
          "23.11.2025 11:45:06",
          "23.11.2025 11:45:12",
          "23.11.2025 11:45:14",
          "23.11.2025 11:45:16",
          "23.11.2025 11:45:18",
          "23.11.2025 11:45:20",
          "23.11.2025 11:45:23",
          "23.11.2025 11:45:25",
          "23.11.2025 11:45:27",
          "23.11.2025 11:45:30",
          "23.11.2025 11:45:32",
          "23.11.2025 11:45:34",
          "23.11.2025 11:45:36",
          "23.11.2025 11:45:38",
          "23.11.2025 11:45:40",
          "23.11.2025 11:45:42",
          "23.11.2025 11:45:45",
          "23.11.2025 11:45:47",
          "23.11.2025 11:45:49",
          "23.11.2025 11:45:51"
        ],
        "course_deg_clockwise_from_north": [
          343,
          330,
          318,
          305,
          293,
          280,
          268,
          255,
          243,
          230,
          222,
          196,
          154,
          135,
          135,
          135,
          135,
          135,
          194,
          222,
          222,
          225,
          244,
          286,
          315,
          312,
          315,
          315,
          315,
          306,
          286,
          317,
          78,
          135,
          132,
          132,
          135,
          132,
          137,
          137,
          137,
          137,
          138,
          138,
          138,
          138,
          139,
          139,
          140,
          140,
          139,
          138,
          138,
          136,
          135,
          134,
          133,
          133,
          133,
          133,
          132,
          132,
          131,
          131,
          130,
          130,
          129,
          129,
          129,
          130,
          130,
          132,
          132,
          133,
          133,
          133,
          132,
          131,
          131,
          130,
          129,
          129,
          128,
          128,
          124,
          121,
          118,
          116,
          113,
          111,
          109,
          107,
          106,
          105,
          103,
          101,
          100,
          99,
          98,
          98,
          97,
          96,
          96,
          95,
          95,
          95,
          95,
          94,
          93,
          94,
          95,
          97,
          105,
          106,
          107,
          108,
          108,
          108,
          108,
          108,
          109,
          109,
          109,
          109,
          108,
          111,
          114,
          114,
          114,
          114,
          114,
          114,
          114,
          114,
          114,
          114,
          114,
          115,
          115,
          114,
          114,
          115,
          115,
          115,
          115,
          112,
          113,
          113,
          113,
          113,
          113,
          113,
          114,
          114,
          114,
          113,
          114,
          114,
          114,
          114,
          114,
          114,
          114,
          114,
          115,
          115,
          115,
          115,
          114,
          115,
          115,
          115,
          115,
          114,
          116,
          115,
          115,
          115,
          115,
          115,
          116,
          116,
          115,
          115,
          116,
          116,
          116,
          116,
          116,
          116,
          116,
          117,
          116,
          117,
          116,
          117,
          117,
          117,
          117,
          117,
          117,
          117,
          117,
          117,
          117,
          118,
          117,
          117,
          117,
          118,
          117,
          118,
          117,
          118,
          118,
          118,
          118,
          118,
          118,
          118,
          118,
          118,
          118,
          118,
          118,
          119,
          118,
          119,
          119,
          119,
          114,
          111,
          110,
          111,
          111,
          111,
          111,
          112,
          112,
          111,
          113,
          113,
          112,
          113,
          113,
          113,
          113,
          113,
          113,
          114,
          113,
          113,
          113,
          113,
          114,
          113,
          114,
          114,
          114,
          114,
          114,
          114,
          114,
          114,
          114,
          114,
          114,
          114,
          114,
          115,
          114,
          115,
          115,
          115,
          115,
          115,
          116,
          115,
          115,
          116,
          115,
          115,
          116,
          116,
          116,
          116,
          116,
          116,
          116,
          116,
          116,
          116,
          116,
          117,
          116,
          116,
          117,
          116,
          116,
          117,
          117,
          117,
          117,
          117,
          117,
          117,
          117,
          117,
          117,
          117,
          117,
          118,
          117,
          118,
          117,
          118,
          118,
          117,
          118,
          118,
          118,
          118,
          118,
          118,
          118,
          118,
          118,
          118,
          118,
          119,
          118,
          119,
          119,
          118,
          119,
          119,
          118,
          119,
          119,
          119,
          119,
          119,
          119,
          119,
          120,
          119,
          119,
          120,
          120,
          119,
          119,
          120,
          120,
          120,
          120,
          120,
          120,
          120,
          120,
          120,
          120,
          120,
          121,
          120,
          120,
          120,
          120,
          121,
          120,
          121,
          121,
          121,
          121,
          121,
          121,
          121,
          121,
          121,
          121,
          121,
          121,
          122,
          121,
          121,
          121,
          121,
          121,
          121,
          109,
          118,
          120,
          120,
          120,
          120,
          121,
          121,
          121,
          122,
          122,
          113,
          120,
          120,
          121,
          121,
          121,
          122,
          122,
          12,
          38,
          120,
          120,
          121,
          122,
          122,
          122,
          124,
          127,
          124,
          122,
          122,
          122,
          122,
          122,
          122,
          120,
          122,
          122,
          122,
          122,
          122,
          114,
          112,
          111,
          110,
          109,
          107,
          106,
          105,
          105,
          104,
          104,
          102,
          102,
          102,
          101,
          101,
          100,
          100,
          96,
          95,
          97,
          98,
          98,
          98,
          99,
          98,
          99,
          99,
          98,
          98,
          97,
          99,
          98,
          98,
          98,
          104,
          99,
          98,
          98,
          98,
          98,
          98,
          98,
          98,
          98,
          98,
          98,
          98,
          47,
          102,
          33,
          96,
          104,
          98,
          98,
          99,
          96,
          61,
          99,
          78,
          106,
          88,
          100,
          91,
          109,
          92,
          86,
          95,
          135,
          176,
          174,
          95,
          96,
          100,
          100,
          87,
          110,
          95,
          98,
          37,
          348,
          55,
          92,
          75,
          38,
          101,
          99,
          89,
          112,
          96,
          96,
          97,
          97,
          97,
          98,
          97,
          97,
          98,
          98,
          98,
          98,
          98,
          98,
          98,
          96,
          99,
          100,
          99,
          99,
          99,
          98,
          98,
          102,
          100,
          99,
          99,
          98,
          105,
          95,
          104,
          90,
          93,
          101,
          94,
          92,
          99,
          97,
          93,
          98,
          38,
          70,
          84,
          102,
          148,
          99,
          104,
          136,
          97,
          99,
          84,
          104,
          28,
          45,
          139,
          73,
          139,
          89,
          128,
          100,
          107,
          96,
          103,
          101,
          100,
          100,
          99,
          99,
          99,
          99,
          96,
          20,
          96,
          99,
          99,
          96,
          127,
          112,
          94,
          99,
          99,
          99,
          101,
          33,
          100,
          88,
          103,
          163,
          117,
          149,
          172,
          98,
          153,
          97,
          96,
          107,
          55,
          100,
          98,
          87,
          99,
          98,
          42,
          101,
          99,
          98,
          101,
          105,
          85,
          109,
          108,
          111,
          102,
          94,
          90,
          98,
          97,
          98,
          98,
          98,
          98,
          96,
          53,
          94,
          96,
          119,
          126,
          119,
          120,
          105,
          83,
          107,
          88,
          108,
          118,
          134,
          119,
          60,
          98,
          79,
          83,
          91,
          118,
          89,
          98,
          94,
          97,
          109,
          97,
          100,
          95,
          104,
          97,
          99,
          104,
          99,
          97,
          98,
          100,
          99,
          99,
          98,
          97,
          98,
          98,
          98,
          98,
          98,
          110,
          97,
          98,
          102,
          127,
          21,
          16,
          103,
          100,
          93,
          106,
          49,
          7,
          104,
          94,
          84,
          138,
          89,
          99,
          65,
          8,
          99,
          101,
          140,
          111,
          186,
          103,
          96,
          102,
          128,
          98,
          102,
          101,
          92,
          104,
          131,
          100,
          103,
          93,
          101,
          102,
          101,
          99,
          15,
          97,
          119,
          83,
          137,
          92,
          17,
          93,
          14,
          101,
          96,
          87,
          190,
          117,
          109,
          92,
          111,
          82,
          112,
          96,
          111,
          61,
          128,
          82,
          85,
          16,
          96,
          63,
          115,
          94,
          103,
          128,
          117,
          116,
          17,
          142,
          92,
          84,
          89,
          82,
          84,
          107,
          62,
          97,
          104,
          70,
          89,
          139,
          105,
          67,
          110,
          130,
          126,
          120,
          99,
          20,
          98,
          68,
          7,
          22,
          124,
          22,
          104,
          94,
          54,
          94,
          142,
          85,
          100,
          115,
          105,
          103,
          115,
          65,
          45,
          49,
          99,
          53,
          98,
          91,
          95,
          98,
          109,
          109,
          99,
          117,
          75,
          99,
          105,
          98,
          99,
          99,
          105,
          116,
          95,
          100,
          101,
          108,
          103,
          103,
          105,
          99,
          115,
          104,
          94,
          132,
          60,
          57,
          89,
          125,
          94,
          102,
          111,
          107,
          106,
          106,
          56,
          36,
          122,
          121,
          103,
          113,
          105,
          120,
          103,
          113,
          72,
          77,
          117,
          148,
          104,
          97,
          100,
          103,
          103,
          104,
          98,
          104,
          103,
          109,
          95,
          105,
          106,
          106,
          115,
          95,
          90,
          121,
          100,
          105,
          94,
          104,
          102,
          116,
          100,
          107,
          108,
          124,
          106,
          110,
          101,
          104,
          103,
          100,
          119,
          106,
          104,
          103,
          99,
          105,
          104,
          108,
          107,
          107,
          105,
          105,
          104,
          104,
          104,
          105,
          105,
          104,
          104,
          103,
          95,
          108,
          104,
          104,
          104,
          104,
          103,
          104,
          105,
          105,
          105,
          105,
          105,
          104,
          113,
          108,
          106,
          92,
          87,
          104,
          114,
          99,
          103,
          105,
          135,
          102,
          104,
          104,
          104,
          104,
          104,
          104,
          104,
          102,
          104,
          104,
          113,
          104,
          107,
          104,
          105,
          105,
          106,
          107,
          108,
          108,
          109,
          110,
          110,
          104,
          105,
          105,
          105,
          105,
          105,
          97,
          104,
          104,
          104,
          104,
          104,
          104,
          104,
          105,
          105,
          104,
          104,
          104,
          97,
          105,
          105,
          106,
          104,
          106,
          104,
          103,
          104,
          105,
          111,
          105,
          101,
          102,
          103,
          103,
          104,
          105,
          105,
          105,
          103,
          149,
          103,
          105,
          105,
          105,
          105,
          105,
          105,
          105,
          105,
          105,
          107,
          103,
          106,
          105,
          106,
          106,
          107,
          106,
          107,
          106,
          106,
          106,
          106,
          106,
          110,
          106,
          106,
          106,
          106,
          108,
          106,
          107,
          106,
          106,
          106,
          106,
          106,
          105,
          106,
          106,
          105,
          109,
          106,
          105,
          105,
          105,
          106,
          106,
          106,
          106,
          106,
          105,
          104,
          104,
          105,
          104,
          105,
          105,
          106,
          106,
          107,
          108,
          108,
          70,
          123,
          105,
          112,
          106,
          107,
          109,
          108,
          106,
          107,
          106,
          96,
          152,
          12,
          146,
          9,
          96,
          101,
          104,
          104,
          105,
          108,
          107,
          105,
          105,
          107,
          105,
          106,
          106,
          106,
          106,
          105,
          107,
          134,
          155,
          108,
          112,
          100,
          107,
          105,
          101,
          109,
          107,
          106,
          107,
          106,
          106,
          106,
          106,
          105,
          104,
          103,
          105,
          105,
          105,
          105,
          110,
          93,
          103,
          105,
          108,
          105,
          103,
          105,
          105,
          105,
          106,
          105,
          106,
          104,
          105,
          105,
          104,
          104,
          105,
          104,
          98,
          29,
          61,
          83,
          92,
          97,
          105,
          105,
          105,
          105,
          105,
          105,
          105,
          105,
          105,
          105,
          105,
          102,
          106,
          82,
          118,
          108,
          107,
          106,
          106,
          106,
          105,
          106,
          107,
          107,
          106,
          106,
          107,
          106,
          106,
          97,
          107,
          107,
          107,
          107,
          107,
          107,
          107,
          107,
          108,
          108,
          108,
          108,
          108,
          108,
          107,
          107,
          107,
          108,
          106,
          106,
          107,
          107,
          107,
          107,
          106,
          106,
          106,
          106,
          107,
          106,
          105,
          106,
          111,
          111,
          113,
          110,
          112,
          113,
          110,
          112,
          114,
          113,
          113,
          112,
          114,
          113,
          57,
          185,
          267,
          112,
          113,
          113,
          113,
          113,
          104,
          107,
          105,
          109,
          111,
          112,
          113,
          113,
          111,
          113,
          112,
          112,
          106,
          100,
          123,
          106,
          111,
          101,
          108,
          106,
          108,
          123,
          98,
          105,
          107,
          103,
          223,
          116,
          98,
          115,
          107,
          101,
          100,
          101,
          272,
          254,
          99,
          115,
          103,
          177,
          106,
          114,
          108,
          102,
          112,
          107,
          109,
          109,
          110,
          102,
          101,
          100,
          213,
          115,
          108,
          110,
          104,
          225,
          256,
          232,
          111,
          107,
          115,
          106,
          110,
          125,
          111,
          104,
          109,
          157,
          107,
          106,
          112,
          108,
          136,
          109,
          102,
          118,
          105,
          153,
          106,
          143,
          102,
          101,
          101,
          150,
          128,
          108,
          104,
          123,
          110,
          129,
          111,
          122,
          108,
          106,
          118,
          113,
          112,
          110,
          109,
          111,
          112,
          111,
          113,
          112,
          110,
          112,
          104,
          113,
          117,
          113,
          114,
          114,
          114,
          114,
          115,
          111,
          121,
          115,
          114,
          110,
          114,
          112
        ],
        "speed_kts": [
          0,
          0,
          0,
          0,
          0,
          0,
          0,
          0,
          0,
          0,
          0,
          9,
          8,
          8,
          11,
          12,
          12,
          11,
          11,
          12,
          14,
          0,
          0,
          11,
          16,
          22,
          24,
          26,
          23,
          15,
          12,
          8,
          6,
          3,
          32,
          0,
          72,
          100,
          108,
          116,
          124,
          130,
          132,
          134,
          134,
          133,
          134,
          134,
          132,
          132,
          134,
          133,
          134,
          135,
          135,
          135,
          137,
          139,
          141,
          143,
          147,
          149,
          152,
          153,
          155,
          157,
          160,
          164,
          166,
          169,
          172,
          172,
          174,
          176,
          177,
          181,
          183,
          186,
          188,
          190,
          191,
          191,
          192,
          193,
          194,
          196,
          197,
          198,
          201,
          203,
          204,
          207,
          209,
          212,
          214,
          218,
          220,
          222,
          224,
          226,
          227,
          228,
          229,
          230,
          231,
          232,
          231,
          232,
          233,
          231,
          230,
          235,
          237,
          238,
          238,
          240,
          242,
          243,
          246,
          248,
          251,
          256,
          260,
          262,
          270,
          291,
          324,
          348,
          390,
          425,
          434,
          440,
          439,
          439,
          441,
          449,
          458,
          463,
          466,
          469,
          469,
          471,
          472,
          471,
          470,
          468,
          471,
          471,
          470,
          466,
          463,
          470,
          476,
          480,
          481,
          481,
          480,
          478,
          477,
          476,
          474,
          470,
          466,
          464,
          466,
          467,
          467,
          468,
          466,
          464,
          464,
          462,
          460,
          459,
          458,
          458,
          458,
          458,
          458,
          458,
          458,
          457,
          456,
          457,
          458,
          460,
          461,
          461,
          463,
          464,
          465,
          466,
          465,
          466,
          467,
          466,
          466,
          465,
          466,
          464,
          464,
          464,
          464,
          463,
          463,
          464,
          462,
          462,
          463,
          462,
          459,
          458,
          456,
          455,
          453,
          452,
          452,
          451,
          452,
          452,
          452,
          454,
          454,
          456,
          455,
          456,
          456,
          456,
          455,
          456,
          457,
          459,
          460,
          460,
          460,
          460,
          462,
          462,
          464,
          463,
          463,
          464,
          464,
          464,
          463,
          462,
          464,
          464,
          464,
          464,
          464,
          465,
          466,
          464,
          462,
          462,
          460,
          460,
          460,
          461,
          461,
          462,
          462,
          463,
          464,
          466,
          466,
          465,
          466,
          467,
          467,
          467,
          467,
          468,
          470,
          470,
          471,
          472,
          472,
          472,
          472,
          470,
          470,
          469,
          470,
          471,
          472,
          472,
          471,
          473,
          472,
          468,
          459,
          454,
          452,
          450,
          450,
          447,
          446,
          447,
          449,
          451,
          452,
          453,
          453,
          454,
          454,
          454,
          454,
          455,
          455,
          454,
          454,
          452,
          453,
          452,
          450,
          446,
          444,
          443,
          445,
          443,
          443,
          444,
          443,
          444,
          446,
          447,
          449,
          449,
          451,
          451,
          453,
          453,
          454,
          454,
          453,
          454,
          454,
          452,
          454,
          454,
          456,
          456,
          457,
          456,
          452,
          453,
          452,
          455,
          453,
          451,
          451,
          452,
          449,
          452,
          452,
          454,
          456,
          454,
          454,
          454,
          453,
          454,
          453,
          454,
          452,
          451,
          449,
          448,
          448,
          446,
          444,
          442,
          441,
          444,
          444,
          447,
          448,
          451,
          452,
          454,
          456,
          452,
          450,
          452,
          456,
          452,
          452,
          452,
          452,
          452,
          452,
          452,
          452,
          452,
          452,
          452,
          450,
          450,
          450,
          450,
          450,
          450,
          450,
          450,
          450,
          450,
          450,
          450,
          450,
          450,
          450,
          452,
          452,
          452,
          452,
          452,
          450,
          450,
          450,
          452,
          452,
          452,
          452,
          452,
          452,
          452,
          452,
          452,
          464,
          466,
          466,
          468,
          468,
          470,
          470,
          472,
          472,
          472,
          472,
          472,
          472,
          472,
          474,
          474,
          474,
          474,
          478,
          482,
          480,
          476,
          472,
          474,
          474,
          476,
          476,
          476,
          478,
          476,
          476,
          476,
          474,
          474,
          474,
          478,
          478,
          478,
          478,
          480,
          480,
          482,
          482,
          482,
          480,
          480,
          478,
          478,
          480,
          480,
          480,
          480,
          480,
          480,
          480,
          480,
          482,
          480,
          480,
          480,
          480,
          480,
          480,
          480,
          480,
          482,
          482,
          482,
          482,
          482,
          482,
          482,
          484,
          484,
          484,
          484,
          484,
          484,
          484,
          484,
          484,
          484,
          484,
          482,
          482,
          482,
          482,
          482,
          482,
          480,
          480,
          480,
          480,
          480,
          480,
          480,
          480,
          482,
          482,
          482,
          482,
          482,
          482,
          480,
          480,
          480,
          480,
          480,
          480,
          480,
          480,
          480,
          480,
          480,
          480,
          480,
          482,
          482,
          482,
          482,
          484,
          484,
          484,
          484,
          484,
          482,
          482,
          482,
          482,
          482,
          482,
          482,
          482,
          482,
          482,
          482,
          482,
          482,
          480,
          480,
          478,
          478,
          478,
          476,
          478,
          478,
          478,
          478,
          478,
          478,
          478,
          478,
          478,
          480,
          480,
          478,
          478,
          476,
          476,
          478,
          478,
          478,
          480,
          480,
          480,
          480,
          480,
          480,
          480,
          480,
          480,
          480,
          480,
          480,
          480,
          480,
          480,
          482,
          480,
          480,
          480,
          482,
          482,
          482,
          482,
          482,
          482,
          482,
          482,
          482,
          482,
          482,
          482,
          482,
          482,
          482,
          482,
          482,
          484,
          484,
          484,
          484,
          484,
          482,
          482,
          482,
          482,
          484,
          484,
          484,
          484,
          484,
          484,
          484,
          484,
          484,
          484,
          482,
          482,
          482,
          482,
          480,
          482,
          482,
          482,
          482,
          482,
          482,
          482,
          484,
          484,
          484,
          484,
          484,
          484,
          484,
          484,
          484,
          482,
          482,
          482,
          482,
          482,
          482,
          482,
          482,
          482,
          482,
          482,
          482,
          482,
          482,
          482,
          482,
          482,
          482,
          482,
          482,
          482,
          482,
          482,
          482,
          482,
          482,
          482,
          482,
          482,
          482,
          482,
          480,
          480,
          480,
          480,
          480,
          480,
          480,
          480,
          480,
          480,
          482,
          482,
          190,
          482,
          482,
          484,
          484,
          484,
          482,
          484,
          484,
          484,
          484,
          486,
          486,
          486,
          486,
          486,
          486,
          486,
          486,
          486,
          486,
          486,
          486,
          484,
          486,
          486,
          486,
          486,
          484,
          484,
          486,
          486,
          484,
          484,
          484,
          484,
          484,
          482,
          482,
          484,
          484,
          484,
          484,
          484,
          484,
          484,
          484,
          484,
          484,
          484,
          486,
          486,
          486,
          486,
          486,
          486,
          486,
          486,
          486,
          486,
          484,
          484,
          484,
          484,
          486,
          484,
          484,
          486,
          486,
          488,
          488,
          488,
          488,
          488,
          488,
          488,
          488,
          488,
          488,
          486,
          486,
          486,
          484,
          484,
          484,
          484,
          484,
          484,
          484,
          484,
          484,
          484,
          484,
          484,
          482,
          482,
          482,
          482,
          482,
          482,
          482,
          482,
          482,
          482,
          482,
          482,
          482,
          482,
          480,
          480,
          478,
          478,
          478,
          478,
          478,
          476,
          476,
          476,
          476,
          476,
          476,
          476,
          476,
          476,
          476,
          476,
          476,
          474,
          474,
          474,
          474,
          474,
          474,
          474,
          474,
          474,
          474,
          474,
          474,
          474,
          474,
          474,
          474,
          474,
          476,
          476,
          476,
          476,
          476,
          476,
          476,
          476,
          476,
          476,
          476,
          478,
          478,
          478,
          478,
          478,
          478,
          478,
          478,
          478,
          478,
          478,
          478,
          478,
          478,
          478,
          478,
          478,
          478,
          478,
          476,
          476,
          476,
          478,
          478,
          478,
          478,
          478,
          480,
          480,
          480,
          480,
          480,
          480,
          480,
          480,
          480,
          480,
          480,
          480,
          480,
          480,
          480,
          480,
          480,
          482,
          482,
          482,
          482,
          480,
          480,
          480,
          480,
          480,
          480,
          480,
          480,
          480,
          480,
          480,
          480,
          480,
          480,
          482,
          482,
          482,
          482,
          482,
          482,
          482,
          482,
          482,
          482,
          482,
          482,
          482,
          480,
          480,
          480,
          478,
          480,
          480,
          480,
          484,
          482,
          480,
          480,
          482,
          482,
          481,
          481,
          480,
          479,
          478,
          478,
          477,
          476,
          476,
          476,
          476,
          478,
          478,
          478,
          476,
          476,
          476,
          478,
          478,
          476,
          476,
          476,
          474,
          474,
          474,
          474,
          472,
          472,
          472,
          472,
          474,
          474,
          472,
          470,
          470,
          470,
          470,
          468,
          468,
          468,
          466,
          466,
          466,
          468,
          468,
          468,
          468,
          470,
          470,
          470,
          470,
          470,
          472,
          472,
          472,
          472,
          470,
          470,
          470,
          470,
          480,
          478,
          478,
          478,
          478,
          478,
          478,
          478,
          478,
          476,
          476,
          476,
          476,
          476,
          478,
          478,
          476,
          478,
          478,
          478,
          478,
          478,
          478,
          478,
          478,
          478,
          478,
          478,
          476,
          476,
          474,
          474,
          474,
          474,
          474,
          474,
          472,
          474,
          474,
          472,
          474,
          474,
          472,
          472,
          472,
          472,
          474,
          476,
          474,
          472,
          472,
          470,
          470,
          468,
          468,
          468,
          468,
          468,
          468,
          468,
          470,
          470,
          474,
          476,
          476,
          476,
          476,
          476,
          476,
          474,
          474,
          472,
          472,
          474,
          474,
          474,
          474,
          472,
          472,
          472,
          472,
          474,
          474,
          470,
          470,
          470,
          468,
          468,
          468,
          466,
          464,
          464,
          462,
          462,
          460,
          460,
          460,
          460,
          460,
          460,
          458,
          456,
          456,
          458,
          458,
          456,
          456,
          454,
          454,
          452,
          452,
          450,
          450,
          448,
          448,
          448,
          450,
          448,
          450,
          450,
          450,
          450,
          450,
          448,
          448,
          446,
          444,
          442,
          442,
          440,
          440,
          442,
          442,
          442,
          442,
          442,
          444,
          444,
          444,
          444,
          444,
          446,
          446,
          446,
          446,
          446,
          446,
          446,
          446,
          446,
          446,
          448,
          450,
          452,
          452,
          452,
          452,
          452,
          452,
          452,
          452,
          452,
          452,
          452,
          452,
          454,
          456,
          456,
          458,
          458,
          458,
          460,
          460,
          462,
          462,
          464,
          464,
          466,
          466,
          476,
          480,
          480,
          482,
          482,
          482,
          480,
          480,
          480,
          480,
          480,
          480,
          480,
          480,
          480,
          478,
          470,
          462,
          454,
          444,
          436,
          430,
          414,
          388,
          380,
          380,
          382,
          382,
          382,
          380,
          380,
          380,
          378,
          378,
          378,
          378,
          378,
          378,
          378,
          378,
          376,
          376,
          376,
          376,
          376,
          376,
          374,
          374,
          374,
          374,
          372,
          372,
          372,
          370,
          368,
          368,
          372,
          378,
          376,
          376,
          374,
          374,
          372,
          372,
          372,
          370,
          370,
          370,
          370,
          370,
          368,
          368,
          368,
          368,
          368,
          368,
          368,
          366,
          366,
          366,
          366,
          364,
          364,
          364,
          362,
          362,
          362,
          362,
          360,
          360,
          360,
          360,
          358,
          358,
          358,
          356,
          356,
          356,
          354,
          354,
          354,
          354,
          352,
          348,
          348,
          346,
          344,
          342,
          342,
          340,
          340,
          336,
          332,
          332,
          328,
          324,
          324,
          322,
          320,
          320,
          318,
          318,
          316,
          316,
          316,
          316,
          314,
          314,
          314,
          314,
          314,
          312,
          312,
          312,
          312,
          312,
          310,
          310,
          306,
          302,
          302,
          296,
          272,
          264,
          242,
          236,
          232,
          232,
          226,
          226,
          220,
          214,
          214,
          210,
          210,
          206,
          206,
          202,
          202,
          198,
          198,
          198,
          196,
          196
        ],
        "speed_mph": [
          0.0,
          0.0,
          0.0,
          0.0,
          0.0,
          0.0,
          0.0,
          0.0,
          0.0,
          0.0,
          0.0,
          10.0,
          9.0,
          9.0,
          13.0,
          14.0,
          14.0,
          13.0,
          13.0,
          14.0,
          16.0,
          0.0,
          0.0,
          13.0,
          18.0,
          25.0,
          28.0,
          30.0,
          26.0,
          17.0,
          14.0,
          9.0,
          7.0,
          3.0,
          37.0,
          0.0,
          83.0,
          115.0,
          124.0,
          133.0,
          143.0,
          150.0,
          152.0,
          154.0,
          154.0,
          153.0,
          154.0,
          154.0,
          152.0,
          152.0,
          154.0,
          153.0,
          154.0,
          155.0,
          155.0,
          155.0,
          158.0,
          160.0,
          162.0,
          165.0,
          169.0,
          171.0,
          175.0,
          176.0,
          178.0,
          181.0,
          184.0,
          189.0,
          191.0,
          194.0,
          198.0,
          198.0,
          200.0,
          203.0,
          204.0,
          208.0,
          211.0,
          214.0,
          216.0,
          219.0,
          220.0,
          220.0,
          221.0,
          222.0,
          223.0,
          226.0,
          227.0,
          228.0,
          231.0,
          234.0,
          235.0,
          238.0,
          241.0,
          244.0,
          246.0,
          251.0,
          253.0,
          255.0,
          258.0,
          260.0,
          261.0,
          262.0,
          264.0,
          265.0,
          266.0,
          267.0,
          266.0,
          267.0,
          268.0,
          266.0,
          265.0,
          270.0,
          273.0,
          274.0,
          274.0,
          276.0,
          278.0,
          280.0,
          283.0,
          285.0,
          289.0,
          295.0,
          299.0,
          302.0,
          311.0,
          335.0,
          373.0,
          400.0,
          449.0,
          489.0,
          499.0,
          506.0,
          505.0,
          505.0,
          507.0,
          517.0,
          527.0,
          533.0,
          536.0,
          540.0,
          540.0,
          542.0,
          543.0,
          542.0,
          541.0,
          539.0,
          542.0,
          542.0,
          541.0,
          536.0,
          533.0,
          541.0,
          548.0,
          552.0,
          554.0,
          554.0,
          552.0,
          550.0,
          549.0,
          548.0,
          545.0,
          541.0,
          536.0,
          534.0,
          536.0,
          537.0,
          537.0,
          539.0,
          536.0,
          534.0,
          534.0,
          532.0,
          529.0,
          528.0,
          527.0,
          527.0,
          527.0,
          527.0,
          527.0,
          527.0,
          527.0,
          526.0,
          525.0,
          526.0,
          527.0,
          529.0,
          531.0,
          531.0,
          533.0,
          534.0,
          535.0,
          536.0,
          535.0,
          536.0,
          537.0,
          536.0,
          536.0,
          535.0,
          536.0,
          534.0,
          534.0,
          534.0,
          534.0,
          533.0,
          533.0,
          534.0,
          532.0,
          532.0,
          533.0,
          532.0,
          528.0,
          527.0,
          525.0,
          524.0,
          521.0,
          520.0,
          520.0,
          519.0,
          520.0,
          520.0,
          520.0,
          522.0,
          522.0,
          525.0,
          524.0,
          525.0,
          525.0,
          525.0,
          524.0,
          525.0,
          526.0,
          528.0,
          529.0,
          529.0,
          529.0,
          529.0,
          532.0,
          532.0,
          534.0,
          533.0,
          533.0,
          534.0,
          534.0,
          534.0,
          533.0,
          532.0,
          534.0,
          534.0,
          534.0,
          534.0,
          534.0,
          535.0,
          536.0,
          534.0,
          532.0,
          532.0,
          529.0,
          529.0,
          529.0,
          531.0,
          531.0,
          532.0,
          532.0,
          533.0,
          534.0,
          536.0,
          536.0,
          535.0,
          536.0,
          537.0,
          537.0,
          537.0,
          537.0,
          539.0,
          541.0,
          541.0,
          542.0,
          543.0,
          543.0,
          543.0,
          543.0,
          541.0,
          541.0,
          540.0,
          541.0,
          542.0,
          543.0,
          543.0,
          542.0,
          544.0,
          543.0,
          539.0,
          528.0,
          522.0,
          520.0,
          518.0,
          518.0,
          514.0,
          513.0,
          514.0,
          517.0,
          519.0,
          520.0,
          521.0,
          521.0,
          522.0,
          522.0,
          522.0,
          522.0,
          524.0,
          524.0,
          522.0,
          522.0,
          520.0,
          521.0,
          520.0,
          518.0,
          513.0,
          511.0,
          510.0,
          512.0,
          510.0,
          510.0,
          511.0,
          510.0,
          511.0,
          513.0,
          514.0,
          517.0,
          517.0,
          519.0,
          519.0,
          521.0,
          521.0,
          522.0,
          522.0,
          521.0,
          522.0,
          522.0,
          520.0,
          522.0,
          522.0,
          525.0,
          525.0,
          526.0,
          525.0,
          520.0,
          521.0,
          520.0,
          524.0,
          521.0,
          519.0,
          519.0,
          520.0,
          517.0,
          520.0,
          520.0,
          522.0,
          525.0,
          522.0,
          522.0,
          522.0,
          521.0,
          522.0,
          521.0,
          522.0,
          520.0,
          519.0,
          517.0,
          516.0,
          516.0,
          513.0,
          511.0,
          509.0,
          507.0,
          511.0,
          511.0,
          514.0,
          516.0,
          519.0,
          520.0,
          522.0,
          525.0,
          520.0,
          518.0,
          520.0,
          525.0,
          520.0,
          520.0,
          520.0,
          520.0,
          520.0,
          520.0,
          520.0,
          520.0,
          520.0,
          520.0,
          520.0,
          518.0,
          518.0,
          518.0,
          518.0,
          518.0,
          518.0,
          518.0,
          518.0,
          518.0,
          518.0,
          518.0,
          518.0,
          518.0,
          518.0,
          518.0,
          520.0,
          520.0,
          520.0,
          520.0,
          520.0,
          518.0,
          518.0,
          518.0,
          520.0,
          520.0,
          520.0,
          520.0,
          520.0,
          520.0,
          520.0,
          520.0,
          520.0,
          534.0,
          536.0,
          536.0,
          539.0,
          539.0,
          541.0,
          541.0,
          543.0,
          543.0,
          543.0,
          543.0,
          543.0,
          543.0,
          543.0,
          545.0,
          545.0,
          545.0,
          545.0,
          550.0,
          555.0,
          552.0,
          548.0,
          543.0,
          545.0,
          545.0,
          548.0,
          548.0,
          548.0,
          550.0,
          548.0,
          548.0,
          548.0,
          545.0,
          545.0,
          545.0,
          550.0,
          550.0,
          550.0,
          550.0,
          552.0,
          552.0,
          555.0,
          555.0,
          555.0,
          552.0,
          552.0,
          550.0,
          550.0,
          552.0,
          552.0,
          552.0,
          552.0,
          552.0,
          552.0,
          552.0,
          552.0,
          555.0,
          552.0,
          552.0,
          552.0,
          552.0,
          552.0,
          552.0,
          552.0,
          552.0,
          555.0,
          555.0,
          555.0,
          555.0,
          555.0,
          555.0,
          555.0,
          557.0,
          557.0,
          557.0,
          557.0,
          557.0,
          557.0,
          557.0,
          557.0,
          557.0,
          557.0,
          557.0,
          555.0,
          555.0,
          555.0,
          555.0,
          555.0,
          555.0,
          552.0,
          552.0,
          552.0,
          552.0,
          552.0,
          552.0,
          552.0,
          552.0,
          555.0,
          555.0,
          555.0,
          555.0,
          555.0,
          555.0,
          552.0,
          552.0,
          552.0,
          552.0,
          552.0,
          552.0,
          552.0,
          552.0,
          552.0,
          552.0,
          552.0,
          552.0,
          552.0,
          555.0,
          555.0,
          555.0,
          555.0,
          557.0,
          557.0,
          557.0,
          557.0,
          557.0,
          555.0,
          555.0,
          555.0,
          555.0,
          555.0,
          555.0,
          555.0,
          555.0,
          555.0,
          555.0,
          555.0,
          555.0,
          555.0,
          552.0,
          552.0,
          550.0,
          550.0,
          550.0,
          548.0,
          550.0,
          550.0,
          550.0,
          550.0,
          550.0,
          550.0,
          550.0,
          550.0,
          550.0,
          552.0,
          552.0,
          550.0,
          550.0,
          548.0,
          548.0,
          550.0,
          550.0,
          550.0,
          552.0,
          552.0,
          552.0,
          552.0,
          552.0,
          552.0,
          552.0,
          552.0,
          552.0,
          552.0,
          552.0,
          552.0,
          552.0,
          552.0,
          552.0,
          555.0,
          552.0,
          552.0,
          552.0,
          555.0,
          555.0,
          555.0,
          555.0,
          555.0,
          555.0,
          555.0,
          555.0,
          555.0,
          555.0,
          555.0,
          555.0,
          555.0,
          555.0,
          555.0,
          555.0,
          555.0,
          557.0,
          557.0,
          557.0,
          557.0,
          557.0,
          555.0,
          555.0,
          555.0,
          555.0,
          557.0,
          557.0,
          557.0,
          557.0,
          557.0,
          557.0,
          557.0,
          557.0,
          557.0,
          557.0,
          555.0,
          555.0,
          555.0,
          555.0,
          552.0,
          555.0,
          555.0,
          555.0,
          555.0,
          555.0,
          555.0,
          555.0,
          557.0,
          557.0,
          557.0,
          557.0,
          557.0,
          557.0,
          557.0,
          557.0,
          557.0,
          555.0,
          555.0,
          555.0,
          555.0,
          555.0,
          555.0,
          555.0,
          555.0,
          555.0,
          555.0,
          555.0,
          555.0,
          555.0,
          555.0,
          555.0,
          555.0,
          555.0,
          555.0,
          555.0,
          555.0,
          555.0,
          555.0,
          555.0,
          555.0,
          555.0,
          555.0,
          555.0,
          555.0,
          555.0,
          555.0,
          555.0,
          552.0,
          552.0,
          552.0,
          552.0,
          552.0,
          552.0,
          552.0,
          552.0,
          552.0,
          552.0,
          555.0,
          555.0,
          219.0,
          555.0,
          555.0,
          557.0,
          557.0,
          557.0,
          555.0,
          557.0,
          557.0,
          557.0,
          557.0,
          559.0,
          559.0,
          559.0,
          559.0,
          559.0,
          559.0,
          559.0,
          559.0,
          559.0,
          559.0,
          559.0,
          559.0,
          557.0,
          559.0,
          559.0,
          559.0,
          559.0,
          557.0,
          557.0,
          559.0,
          559.0,
          557.0,
          557.0,
          557.0,
          557.0,
          557.0,
          555.0,
          555.0,
          557.0,
          557.0,
          557.0,
          557.0,
          557.0,
          557.0,
          557.0,
          557.0,
          557.0,
          557.0,
          557.0,
          559.0,
          559.0,
          559.0,
          559.0,
          559.0,
          559.0,
          559.0,
          559.0,
          559.0,
          559.0,
          557.0,
          557.0,
          557.0,
          557.0,
          559.0,
          557.0,
          557.0,
          559.0,
          559.0,
          562.0,
          562.0,
          562.0,
          562.0,
          562.0,
          562.0,
          562.0,
          562.0,
          562.0,
          562.0,
          559.0,
          559.0,
          559.0,
          557.0,
          557.0,
          557.0,
          557.0,
          557.0,
          557.0,
          557.0,
          557.0,
          557.0,
          557.0,
          557.0,
          557.0,
          555.0,
          555.0,
          555.0,
          555.0,
          555.0,
          555.0,
          555.0,
          555.0,
          555.0,
          555.0,
          555.0,
          555.0,
          555.0,
          555.0,
          552.0,
          552.0,
          550.0,
          550.0,
          550.0,
          550.0,
          550.0,
          548.0,
          548.0,
          548.0,
          548.0,
          548.0,
          548.0,
          548.0,
          548.0,
          548.0,
          548.0,
          548.0,
          548.0,
          545.0,
          545.0,
          545.0,
          545.0,
          545.0,
          545.0,
          545.0,
          545.0,
          545.0,
          545.0,
          545.0,
          545.0,
          545.0,
          545.0,
          545.0,
          545.0,
          545.0,
          548.0,
          548.0,
          548.0,
          548.0,
          548.0,
          548.0,
          548.0,
          548.0,
          548.0,
          548.0,
          548.0,
          550.0,
          550.0,
          550.0,
          550.0,
          550.0,
          550.0,
          550.0,
          550.0,
          550.0,
          550.0,
          550.0,
          550.0,
          550.0,
          550.0,
          550.0,
          550.0,
          550.0,
          550.0,
          550.0,
          548.0,
          548.0,
          548.0,
          550.0,
          550.0,
          550.0,
          550.0,
          550.0,
          552.0,
          552.0,
          552.0,
          552.0,
          552.0,
          552.0,
          552.0,
          552.0,
          552.0,
          552.0,
          552.0,
          552.0,
          552.0,
          552.0,
          552.0,
          552.0,
          552.0,
          555.0,
          555.0,
          555.0,
          555.0,
          552.0,
          552.0,
          552.0,
          552.0,
          552.0,
          552.0,
          552.0,
          552.0,
          552.0,
          552.0,
          552.0,
          552.0,
          552.0,
          552.0,
          555.0,
          555.0,
          555.0,
          555.0,
          555.0,
          555.0,
          555.0,
          555.0,
          555.0,
          555.0,
          555.0,
          555.0,
          555.0,
          552.0,
          552.0,
          552.0,
          550.0,
          552.0,
          552.0,
          552.0,
          557.0,
          555.0,
          552.0,
          552.0,
          555.0,
          555.0,
          554.0,
          554.0,
          552.0,
          551.0,
          550.0,
          550.0,
          549.0,
          548.0,
          548.0,
          548.0,
          548.0,
          550.0,
          550.0,
          550.0,
          548.0,
          548.0,
          548.0,
          550.0,
          550.0,
          548.0,
          548.0,
          548.0,
          545.0,
          545.0,
          545.0,
          545.0,
          543.0,
          543.0,
          543.0,
          543.0,
          545.0,
          545.0,
          543.0,
          541.0,
          541.0,
          541.0,
          541.0,
          539.0,
          539.0,
          539.0,
          536.0,
          536.0,
          536.0,
          539.0,
          539.0,
          539.0,
          539.0,
          541.0,
          541.0,
          541.0,
          541.0,
          541.0,
          543.0,
          543.0,
          543.0,
          543.0,
          541.0,
          541.0,
          541.0,
          541.0,
          552.0,
          550.0,
          550.0,
          550.0,
          550.0,
          550.0,
          550.0,
          550.0,
          550.0,
          548.0,
          548.0,
          548.0,
          548.0,
          548.0,
          550.0,
          550.0,
          548.0,
          550.0,
          550.0,
          550.0,
          550.0,
          550.0,
          550.0,
          550.0,
          550.0,
          550.0,
          550.0,
          550.0,
          548.0,
          548.0,
          545.0,
          545.0,
          545.0,
          545.0,
          545.0,
          545.0,
          543.0,
          545.0,
          545.0,
          543.0,
          545.0,
          545.0,
          543.0,
          543.0,
          543.0,
          543.0,
          545.0,
          548.0,
          545.0,
          543.0,
          543.0,
          541.0,
          541.0,
          539.0,
          539.0,
          539.0,
          539.0,
          539.0,
          539.0,
          539.0,
          541.0,
          541.0,
          545.0,
          548.0,
          548.0,
          548.0,
          548.0,
          548.0,
          548.0,
          545.0,
          545.0,
          543.0,
          543.0,
          545.0,
          545.0,
          545.0,
          545.0,
          543.0,
          543.0,
          543.0,
          543.0,
          545.0,
          545.0,
          541.0,
          541.0,
          541.0,
          539.0,
          539.0,
          539.0,
          536.0,
          534.0,
          534.0,
          532.0,
          532.0,
          529.0,
          529.0,
          529.0,
          529.0,
          529.0,
          529.0,
          527.0,
          525.0,
          525.0,
          527.0,
          527.0,
          525.0,
          525.0,
          522.0,
          522.0,
          520.0,
          520.0,
          518.0,
          518.0,
          516.0,
          516.0,
          516.0,
          518.0,
          516.0,
          518.0,
          518.0,
          518.0,
          518.0,
          518.0,
          516.0,
          516.0,
          513.0,
          511.0,
          509.0,
          509.0,
          506.0,
          506.0,
          509.0,
          509.0,
          509.0,
          509.0,
          509.0,
          511.0,
          511.0,
          511.0,
          511.0,
          511.0,
          513.0,
          513.0,
          513.0,
          513.0,
          513.0,
          513.0,
          513.0,
          513.0,
          513.0,
          513.0,
          516.0,
          518.0,
          520.0,
          520.0,
          520.0,
          520.0,
          520.0,
          520.0,
          520.0,
          520.0,
          520.0,
          520.0,
          520.0,
          520.0,
          522.0,
          525.0,
          525.0,
          527.0,
          527.0,
          527.0,
          529.0,
          529.0,
          532.0,
          532.0,
          534.0,
          534.0,
          536.0,
          536.0,
          548.0,
          552.0,
          552.0,
          555.0,
          555.0,
          555.0,
          552.0,
          552.0,
          552.0,
          552.0,
          552.0,
          552.0,
          552.0,
          552.0,
          552.0,
          550.0,
          541.0,
          532.0,
          522.0,
          511.0,
          502.0,
          495.0,
          476.0,
          447.0,
          437.0,
          437.0,
          440.0,
          440.0,
          440.0,
          437.0,
          437.0,
          437.0,
          435.0,
          435.0,
          435.0,
          435.0,
          435.0,
          435.0,
          435.0,
          435.0,
          433.0,
          433.0,
          433.0,
          433.0,
          433.0,
          433.0,
          430.0,
          430.0,
          430.0,
          430.0,
          428.0,
          428.0,
          428.0,
          426.0,
          423.0,
          423.0,
          428.0,
          435.0,
          433.0,
          433.0,
          430.0,
          430.0,
          428.0,
          428.0,
          428.0,
          426.0,
          426.0,
          426.0,
          426.0,
          426.0,
          423.0,
          423.0,
          423.0,
          423.0,
          423.0,
          423.0,
          423.0,
          421.0,
          421.0,
          421.0,
          421.0,
          419.0,
          419.0,
          419.0,
          417.0,
          417.0,
          417.0,
          417.0,
          414.0,
          414.0,
          414.0,
          414.0,
          412.0,
          412.0,
          412.0,
          410.0,
          410.0,
          410.0,
          407.0,
          407.0,
          407.0,
          407.0,
          405.0,
          400.0,
          400.0,
          398.0,
          396.0,
          394.0,
          394.0,
          391.0,
          391.0,
          387.0,
          382.0,
          382.0,
          377.0,
          373.0,
          373.0,
          371.0,
          368.0,
          368.0,
          366.0,
          366.0,
          364.0,
          364.0,
          364.0,
          364.0,
          361.0,
          361.0,
          361.0,
          361.0,
          361.0,
          359.0,
          359.0,
          359.0,
          359.0,
          359.0,
          357.0,
          357.0,
          352.0,
          348.0,
          348.0,
          341.0,
          313.0,
          304.0,
          278.0,
          272.0,
          267.0,
          267.0,
          260.0,
          260.0,
          253.0,
          246.0,
          246.0,
          242.0,
          242.0,
          237.0,
          237.0,
          232.0,
          232.0,
          228.0,
          228.0,
          228.0,
          226.0,
          226.0
        ],
        "altitude_ft": [
          0,
          0,
          0,
          0,
          0,
          0,
          0,
          0,
          0,
          0,
          0,
          0,
          0,
          0,
          0,
          0,
          0,
          0,
          0,
          0,
          0,
          0,
          0,
          0,
          0,
          0,
          0,
          0,
          0,
          0,
          0,
          0,
          0,
          0,
          0,
          0,
          0,
          0,
          250,
          250,
          250,
          275,
          325,
          400,
          475,
          575,
          675,
          775,
          925,
          1025,
          1125,
          1225,
          1350,
          1450,
          1575,
          1675,
          1800,
          1875,
          1975,
          2050,
          2125,
          2200,
          2300,
          2375,
          2475,
          2550,
          2625,
          2725,
          2800,
          2900,
          2975,
          3025,
          3125,
          3200,
          3250,
          3325,
          3425,
          3500,
          3575,
          3650,
          3750,
          3850,
          3975,
          4075,
          4200,
          4325,
          4425,
          4550,
          4675,
          4775,
          4875,
          4975,
          5050,
          5150,
          5250,
          5325,
          5400,
          5500,
          5575,
          5675,
          5750,
          5850,
          5975,
          6075,
          6200,
          6325,
          6425,
          6525,
          7225,
          8125,
          8900,
          9625,
          10175,
          10275,
          10400,
          10525,
          10650,
          10750,
          10850,
          10925,
          10975,
          11050,
          11125,
          11200,
          11875,
          12475,
          13975,
          15775,
          16825,
          17700,
          19325,
          21000,
          22675,
          24275,
          25750,
          26875,
          27925,
          28950,
          30000,
          30950,
          31900,
          32700,
          33475,
          34275,
          35050,
          35800,
          36400,
          36900,
          37525,
          38125,
          38725,
          38950,
          39125,
          39325,
          39550,
          39825,
          40100,
          40350,
          40625,
          40900,
          41175,
          41500,
          41825,
          42150,
          42300,
          42450,
          42625,
          42775,
          42950,
          43125,
          43300,
          43475,
          43625,
          43800,
          43950,
          44125,
          44275,
          44400,
          44500,
          44625,
          44725,
          44850,
          45000,
          45000,
          45000,
          45000,
          45000,
          45000,
          45000,
          45000,
          45000,
          45000,
          45000,
          45000,
          45000,
          45000,
          45000,
          45000,
          45000,
          45000,
          45000,
          45000,
          45000,
          45000,
          45000,
          45000,
          45000,
          45000,
          45000,
          45000,
          45000,
          45025,
          45000,
          45000,
          45000,
          45000,
          45000,
          45000,
          45000,
          45000,
          45000,
          45000,
          45000,
          45000,
          45000,
          45000,
          45000,
          45000,
          45000,
          45000,
          45000,
          45000,
          45000,
          45000,
          45000,
          45000,
          45000,
          45000,
          45000,
          45000,
          45000,
          45000,
          45000,
          45000,
          45000,
          45000,
          45000,
          45000,
          45000,
          45000,
          45000,
          45000,
          45000,
          45000,
          45000,
          45000,
          45000,
          45000,
          45000,
          45000,
          45000,
          45000,
          45000,
          45000,
          45000,
          45000,
          45000,
          45000,
          45000,
          45000,
          45000,
          45000,
          45000,
          45000,
          45000,
          45000,
          45000,
          45000,
          45000,
          45000,
          45000,
          45000,
          45000,
          45000,
          45000,
          45000,
          45000,
          45000,
          45000,
          45000,
          45000,
          45000,
          45000,
          45000,
          45000,
          45000,
          45000,
          45000,
          45000,
          45000,
          45000,
          45000,
          45000,
          45000,
          45000,
          45000,
          45000,
          45000,
          45000,
          45000,
          45000,
          45000,
          45000,
          45000,
          45000,
          45000,
          45000,
          45000,
          45000,
          45000,
          45000,
          45000,
          45000,
          45000,
          45000,
          45000,
          45000,
          45000,
          45000,
          45000,
          45000,
          45000,
          45000,
          45000,
          45000,
          45025,
          45000,
          45000,
          45000,
          45000,
          45000,
          45000,
          45000,
          45000,
          45000,
          45000,
          45000,
          45000,
          45000,
          45000,
          45000,
          45000,
          45000,
          45000,
          45000,
          45000,
          45000,
          45000,
          45000,
          45000,
          45000,
          45000,
          45000,
          45000,
          45000,
          45000,
          45000,
          45000,
          45000,
          45000,
          45000,
          45000,
          45000,
          45000,
          45000,
          45000,
          45000,
          45000,
          45000,
          45000,
          45000,
          45000,
          45000,
          45000,
          45000,
          45000,
          45000,
          45000,
          45000,
          45000,
          45000,
          45000,
          45000,
          45000,
          45000,
          45000,
          45000,
          45000,
          45000,
          45000,
          45000,
          45000,
          45000,
          45000,
          45000,
          45000,
          45000,
          45000,
          45000,
          45000,
          45000,
          45000,
          45000,
          45000,
          45000,
          45000,
          45000,
          45000,
          45000,
          45000,
          45000,
          45000,
          45000,
          45000,
          45000,
          45000,
          45000,
          45000,
          45000,
          45000,
          45000,
          45000,
          45000,
          45000,
          45000,
          45000,
          45000,
          45000,
          45000,
          45000,
          45000,
          45000,
          45000,
          45000,
          45000,
          45000,
          45000,
          45000,
          45000,
          45000,
          45000,
          45000,
          45000,
          45000,
          45000,
          45000,
          45000,
          45000,
          45000,
          45000,
          45000,
          45000,
          45000,
          45000,
          45000,
          45000,
          45000,
          45000,
          45000,
          45000,
          45000,
          45000,
          45000,
          45000,
          45000,
          45000,
          45000,
          45000,
          45000,
          45000,
          45000,
          45000,
          45000,
          44975,
          45000,
          44975,
          45000,
          45000,
          45000,
          45000,
          45000,
          45000,
          45000,
          45000,
          45000,
          45000,
          45000,
          45000,
          45000,
          45000,
          45000,
          45000,
          45000,
          45000,
          45000,
          45000,
          45000,
          45000,
          45000,
          45000,
          45000,
          45000,
          45000,
          45000,
          45000,
          45000,
          45000,
          45000,
          45000,
          45000,
          45000,
          45000,
          45000,
          45000,
          45000,
          45000,
          45000,
          45000,
          45000,
          45000,
          45000,
          45000,
          45000,
          45000,
          45000,
          45000,
          45000,
          45000,
          45000,
          45000,
          45000,
          45000,
          45000,
          45000,
          45000,
          45000,
          45000,
          45000,
          45000,
          45000,
          45000,
          45000,
          45000,
          45000,
          45000,
          45000,
          45000,
          45000,
          45000,
          45000,
          45000,
          45000,
          45000,
          45000,
          45000,
          45000,
          45000,
          45000,
          45000,
          45000,
          45000,
          45000,
          45000,
          45000,
          45000,
          45000,
          45000,
          45000,
          45000,
          45000,
          45000,
          45000,
          45000,
          45000,
          45000,
          45000,
          45000,
          45000,
          45000,
          45000,
          45000,
          45000,
          45000,
          45000,
          45000,
          45000,
          45000,
          45000,
          45000,
          45000,
          45000,
          45000,
          45000,
          45000,
          45000,
          45000,
          45000,
          45000,
          44975,
          45000,
          45000,
          45000,
          45000,
          45000,
          45000,
          45000,
          45000,
          45000,
          45000,
          45000,
          45000,
          45000,
          45000,
          45000,
          45000,
          45000,
          45000,
          45000,
          45000,
          45000,
          45000,
          45000,
          45000,
          45000,
          45000,
          45000,
          45000,
          45000,
          45000,
          45000,
          45000,
          45000,
          45000,
          45000,
          45000,
          45000,
          45000,
          45000,
          45000,
          45000,
          45000,
          45000,
          45000,
          45000,
          45000,
          45000,
          45000,
          45000,
          45000,
          45000,
          45000,
          45000,
          45000,
          45000,
          45000,
          45000,
          45000,
          45000,
          45000,
          45000,
          45000,
          45000,
          45000,
          45000,
          45000,
          45000,
          45000,
          45000,
          45000,
          45000,
          45000,
          45000,
          45000,
          45000,
          45000,
          45000,
          45000,
          45000,
          45000,
          45000,
          45000,
          45000,
          45000,
          45000,
          45000,
          45000,
          45000,
          45000,
          45000,
          45000,
          45000,
          45000,
          45000,
          45000,
          45000,
          45000,
          45000,
          45000,
          45000,
          45000,
          45000,
          45000,
          45000,
          45000,
          45000,
          45000,
          45000,
          45000,
          45000,
          45000,
          45000,
          45000,
          45000,
          45000,
          45000,
          45000,
          45000,
          45000,
          45000,
          45000,
          45000,
          45000,
          45000,
          45000,
          45000,
          45000,
          45000,
          45000,
          45000,
          45000,
          45000,
          45000,
          45000,
          45000,
          45000,
          45000,
          45000,
          45000,
          45000,
          45000,
          45000,
          45000,
          45000,
          45000,
          45000,
          45000,
          45000,
          45000,
          45000,
          45000,
          45000,
          45000,
          45000,
          45000,
          45000,
          45000,
          45000,
          45000,
          45000,
          45000,
          45000,
          45000,
          45000,
          45000,
          45000,
          45000,
          45000,
          45000,
          45000,
          45000,
          45000,
          45000,
          45000,
          45000,
          45000,
          45000,
          45000,
          45000,
          45000,
          45000,
          45000,
          45000,
          45000,
          45000,
          45000,
          45000,
          45000,
          45000,
          45000,
          45000,
          45000,
          45000,
          45000,
          45000,
          45000,
          45000,
          45000,
          45000,
          45000,
          45000,
          45000,
          45000,
          45000,
          45000,
          45000,
          45000,
          45000,
          45000,
          45000,
          45000,
          45000,
          45000,
          45000,
          45000,
          45000,
          45000,
          45000,
          45000,
          45000,
          45000,
          45000,
          45000,
          45000,
          45000,
          45000,
          45000,
          45000,
          45000,
          45000,
          45000,
          45000,
          45000,
          45000,
          45000,
          45000,
          45000,
          45000,
          45000,
          45000,
          45000,
          45000,
          45000,
          45000,
          45000,
          45000,
          45000,
          45000,
          45000,
          44975,
          45000,
          45000,
          45000,
          45000,
          45000,
          45000,
          45000,
          45000,
          45000,
          45000,
          45000,
          45000,
          45000,
          45000,
          45000,
          45000,
          45000,
          45000,
          45000,
          45000,
          45000,
          45000,
          45000,
          45000,
          45000,
          45000,
          45000,
          45000,
          45000,
          45000,
          45000,
          45000,
          45000,
          45000,
          45000,
          45000,
          45000,
          45000,
          45000,
          45000,
          45000,
          45000,
          45000,
          45000,
          45000,
          45000,
          45000,
          45000,
          45000,
          45000,
          45000,
          45000,
          45000,
          45000,
          45000,
          45000,
          45000,
          45000,
          45000,
          45000,
          45000,
          45000,
          45000,
          45000,
          45000,
          45000,
          45000,
          45000,
          45000,
          45000,
          45000,
          45000,
          45000,
          45000,
          45000,
          45000,
          45000,
          45000,
          45000,
          45000,
          45000,
          45000,
          45000,
          45000,
          45000,
          45000,
          45000,
          45000,
          45000,
          45000,
          45000,
          45000,
          45000,
          45000,
          45000,
          45000,
          45000,
          45000,
          45000,
          45000,
          45000,
          45000,
          45000,
          45000,
          45000,
          45000,
          45000,
          45000,
          45000,
          45000,
          45000,
          45000,
          45000,
          45000,
          45000,
          45000,
          45000,
          45000,
          45000,
          45000,
          45000,
          44975,
          44975,
          44900,
          44925,
          44900,
          44900,
          44900,
          44875,
          44875,
          44900,
          44900,
          44900,
          44925,
          44925,
          44950,
          44950,
          44975,
          44975,
          45000,
          45000,
          45000,
          45000,
          45000,
          45000,
          45000,
          45000,
          45000,
          45000,
          45000,
          45000,
          45000,
          45000,
          45000,
          45000,
          45000,
          45000,
          45000,
          45000,
          45000,
          45000,
          45000,
          45000,
          45000,
          45000,
          45000,
          45000,
          45000,
          45000,
          45000,
          45000,
          45000,
          45000,
          45000,
          45000,
          45000,
          45000,
          45000,
          45000,
          45000,
          45000,
          45000,
          45000,
          45000,
          45000,
          45000,
          45000,
          45000,
          45000,
          45000,
          45000,
          45000,
          45000,
          45000,
          45000,
          45000,
          45000,
          45000,
          45000,
          45000,
          44875,
          44825,
          44750,
          44700,
          44600,
          44525,
          44475,
          44400,
          44350,
          44250,
          44150,
          44050,
          43950,
          43850,
          43775,
          43700,
          43600,
          43525,
          43425,
          43300,
          43150,
          43075,
          42925,
          42850,
          42775,
          42675,
          42600,
          42500,
          42400,
          42325,
          42225,
          42125,
          42050,
          41950,
          41875,
          41775,
          41675,
          41575,
          41500,
          41400,
          41300,
          41150,
          41025,
          40925,
          40825,
          40750,
          40675,
          40575,
          40475,
          40400,
          40300,
          40225,
          40100,
          40025,
          39950,
          39850,
          39750,
          39650,
          39575,
          39475,
          39375,
          39300,
          39200,
          39100,
          39025,
          38925,
          38850,
          38750,
          38650,
          38575,
          38475,
          38400,
          38300,
          38225,
          38125,
          38025,
          37950,
          37850,
          37800,
          37725,
          37675,
          37625,
          37575,
          37525,
          37425,
          37350,
          37275,
          37175,
          37075,
          36975,
          36775,
          36700,
          36625,
          36550,
          36450,
          36350,
          36275,
          36175,
          36075,
          36000,
          35900,
          35725,
          35500,
          35450,
          35400,
          35350,
          35300,
          35250,
          35200,
          35150,
          35125,
          35100,
          35075,
          35050,
          35050,
          35025,
          35025,
          35025,
          34275,
          33950,
          33875,
          33800,
          33700,
          33625,
          33525,
          33450,
          33350,
          33275,
          33175,
          33100,
          33000,
          32925,
          32825,
          32750,
          31450,
          30200,
          28825,
          28175,
          28100,
          28000,
          27925,
          27825,
          27750,
          27650,
          27550,
          27475,
          27375,
          27300,
          27200,
          27100,
          25725,
          24475,
          23150,
          21775,
          20500,
          19050,
          17625,
          16225,
          14800,
          14575,
          14425,
          14200,
          14025,
          13925,
          13825,
          13725,
          13550,
          13300,
          13225,
          13125,
          13025,
          12925,
          12850,
          12750,
          12225,
          12075,
          12025,
          11925,
          11875,
          11800,
          11675,
          11575,
          11500,
          11425,
          11350,
          11275,
          11100,
          11025,
          10950,
          10875,
          10800,
          10625,
          10550,
          10175,
          10025,
          9825,
          9750,
          9600,
          9525,
          9400,
          9275,
          9225,
          9100,
          9025,
          8925,
          8850,
          8800,
          8725,
          8650,
          8600,
          8525,
          8450,
          8400,
          8300,
          8225,
          8125,
          8075,
          8000,
          7925,
          7825,
          7750,
          7625,
          7575,
          7500,
          7425,
          7350,
          7275,
          7150,
          7075,
          6975,
          6850,
          6725,
          6675,
          6600,
          6550,
          6500,
          6425,
          6375,
          6325,
          6225,
          6150,
          6075,
          6025,
          5975,
          5950,
          5925,
          5900,
          5900,
          5875,
          5875,
          5850,
          5775,
          5725,
          5675,
          5525,
          5500,
          5450,
          5375,
          5300,
          5225,
          5175,
          5125,
          5025,
          4975,
          4925,
          4875,
          4800,
          4750,
          4675,
          4625,
          4550,
          4500,
          4425,
          4350,
          4275,
          4200,
          3775,
          3725,
          3325,
          3150,
          3100,
          3050,
          3000,
          2975,
          2950,
          2925,
          2900,
          2925,
          2925,
          2925,
          2900,
          2900,
          2900,
          2900,
          2875,
          2875,
          2875,
          2875
        ],
        "vertical_rate_fpm": [
          0.0,
          0.0,
          0.0,
          0.0,
          0.0,
          0.0,
          0.0,
          0.0,
          0.0,
          0.0,
          0.0,
          0.0,
          0.0,
          0.0,
          0.0,
          0.0,
          0.0,
          0.0,
          0.0,
          0.0,
          0.0,
          0.0,
          0.0,
          0.0,
          0.0,
          0.0,
          0.0,
          0.0,
          0.0,
          0.0,
          0.0,
          0.0,
          0.0,
          0.0,
          0.0,
          0.0,
          0.0,
          0.0,
          0.0,
          0.0,
          0.0,
          0.0,
          0.0,
          0.0,
          0.0,
          0.0,
          0.0,
          0.0,
          0.0,
          0.0,
          0.0,
          0.0,
          0.0,
          0.0,
          0.0,
          0.0,
          0.0,
          0.0,
          0.0,
          0.0,
          0.0,
          0.0,
          0.0,
          0.0,
          0.0,
          0.0,
          0.0,
          0.0,
          0.0,
          0.0,
          0.0,
          0.0,
          0.0,
          0.0,
          0.0,
          0.0,
          0.0,
          0.0,
          0.0,
          0.0,
          0.0,
          0.0,
          0.0,
          0.0,
          0.0,
          0.0,
          0.0,
          0.0,
          0.0,
          0.0,
          0.0,
          0.0,
          0.0,
          0.0,
          0.0,
          0.0,
          0.0,
          0.0,
          0.0,
          0.0,
          0.0,
          0.0,
          0.0,
          0.0,
          0.0,
          0.0,
          0.0,
          0.0,
          0.0,
          0.0,
          0.0,
          0.0,
          0.0,
          0.0,
          0.0,
          0.0,
          0.0,
          0.0,
          0.0,
          0.0,
          0.0,
          0.0,
          0.0,
          0.0,
          0.0,
          0.0,
          0.0,
          0.0,
          0.0,
          0.0,
          0.0,
          0.0,
          0.0,
          0.0,
          0.0,
          0.0,
          0.0,
          0.0,
          0.0,
          0.0,
          0.0,
          0.0,
          0.0,
          0.0,
          0.0,
          0.0,
          0.0,
          0.0,
          0.0,
          0.0,
          0.0,
          0.0,
          0.0,
          0.0,
          0.0,
          0.0,
          0.0,
          0.0,
          0.0,
          0.0,
          0.0,
          0.0,
          0.0,
          0.0,
          0.0,
          0.0,
          0.0,
          0.0,
          0.0,
          0.0,
          0.0,
          0.0,
          0.0,
          0.0,
          0.0,
          0.0,
          0.0,
          0.0,
          0.0,
          0.0,
          0.0,
          0.0,
          0.0,
          0.0,
          0.0,
          0.0,
          0.0,
          0.0,
          0.0,
          0.0,
          0.0,
          0.0,
          0.0,
          0.0,
          0.0,
          0.0,
          0.0,
          0.0,
          0.0,
          0.0,
          0.0,
          0.0,
          0.0,
          0.0,
          0.0,
          0.0,
          0.0,
          0.0,
          0.0,
          0.0,
          0.0,
          0.0,
          0.0,
          0.0,
          0.0,
          0.0,
          0.0,
          0.0,
          0.0,
          0.0,
          0.0,
          0.0,
          0.0,
          0.0,
          0.0,
          0.0,
          0.0,
          0.0,
          0.0,
          0.0,
          0.0,
          0.0,
          0.0,
          0.0,
          0.0,
          0.0,
          0.0,
          0.0,
          0.0,
          0.0,
          0.0,
          0.0,
          0.0,
          0.0,
          0.0,
          0.0,
          0.0,
          0.0,
          0.0,
          0.0,
          0.0,
          0.0,
          0.0,
          0.0,
          0.0,
          0.0,
          0.0,
          0.0,
          0.0,
          0.0,
          0.0,
          0.0,
          0.0,
          0.0,
          0.0,
          0.0,
          0.0,
          0.0,
          0.0,
          0.0,
          0.0,
          0.0,
          0.0,
          0.0,
          0.0,
          0.0,
          0.0,
          0.0,
          0.0,
          0.0,
          0.0,
          0.0,
          0.0,
          0.0,
          0.0,
          0.0,
          0.0,
          0.0,
          0.0,
          0.0,
          0.0,
          0.0,
          0.0,
          0.0,
          0.0,
          0.0,
          0.0,
          0.0,
          0.0,
          0.0,
          0.0,
          0.0,
          0.0,
          0.0,
          0.0,
          0.0,
          0.0,
          0.0,
          0.0,
          0.0,
          0.0,
          0.0,
          0.0,
          0.0,
          0.0,
          0.0,
          0.0,
          0.0,
          0.0,
          0.0,
          0.0,
          0.0,
          0.0,
          0.0,
          0.0,
          0.0,
          0.0,
          0.0,
          0.0,
          0.0,
          0.0,
          0.0,
          0.0,
          0.0,
          0.0,
          0.0,
          0.0,
          0.0,
          0.0,
          0.0,
          0.0,
          0.0,
          0.0,
          0.0,
          0.0,
          0.0,
          0.0,
          0.0,
          0.0,
          0.0,
          0.0,
          0.0,
          0.0,
          0.0,
          0.0,
          0.0,
          0.0,
          0.0,
          0.0,
          0.0,
          0.0,
          0.0,
          0.0,
          0.0,
          0.0,
          0.0,
          0.0,
          0.0,
          0.0,
          0.0,
          0.0,
          0.0,
          0.0,
          0.0,
          0.0,
          0.0,
          0.0,
          0.0,
          0.0,
          0.0,
          0.0,
          0.0,
          0.0,
          0.0,
          0.0,
          0.0,
          0.0,
          0.0,
          0.0,
          0.0,
          0.0,
          0.0,
          0.0,
          0.0,
          0.0,
          0.0,
          0.0,
          0.0,
          0.0,
          0.0,
          0.0,
          0.0,
          0.0,
          0.0,
          0.0,
          0.0,
          0.0,
          0.0,
          0.0,
          0.0,
          0.0,
          0.0,
          0.0,
          0.0,
          0.0,
          0.0,
          0.0,
          0.0,
          0.0,
          0.0,
          0.0,
          0.0,
          0.0,
          0.0,
          0.0,
          0.0,
          0.0,
          0.0,
          0.0,
          0.0,
          0.0,
          0.0,
          0.0,
          0.0,
          0.0,
          0.0,
          0.0,
          0.0,
          0.0,
          0.0,
          0.0,
          0.0,
          0.0,
          0.0,
          0.0,
          0.0,
          0.0,
          0.0,
          0.0,
          0.0,
          0.0,
          0.0,
          0.0,
          0.0,
          0.0,
          0.0,
          0.0,
          0.0,
          0.0,
          0.0,
          0.0,
          0.0,
          0.0,
          0.0,
          0.0,
          0.0,
          0.0,
          0.0,
          0.0,
          0.0,
          0.0,
          0.0,
          0.0,
          0.0,
          0.0,
          0.0,
          0.0,
          0.0,
          0.0,
          0.0,
          0.0,
          0.0,
          0.0,
          0.0,
          0.0,
          0.0,
          0.0,
          0.0,
          0.0,
          0.0,
          0.0,
          0.0,
          0.0,
          0.0,
          0.0,
          0.0,
          0.0,
          0.0,
          0.0,
          0.0,
          0.0,
          0.0,
          0.0,
          0.0,
          0.0,
          0.0,
          0.0,
          0.0,
          0.0,
          0.0,
          0.0,
          0.0,
          0.0,
          0.0,
          0.0,
          0.0,
          0.0,
          0.0,
          0.0,
          0.0,
          0.0,
          0.0,
          0.0,
          0.0,
          0.0,
          0.0,
          0.0,
          0.0,
          0.0,
          0.0,
          0.0,
          0.0,
          0.0,
          0.0,
          0.0,
          0.0,
          0.0,
          0.0,
          0.0,
          0.0,
          0.0,
          0.0,
          0.0,
          0.0,
          0.0,
          0.0,
          0.0,
          0.0,
          0.0,
          0.0,
          0.0,
          0.0,
          0.0,
          0.0,
          0.0,
          0.0,
          0.0,
          0.0,
          0.0,
          0.0,
          0.0,
          0.0,
          0.0,
          0.0,
          0.0,
          0.0,
          0.0,
          0.0,
          0.0,
          0.0,
          0.0,
          0.0,
          0.0,
          0.0,
          0.0,
          0.0,
          0.0,
          0.0,
          0.0,
          0.0,
          0.0,
          0.0,
          0.0,
          0.0,
          0.0,
          0.0,
          0.0,
          0.0,
          0.0,
          0.0,
          0.0,
          0.0,
          0.0,
          0.0,
          0.0,
          0.0,
          0.0,
          0.0,
          0.0,
          0.0,
          0.0,
          0.0,
          0.0,
          0.0,
          0.0,
          0.0,
          0.0,
          0.0,
          0.0,
          0.0,
          0.0,
          0.0,
          0.0,
          0.0,
          0.0,
          0.0,
          0.0,
          0.0,
          0.0,
          0.0,
          0.0,
          0.0,
          0.0,
          0.0,
          0.0,
          0.0,
          0.0,
          0.0,
          0.0,
          0.0,
          0.0,
          0.0,
          0.0,
          0.0,
          0.0,
          0.0,
          0.0,
          0.0,
          0.0,
          0.0,
          0.0,
          0.0,
          0.0,
          0.0,
          0.0,
          0.0,
          0.0,
          0.0,
          0.0,
          0.0,
          0.0,
          0.0,
          0.0,
          0.0,
          0.0,
          0.0,
          0.0,
          0.0,
          0.0,
          0.0,
          0.0,
          0.0,
          0.0,
          0.0,
          0.0,
          0.0,
          0.0,
          0.0,
          0.0,
          0.0,
          0.0,
          0.0,
          0.0,
          0.0,
          0.0,
          0.0,
          0.0,
          0.0,
          0.0,
          0.0,
          0.0,
          0.0,
          0.0,
          0.0,
          0.0,
          0.0,
          0.0,
          0.0,
          0.0,
          0.0,
          0.0,
          0.0,
          0.0,
          0.0,
          0.0,
          0.0,
          0.0,
          0.0,
          0.0,
          0.0,
          0.0,
          0.0,
          0.0,
          0.0,
          0.0,
          0.0,
          0.0,
          0.0,
          0.0,
          0.0,
          0.0,
          0.0,
          0.0,
          0.0,
          0.0,
          0.0,
          0.0,
          0.0,
          0.0,
          0.0,
          0.0,
          0.0,
          0.0,
          0.0,
          0.0,
          0.0,
          0.0,
          0.0,
          0.0,
          0.0,
          0.0,
          0.0,
          0.0,
          0.0,
          0.0,
          0.0,
          0.0,
          0.0,
          0.0,
          0.0,
          0.0,
          0.0,
          0.0,
          0.0,
          0.0,
          0.0,
          0.0,
          0.0,
          0.0,
          0.0,
          0.0,
          0.0,
          0.0,
          0.0,
          0.0,
          0.0,
          0.0,
          0.0,
          0.0,
          0.0,
          0.0,
          0.0,
          0.0,
          0.0,
          0.0,
          0.0,
          0.0,
          0.0,
          0.0,
          0.0,
          0.0,
          0.0,
          0.0,
          0.0,
          0.0,
          0.0,
          0.0,
          0.0,
          0.0,
          0.0,
          0.0,
          0.0,
          0.0,
          0.0,
          0.0,
          0.0,
          0.0,
          0.0,
          0.0,
          0.0,
          0.0,
          0.0,
          0.0,
          0.0,
          0.0,
          0.0,
          0.0,
          0.0,
          0.0,
          0.0,
          0.0,
          0.0,
          0.0,
          0.0,
          0.0,
          0.0,
          0.0,
          0.0,
          0.0,
          0.0,
          0.0,
          0.0,
          0.0,
          0.0,
          0.0,
          0.0,
          0.0,
          0.0,
          0.0,
          0.0,
          0.0,
          0.0,
          0.0,
          0.0,
          0.0,
          0.0,
          0.0,
          0.0,
          0.0,
          0.0,
          0.0,
          0.0,
          0.0,
          0.0,
          0.0,
          0.0,
          0.0,
          0.0,
          0.0,
          0.0,
          0.0,
          0.0,
          0.0,
          0.0,
          0.0,
          0.0,
          0.0,
          0.0,
          0.0,
          0.0,
          0.0,
          0.0,
          0.0,
          0.0,
          0.0,
          0.0,
          0.0,
          0.0,
          0.0,
          0.0,
          0.0,
          0.0,
          0.0,
          0.0,
          0.0,
          0.0,
          0.0,
          0.0,
          0.0,
          0.0,
          0.0,
          0.0,
          0.0,
          0.0,
          0.0,
          0.0,
          0.0,
          0.0,
          0.0,
          0.0,
          0.0,
          0.0,
          0.0,
          0.0,
          0.0,
          0.0,
          0.0,
          0.0,
          0.0,
          0.0,
          0.0,
          0.0,
          0.0,
          0.0,
          0.0,
          0.0,
          0.0,
          0.0,
          0.0,
          0.0,
          0.0,
          0.0,
          0.0,
          0.0,
          0.0,
          0.0,
          0.0,
          0.0,
          0.0,
          0.0,
          0.0,
          0.0,
          0.0,
          0.0,
          0.0,
          0.0,
          0.0,
          0.0,
          0.0,
          0.0,
          0.0,
          0.0,
          0.0,
          0.0,
          0.0,
          0.0,
          0.0,
          0.0,
          0.0,
          0.0,
          0.0,
          0.0,
          0.0,
          0.0,
          0.0,
          0.0,
          0.0,
          0.0,
          0.0,
          0.0,
          0.0,
          0.0,
          0.0,
          0.0,
          0.0,
          0.0,
          0.0,
          0.0,
          0.0,
          0.0,
          0.0,
          0.0,
          0.0,
          0.0,
          0.0,
          0.0,
          0.0,
          0.0,
          0.0,
          0.0,
          0.0,
          0.0,
          0.0,
          0.0,
          0.0,
          0.0,
          0.0,
          0.0,
          0.0,
          0.0,
          0.0,
          0.0,
          0.0,
          0.0,
          0.0,
          0.0,
          0.0,
          0.0,
          0.0,
          0.0,
          0.0,
          0.0,
          0.0,
          0.0,
          0.0,
          0.0,
          0.0,
          0.0,
          0.0,
          0.0,
          0.0,
          0.0,
          0.0,
          0.0,
          0.0,
          0.0,
          0.0,
          0.0,
          0.0,
          0.0,
          0.0,
          0.0,
          0.0,
          0.0,
          0.0,
          0.0,
          0.0,
          0.0,
          0.0,
          0.0,
          0.0,
          0.0,
          0.0,
          0.0,
          0.0,
          0.0,
          0.0,
          0.0,
          0.0,
          0.0,
          0.0,
          0.0,
          0.0,
          0.0,
          0.0,
          0.0,
          0.0,
          0.0,
          0.0,
          0.0,
          0.0,
          0.0,
          0.0,
          0.0,
          0.0,
          0.0,
          0.0,
          0.0,
          0.0,
          0.0,
          0.0,
          0.0,
          0.0,
          0.0,
          0.0,
          0.0,
          0.0,
          0.0,
          0.0,
          0.0,
          0.0,
          0.0,
          0.0,
          0.0,
          0.0,
          0.0,
          0.0,
          0.0,
          0.0,
          0.0,
          0.0,
          0.0,
          0.0,
          0.0,
          0.0,
          0.0,
          0.0,
          0.0,
          0.0,
          0.0,
          0.0,
          0.0,
          0.0,
          0.0,
          0.0,
          0.0,
          0.0,
          0.0,
          0.0,
          0.0,
          0.0,
          0.0,
          0.0,
          0.0,
          0.0,
          0.0,
          0.0,
          0.0,
          0.0,
          0.0,
          0.0,
          0.0,
          0.0,
          0.0,
          0.0,
          0.0,
          0.0,
          0.0,
          0.0,
          0.0,
          0.0,
          0.0,
          0.0,
          0.0,
          0.0,
          0.0,
          0.0,
          0.0,
          0.0,
          0.0,
          0.0,
          0.0,
          0.0,
          0.0,
          0.0,
          0.0,
          0.0,
          0.0,
          0.0,
          0.0,
          0.0,
          0.0,
          0.0,
          0.0,
          0.0,
          0.0,
          0.0,
          0.0,
          0.0,
          0.0,
          0.0,
          0.0,
          0.0,
          0.0,
          0.0,
          0.0,
          0.0,
          0.0,
          0.0,
          0.0,
          0.0,
          0.0,
          0.0,
          0.0,
          0.0,
          0.0,
          0.0,
          0.0,
          0.0,
          0.0,
          0.0,
          0.0,
          0.0,
          0.0,
          0.0,
          0.0,
          0.0,
          0.0,
          0.0,
          0.0,
          0.0,
          0.0,
          0.0,
          0.0,
          0.0,
          0.0,
          0.0,
          0.0,
          0.0,
          0.0,
          0.0,
          0.0,
          0.0,
          0.0,
          0.0,
          0.0,
          0.0,
          0.0,
          0.0,
          0.0,
          0.0,
          0.0,
          0.0,
          0.0,
          0.0,
          0.0,
          0.0,
          0.0,
          0.0,
          0.0,
          0.0,
          0.0,
          0.0,
          0.0,
          0.0,
          0.0,
          0.0,
          0.0,
          0.0,
          0.0,
          0.0,
          0.0,
          0.0,
          0.0,
          0.0,
          0.0,
          0.0,
          0.0,
          0.0,
          0.0,
          0.0,
          0.0,
          0.0,
          0.0,
          0.0,
          0.0,
          0.0,
          0.0,
          0.0,
          0.0,
          0.0,
          0.0,
          0.0,
          0.0,
          0.0,
          0.0,
          0.0,
          0.0,
          0.0,
          0.0,
          0.0,
          0.0,
          0.0,
          0.0,
          0.0,
          0.0,
          0.0,
          0.0,
          0.0,
          0.0,
          0.0,
          0.0,
          0.0,
          0.0,
          0.0,
          0.0,
          0.0,
          0.0,
          0.0,
          0.0,
          0.0,
          0.0,
          0.0,
          0.0,
          0.0,
          0.0,
          0.0,
          0.0,
          0.0,
          0.0,
          0.0,
          0.0,
          0.0,
          0.0,
          0.0,
          0.0,
          0.0,
          0.0,
          0.0,
          0.0,
          0.0,
          0.0,
          0.0,
          0.0,
          0.0,
          0.0,
          0.0,
          0.0,
          0.0,
          0.0,
          0.0,
          0.0,
          0.0,
          0.0,
          0.0,
          0.0,
          0.0,
          0.0,
          0.0,
          0.0,
          0.0,
          0.0,
          0.0,
          0.0,
          0.0,
          0.0,
          0.0,
          0.0,
          0.0,
          0.0,
          0.0,
          0.0,
          0.0,
          0.0,
          0.0,
          0.0,
          0.0,
          0.0,
          0.0,
          0.0,
          0.0,
          0.0,
          0.0,
          0.0,
          0.0,
          0.0,
          0.0,
          0.0,
          0.0,
          0.0,
          0.0,
          0.0,
          0.0,
          0.0,
          0.0,
          0.0,
          0.0,
          0.0,
          0.0,
          0.0,
          0.0,
          0.0,
          0.0,
          0.0,
          0.0,
          0.0,
          0.0,
          0.0,
          0.0,
          0.0,
          0.0,
          0.0,
          0.0,
          0.0,
          0.0,
          0.0,
          0.0,
          0.0,
          0.0,
          0.0,
          0.0,
          0.0,
          0.0,
          0.0,
          0.0,
          0.0,
          0.0
        ]
      }
    }
  ]
}