{
  "type": "FeatureCollection",
  "features": [
    {
      "type": "Feature",
      "geometry": {
        "type": "LineString",
        "coordinates": [
          [
            8.5401,
            50.0342
          ],
          [
            8.5217,
            50.03
          ],
          [
            8.5051,
            50.0275
          ],
          [
            8.4846,
            50.0278
          ],
          [
            8.4653,
            50.029
          ],
          [
            8.444,
            50.03
          ],
          [
            8.4239,
            50.0283
          ],
          [
            8.3997,
            50.0255
          ],
          [
            8.3726,
            50.0221
          ],
          [
            8.3469,
            50.019
          ],
          [
            8.3166,
            50.0153
          ],
          [
            8.285,
            50.0132
          ],
          [
            8.2622,
            50.0173
          ],
          [
            8.2282,
            50.0292
          ],
          [
            8.1931,
            50.0551
          ],
          [
            8.1548,
            50.085
          ],
          [
            8.1174,
            50.1138
          ],
          [
            8.0765,
            50.1449
          ],
          [
            8.0301,
            50.1804
          ],
          [
            7.9819,
            50.2171
          ],
          [
            7.9309,
            50.2559
          ],
          [
            7.8791,
            50.2953
          ],
          [
            7.8247,
            50.3365
          ],
          [
            7.769,
            50.3786
          ],
          [
            7.7128,
            50.421
          ],
          [
            7.6571,
            50.4629
          ],
          [
            7.6039,
            50.5027
          ],
          [
            7.5344,
            50.5553
          ],
          [
            7.5038,
            50.5835
          ],
          [
            7.4695,
            50.6173
          ],
          [
            7.4196,
            50.666
          ],
          [
            7.3683,
            50.7155
          ],
          [
            7.3338,
            50.7426
          ],
          [
            7.2484,
            50.7967
          ],
          [
            7.1983,
            50.8284
          ],
          [
            7.1306,
            50.8711
          ],
          [
            7.0752,
            50.9059
          ],
          [
            7.0081,
            50.948
          ],
          [
            6.916,
            51.0057
          ],
          [
            6.844,
            51.0505
          ],
          [
            6.777,
            51.0921
          ],
          [
            6.6899,
            51.1461
          ],
          [
            6.5922,
            51.2063
          ],
          [
            6.5222,
            51.2493
          ],
          [
            6.453,
            51.2918
          ],
          [
            6.3191,
            51.3735
          ],
          [
            6.2483,
            51.4166
          ],
          [
            6.1886,
            51.4528
          ],
          [
            6.1426,
            51.4806
          ],
          [
            6.0772,
            51.5201
          ],
          [
            6.0056,
            51.5631
          ],
          [
            5.932,
            51.6073
          ],
          [
            5.8707,
            51.644
          ],
          [
            5.7954,
            51.6889
          ],
          [
            5.7245,
            51.7312
          ],
          [
            5.6312,
            51.7865
          ],
          [
            5.5881,
            51.812
          ],
          [
            5.5498,
            51.8346
          ],
          [
            5.4779,
            51.8769
          ],
          [
            5.4032,
            51.9208
          ],
          [
            5.3338,
            51.9614
          ],
          [
            5.2593,
            52.005
          ],
          [
            5.1895,
            52.0456
          ],
          [
            5.1174,
            52.0875
          ],
          [
            5.045,
            52.1294
          ],
          [
            4.9716,
            52.1717
          ],
          [
            4.8968,
            52.2148
          ],
          [
            4.8243,
            52.2565
          ],
          [
            4.7498,
            52.2991
          ],
          [
            4.6765,
            52.3409
          ],
          [
            4.6022,
            52.383
          ],
          [
            4.5282,
            52.425
          ],
          [
            4.4525,
            52.4678
          ],
          [
            4.3772,
            52.5103
          ],
          [
            4.3035,
            52.5516
          ],
          [
            4.2337,
            52.5906
          ],
          [
            4.1598,
            52.632
          ],
          [
            4.0847,
            52.6738
          ],
          [
            4.0115,
            52.7144
          ],
          [
            3.9354,
            52.7565
          ],
          [
            3.8629,
            52.7966
          ],
          [
            3.7869,
            52.8383
          ],
          [
            3.7131,
            52.8789
          ],
          [
            3.6375,
            52.9201
          ],
          [
            3.5812,
            52.9503
          ],
          [
            3.5372,
            52.9681
          ],
          [
            3.4804,
            52.9836
          ],
          [
            3.3401,
            53.0078
          ],
          [
            3.247,
            53.0233
          ],
          [
            3.1561,
            53.0384
          ],
          [
            3.0589,
            53.0544
          ],
          [
            2.9664,
            53.0695
          ],
          [
            2.871,
            53.0851
          ],
          [
            2.7777,
            53.1003
          ],
          [
            2.6851,
            53.1152
          ],
          [
            2.5922,
            53.1301
          ],
          [
            2.4965,
            53.1453
          ],
          [
            2.3988,
            53.1608
          ],
          [
            2.3093,
            53.1749
          ],
          [
            2.2165,
            53.1894
          ],
          [
            2.1221,
            53.2041
          ],
          [
            2.0278,
            53.2186
          ],
          [
            1.9341,
            53.2331
          ],
          [
            1.8396,
            53.2476
          ],
          [
            1.7444,
            53.262
          ],
          [
            1.6516,
            53.2761
          ],
          [
            1.5577,
            53.2902
          ],
          [
            1.4627,
            53.3044
          ],
          [
            1.3663,
            53.3187
          ],
          [
            1.2739,
            53.3323
          ],
          [
            1.1803,
            53.346
          ],
          [
            1.1035,
            53.3573
          ],
          [
            1.0096,
            53.3709
          ],
          [
            0.9186,
            53.384
          ],
          [
            0.8259,
            53.3973
          ],
          [
            0.7341,
            53.4104
          ],
          [
            0.6422,
            53.4234
          ],
          [
            0.55,
            53.4364
          ],
          [
            0.4588,
            53.4492
          ],
          [
            0.3692,
            53.4617
          ],
          [
            0.2753,
            53.4746
          ],
          [
            0.1834,
            53.4873
          ],
          [
            0.0935,
            53.4995
          ],
          [
            0.0012,
            53.5121
          ],
          [
            -0.0913,
            53.5246
          ],
          [
            -0.1814,
            53.5366
          ],
          [
            -0.2744,
            53.549
          ],
          [
            -0.448,
            53.572
          ],
          [
            -0.5458,
            53.5848
          ],
          [
            -0.6352,
            53.5964
          ],
          [
            -0.7367,
            53.6095
          ],
          [
            -0.8305,
            53.6216
          ],
          [
            -0.917,
            53.6326
          ],
          [
            -1.0097,
            53.6443
          ],
          [
            -1.1026,
            53.656
          ],
          [
            -1.1952,
            53.6675
          ],
          [
            -1.2855,
            53.6782
          ],
          [
            -1.3457,
            53.6818
          ],
          [
            -1.4163,
            53.6838
          ],
          [
            -1.4683,
            53.6853
          ],
          [
            -1.5437,
            53.6874
          ],
          [
            -1.6309,
            53.6897
          ],
          [
            -1.718,
            53.6921
          ],
          [
            -1.8146,
            53.6948
          ],
          [
            -1.9022,
            53.6973
          ],
          [
            -1.9946,
            53.6998
          ],
          [
            -2.0832,
            53.7021
          ],
          [
            -2.1464,
            53.7038
          ],
          [
            -2.2387,
            53.7065
          ],
          [
            -2.3259,
            53.7092
          ],
          [
            -2.42,
            53.7124
          ],
          [
            -2.5111,
            53.7156
          ],
          [
            -2.6041,
            53.719
          ],
          [
            -2.6686,
            53.7216
          ],
          [
            -2.7569,
            53.7253
          ],
          [
            -2.8383,
            53.7291
          ],
          [
            -2.913,
            53.7386
          ],
          [
            -3.0083,
            53.7545
          ],
          [
            -3.1006,
            53.7702
          ],
          [
            -3.1913,
            53.7857
          ],
          [
            -3.2819,
            53.8013
          ],
          [
            -3.3723,
            53.8168
          ],
          [
            -3.4661,
            53.833
          ],
          [
            -3.5537,
            53.8484
          ],
          [
            -3.6478,
            53.8651
          ],
          [
            -3.7055,
            53.8761
          ],
          [
            -3.7663,
            53.892
          ],
          [
            -3.88,
            53.931
          ],
          [
            -3.9311,
            53.9488
          ],
          [
            -4.0493,
            53.99
          ],
          [
            -4.1385,
            54.0209
          ],
          [
            -4.2242,
            54.0505
          ],
          [
            -4.3096,
            54.0799
          ],
          [
            -4.3946,
            54.1091
          ],
          [
            -4.4828,
            54.1393
          ],
          [
            -4.5702,
            54.1691
          ],
          [
            -4.6591,
            54.1993
          ],
          [
            -4.7478,
            54.2294
          ],
          [
            -4.8349,
            54.2588
          ],
          [
            -4.9215,
            54.2879
          ],
          [
            -5.0119,
            54.3182
          ],
          [
            -5.0997,
            54.3474
          ],
          [
            -5.1869,
            54.3764
          ],
          [
            -5.275,
            54.4056
          ],
          [
            -5.3851,
            54.442
          ],
          [
            -5.4667,
            54.4688
          ],
          [
            -5.5552,
            54.4978
          ],
          [
            -5.6447,
            54.527
          ],
          [
            -5.7344,
            54.5562
          ],
          [
            -5.8195,
            54.5837
          ],
          [
            -5.9086,
            54.6125
          ],
          [
            -5.9964,
            54.6407
          ],
          [
            -6.0871,
            54.6698
          ],
          [
            -6.201,
            54.7061
          ],
          [
            -6.2689,
            54.7277
          ],
          [
            -6.358,
            54.7559
          ],
          [
            -6.4477,
            54.7843
          ],
          [
            -6.5373,
            54.8125
          ],
          [
            -6.6295,
            54.8413
          ],
          [
            -6.7193,
            54.8693
          ],
          [
            -6.8085,
            54.8971
          ],
          [
            -6.8989,
            54.9251
          ],
          [
            -6.9878,
            54.9525
          ],
          [
            -7.0792,
            54.9806
          ],
          [
            -7.1701,
            55.0084
          ],
          [
            -7.2605,
            55.036
          ],
          [
            -7.3503,
            55.0633
          ],
          [
            -7.4393,
            55.0903
          ],
          [
            -7.5336,
            55.1187
          ],
          [
            -7.6509,
            55.1539
          ],
          [
            -7.7411,
            55.1808
          ],
          [
            -7.8316,
            55.2079
          ],
          [
            -7.9286,
            55.2366
          ],
          [
            -8.0212,
            55.264
          ],
          [
            -8.1158,
            55.2918
          ],
          [
            -8.2089,
            55.3191
          ],
          [
            -8.3033,
            55.3467
          ],
          [
            -8.3971,
            55.374
          ],
          [
            -8.4904,
            55.401
          ],
          [
            -8.5722,
            55.4246
          ],
          [
            -8.6686,
            55.4522
          ],
          [
            -8.7207,
            55.4672
          ],
          [
            -8.8139,
            55.4938
          ],
          [
            -8.9062,
            55.5201
          ],
          [
            -9.0019,
            55.5471
          ],
          [
            -9.0997,
            55.5748
          ],
          [
            -9.1975,
            55.6023
          ],
          [
            -9.2913,
            55.6285
          ],
          [
            -9.3878,
            55.6553
          ],
          [
            -9.487,
            55.6829
          ],
          [
            -9.5905,
            55.7114
          ],
          [
            -9.7011,
            55.7418
          ],
          [
            -9.8424,
            55.7805
          ],
          [
            -9.9324,
            55.805
          ],
          [
            -10.0429,
            55.8349
          ],
          [
            -10.1453,
            55.8615
          ],
          [
            -10.2066,
            55.8762
          ],
          [
            -10.3508,
            55.9016
          ],
          [
            -10.4616,
            55.92
          ],
          [
            -10.5315,
            55.9314
          ],
          [
            -10.6357,
            55.9472
          ],
          [
            -10.7037,
            55.9573
          ],
          [
            -10.8001,
            55.9709
          ],
          [
            -10.9175,
            55.9875
          ],
          [
            -11.0164,
            56.0036
          ],
          [
            -11.1255,
            56.0305
          ],
          [
            -11.2276,
            56.0583
          ],
          [
            -11.3308,
            56.0861
          ],
          [
            -11.4342,
            56.1139
          ],
          [
            -11.5394,
            56.1422
          ],
          [
            -11.6418,
            56.1696
          ],
          [
            -11.7466,
            56.1975
          ],
          [
            -11.8494,
            56.2247
          ],
          [
            -11.9515,
            56.2516
          ],
          [
            -12.0674,
            56.2819
          ],
          [
            -12.1979,
            56.316
          ],
          [
            -12.3229,
            56.3484
          ],
          [
            -20.0,
            58.0
          ],
          [
            -52.8333,
            55.25
          ],
          [
            -53.0167,
            55.2167
          ],
          [
            -53.2,
            55.15
          ],
          [
            -53.35,
            55.1
          ],
          [
            -53.5333,
            55.0667
          ],
          [
            -53.7333,
            55.0
          ],
          [
            -53.9167,
            54.95
          ],
          [
            -54.163,
            54.9025
          ],
          [
            -54.2972,
            54.8638
          ],
          [
            -54.5,
            54.8167
          ],
          [
            -54.7,
            54.7667
          ],
          [
            -54.7442,
            54.7329
          ],
          [
            -54.8941,
            54.6884
          ],
          [
            -55.2167,
            54.6167
          ],
          [
            -55.3208,
            54.5603
          ],
          [
            -55.4178,
            54.5309
          ],
          [
            -55.5067,
            54.5038
          ],
          [
            -55.6036,
            54.4741
          ],
          [
            -55.6919,
            54.447
          ],
          [
            -55.8526,
            54.3974
          ],
          [
            -55.9963,
            54.3527
          ],
          [
            -56.1269,
            54.3119
          ],
          [
            -56.2221,
            54.282
          ],
          [
            -56.3097,
            54.2544
          ],
          [
            -56.3968,
            54.2269
          ],
          [
            -56.4866,
            54.1983
          ],
          [
            -56.5721,
            54.1712
          ],
          [
            -56.6615,
            54.1426
          ],
          [
            -56.7488,
            54.1146
          ],
          [
            -56.8351,
            54.0868
          ],
          [
            -56.9222,
            54.0586
          ],
          [
            -57.0087,
            54.0306
          ],
          [
            -57.1052,
            53.9969
          ],
          [
            -57.2117,
            53.9595
          ],
          [
            -57.3029,
            53.9274
          ],
          [
            -57.3871,
            53.8978
          ],
          [
            -57.4751,
            53.8668
          ],
          [
            -57.5613,
            53.8362
          ],
          [
            -57.6467,
            53.8058
          ],
          [
            -57.7319,
            53.7753
          ],
          [
            -57.8156,
            53.7453
          ],
          [
            -57.9018,
            53.7144
          ],
          [
            -57.9865,
            53.6838
          ],
          [
            -58.0697,
            53.6537
          ],
          [
            -58.1842,
            53.6121
          ],
          [
            -58.2687,
            53.5813
          ],
          [
            -58.3549,
            53.5497
          ],
          [
            -58.437,
            53.5196
          ],
          [
            -58.5223,
            53.4881
          ],
          [
            -58.6081,
            53.4564
          ],
          [
            -58.6901,
            53.426
          ],
          [
            -58.7758,
            53.3941
          ],
          [
            -58.8614,
            53.3621
          ],
          [
            -58.945,
            53.3308
          ],
          [
            -59.0283,
            53.2994
          ],
          [
            -59.1125,
            53.2677
          ],
          [
            -59.1964,
            53.2359
          ],
          [
            -59.28,
            53.2042
          ],
          [
            -59.3652,
            53.1717
          ],
          [
            -59.4484,
            53.1399
          ],
          [
            -59.5378,
            53.1056
          ],
          [
            -59.6279,
            53.0709
          ],
          [
            -59.7097,
            53.0392
          ],
          [
            -59.7954,
            53.0059
          ],
          [
            -59.8792,
            52.9733
          ],
          [
            -59.9623,
            52.941
          ],
          [
            -60.1163,
            52.8806
          ],
          [
            -60.1993,
            52.8479
          ],
          [
            -60.2826,
            52.8149
          ],
          [
            -60.3681,
            52.7811
          ],
          [
            -60.4502,
            52.7483
          ],
          [
            -60.5329,
            52.7154
          ],
          [
            -60.6161,
            52.6821
          ],
          [
            -60.6986,
            52.6489
          ],
          [
            -60.7817,
            52.6154
          ],
          [
            -60.8647,
            52.5818
          ],
          [
            -60.9474,
            52.5483
          ],
          [
            -61.0439,
            52.509
          ],
          [
            -61.0965,
            52.4851
          ],
          [
            -61.1645,
            52.4417
          ],
          [
            -61.2251,
            52.3957
          ],
          [
            -61.287,
            52.3484
          ],
          [
            -61.3477,
            52.3018
          ],
          [
            -61.4141,
            52.2509
          ],
          [
            -61.475,
            52.204
          ],
          [
            -61.535,
            52.1575
          ],
          [
            -61.5949,
            52.1111
          ],
          [
            -61.6561,
            52.0636
          ],
          [
            -61.7159,
            52.017
          ],
          [
            -61.8332,
            51.9251
          ],
          [
            -61.8932,
            51.878
          ],
          [
            -61.9539,
            51.8302
          ],
          [
            -62.0144,
            51.7824
          ],
          [
            -62.0743,
            51.7348
          ],
          [
            -62.1341,
            51.6872
          ],
          [
            -62.1944,
            51.6393
          ],
          [
            -62.2546,
            51.5912
          ],
          [
            -62.3131,
            51.5443
          ],
          [
            -62.3744,
            51.4951
          ],
          [
            -62.4342,
            51.4469
          ],
          [
            -62.4931,
            51.3993
          ],
          [
            -62.555,
            51.3491
          ],
          [
            -62.6151,
            51.3003
          ],
          [
            -62.6739,
            51.2524
          ],
          [
            -62.7391,
            51.1991
          ],
          [
            -62.7982,
            51.1507
          ],
          [
            -62.8576,
            51.1019
          ],
          [
            -62.9165,
            51.0534
          ],
          [
            -62.9838,
            50.9978
          ],
          [
            -63.0522,
            50.9412
          ],
          [
            -63.1217,
            50.8834
          ],
          [
            -63.1862,
            50.8296
          ],
          [
            -63.2647,
            50.764
          ],
          [
            -63.3463,
            50.6954
          ],
          [
            -63.4039,
            50.6467
          ],
          [
            -63.4615,
            50.5981
          ],
          [
            -63.5209,
            50.5479
          ],
          [
            -63.5788,
            50.4987
          ],
          [
            -63.6365,
            50.4497
          ],
          [
            -63.6942,
            50.4003
          ],
          [
            -63.7516,
            50.351
          ],
          [
            -63.8079,
            50.3026
          ],
          [
            -63.8659,
            50.2528
          ],
          [
            -63.9232,
            50.2034
          ],
          [
            -63.9805,
            50.1537
          ],
          [
            -64.0377,
            50.1041
          ],
          [
            -64.094,
            50.0552
          ],
          [
            -64.152,
            50.0047
          ],
          [
            -64.2092,
            49.9548
          ],
          [
            -64.2667,
            49.9043
          ],
          [
            -64.3234,
            49.8544
          ],
          [
            -64.3805,
            49.804
          ],
          [
            -64.4377,
            49.7535
          ],
          [
            -64.4958,
            49.7021
          ],
          [
            -64.5521,
            49.652
          ],
          [
            -64.6074,
            49.6028
          ],
          [
            -64.6646,
            49.5517
          ],
          [
            -64.7216,
            49.5005
          ],
          [
            -64.7768,
            49.4511
          ],
          [
            -64.8331,
            49.4004
          ],
          [
            -64.8892,
            49.3498
          ],
          [
            -64.9443,
            49.3001
          ],
          [
            -64.9986,
            49.2507
          ],
          [
            -65.0548,
            49.1997
          ],
          [
            -65.1103,
            49.1489
          ],
          [
            -65.1653,
            49.0987
          ],
          [
            -65.2208,
            49.0478
          ],
          [
            -65.276,
            48.997
          ],
          [
            -65.3316,
            48.9459
          ],
          [
            -65.3886,
            48.8933
          ],
          [
            -65.4413,
            48.8445
          ],
          [
            -65.4977,
            48.7922
          ],
          [
            -65.5506,
            48.743
          ],
          [
            -65.6047,
            48.6925
          ],
          [
            -65.6592,
            48.6416
          ],
          [
            -65.714,
            48.5902
          ],
          [
            -65.7689,
            48.5387
          ],
          [
            -65.8231,
            48.4875
          ],
          [
            -65.8776,
            48.4361
          ],
          [
            -65.9322,
            48.3843
          ],
          [
            -65.9875,
            48.3319
          ],
          [
            -66.0411,
            48.2808
          ],
          [
            -66.0936,
            48.2308
          ],
          [
            -66.1485,
            48.1782
          ],
          [
            -66.2037,
            48.1253
          ],
          [
            -66.2588,
            48.0724
          ],
          [
            -66.3119,
            48.0212
          ],
          [
            -66.3644,
            47.9704
          ],
          [
            -66.4215,
            47.9152
          ],
          [
            -66.4775,
            47.8608
          ],
          [
            -66.5305,
            47.8092
          ],
          [
            -66.5828,
            47.7582
          ],
          [
            -66.6369,
            47.7052
          ],
          [
            -66.6894,
            47.6537
          ],
          [
            -66.7431,
            47.601
          ],
          [
            -66.7962,
            47.5486
          ],
          [
            -66.8488,
            47.4966
          ],
          [
            -66.9018,
            47.444
          ],
          [
            -66.9533,
            47.3928
          ],
          [
            -67.0055,
            47.3408
          ],
          [
            -67.0578,
            47.2886
          ],
          [
            -67.11,
            47.2365
          ],
          [
            -67.1623,
            47.184
          ],
          [
            -67.2141,
            47.1319
          ],
          [
            -67.2665,
            47.0791
          ],
          [
            -67.3184,
            47.0267
          ],
          [
            -67.3703,
            46.9743
          ],
          [
            -67.4221,
            46.9216
          ],
          [
            -67.4733,
            46.8695
          ],
          [
            -67.5239,
            46.8179
          ],
          [
            -67.5755,
            46.765
          ],
          [
            -67.6267,
            46.7125
          ],
          [
            -67.677,
            46.6608
          ],
          [
            -67.7304,
            46.606
          ],
          [
            -67.7813,
            46.5534
          ],
          [
            -67.8309,
            46.5022
          ],
          [
            -67.8817,
            46.4496
          ],
          [
            -67.9323,
            46.397
          ],
          [
            -67.9845,
            46.3426
          ],
          [
            -68.035,
            46.2899
          ],
          [
            -68.0858,
            46.2368
          ],
          [
            -68.136,
            46.184
          ],
          [
            -68.1851,
            46.1323
          ],
          [
            -68.2361,
            46.0785
          ],
          [
            -68.2858,
            46.026
          ],
          [
            -68.3363,
            45.9727
          ],
          [
            -68.3946,
            45.9107
          ],
          [
            -68.4467,
            45.8551
          ],
          [
            -68.498,
            45.8005
          ],
          [
            -68.5477,
            45.7474
          ],
          [
            -68.5979,
            45.6936
          ],
          [
            -68.6476,
            45.6402
          ],
          [
            -68.6974,
            45.5866
          ],
          [
            -68.7479,
            45.532
          ],
          [
            -68.7967,
            45.4792
          ],
          [
            -68.8437,
            45.4283
          ],
          [
            -68.8934,
            45.3741
          ],
          [
            -68.9407,
            45.3226
          ],
          [
            -68.9898,
            45.2691
          ],
          [
            -69.0381,
            45.2162
          ],
          [
            -69.0863,
            45.1634
          ],
          [
            -69.1362,
            45.1086
          ],
          [
            -69.1832,
            45.0568
          ],
          [
            -69.2317,
            45.0031
          ],
          [
            -69.2647,
            44.9666
          ],
          [
            -69.3139,
            44.9121
          ],
          [
            -69.362,
            44.8586
          ],
          [
            -69.4085,
            44.8068
          ],
          [
            -69.4583,
            44.7512
          ],
          [
            -69.5036,
            44.7007
          ],
          [
            -69.5525,
            44.6457
          ],
          [
            -69.597,
            44.5957
          ],
          [
            -69.6446,
            44.5421
          ],
          [
            -69.6888,
            44.4924
          ],
          [
            -69.7357,
            44.4393
          ],
          [
            -69.763,
            44.4032
          ],
          [
            -69.7775,
            44.3586
          ],
          [
            -69.7761,
            44.3168
          ],
          [
            -69.7268,
            44.218
          ],
          [
            -69.6905,
            44.1594
          ],
          [
            -69.6736,
            44.1165
          ],
          [
            -69.6617,
            44.0427
          ],
          [
            -69.6505,
            43.9688
          ],
          [
            -69.6387,
            43.9019
          ],
          [
            -69.63,
            43.8534
          ],
          [
            -69.6321,
            43.8105
          ],
          [
            -69.6458,
            43.7687
          ],
          [
            -69.6636,
            43.7391
          ],
          [
            -69.6919,
            43.7076
          ],
          [
            -69.7357,
            43.6737
          ],
          [
            -69.7899,
            43.6348
          ],
          [
            -69.8457,
            43.5947
          ],
          [
            -69.9005,
            43.5554
          ],
          [
            -69.9513,
            43.5189
          ],
          [
            -70.0041,
            43.4809
          ],
          [
            -70.0571,
            43.4427
          ],
          [
            -70.1101,
            43.4043
          ],
          [
            -70.1635,
            43.3656
          ],
          [
            -70.2152,
            43.3281
          ],
          [
            -70.269,
            43.289
          ],
          [
            -70.3216,
            43.2507
          ],
          [
            -70.3719,
            43.2138
          ],
          [
            -70.4253,
            43.1748
          ],
          [
            -70.4819,
            43.1334
          ],
          [
            -70.5321,
            43.0965
          ],
          [
            -70.5847,
            43.0578
          ],
          [
            -70.6375,
            43.019
          ],
          [
            -70.6871,
            42.9825
          ],
          [
            -70.7392,
            42.944
          ],
          [
            -70.7918,
            42.905
          ],
          [
            -70.8437,
            42.8652
          ],
          [
            -70.8683,
            42.8429
          ],
          [
            -70.9112,
            42.7952
          ],
          [
            -70.9463,
            42.7423
          ],
          [
            -70.9718,
            42.6905
          ],
          [
            -70.9993,
            42.6336
          ],
          [
            -71.0276,
            42.5749
          ],
          [
            -71.0551,
            42.5173
          ],
          [
            -71.0831,
            42.4588
          ],
          [
            -71.1,
            42.4232
          ],
          [
            -71.1275,
            42.3656
          ],
          [
            -71.1541,
            42.3096
          ],
          [
            -71.1821,
            42.2508
          ],
          [
            -71.2094,
            42.1933
          ],
          [
            -71.2372,
            42.1344
          ],
          [
            -71.2647,
            42.0762
          ],
          [
            -71.2912,
            42.0201
          ],
          [
            -71.3195,
            41.9599
          ],
          [
            -71.3443,
            41.9074
          ],
          [
            -71.3709,
            41.8502
          ],
          [
            -71.3905,
            41.8089
          ],
          [
            -71.4096,
            41.7749
          ],
          [
            -71.4368,
            41.7347
          ],
          [
            -71.4716,
            41.6921
          ],
          [
            -71.5075,
            41.6553
          ],
          [
            -71.5699,
            41.599
          ],
          [
            -71.6181,
            41.5555
          ],
          [
            -71.664,
            41.5142
          ],
          [
            -71.7053,
            41.4769
          ],
          [
            -71.7676,
            41.4207
          ],
          [
            -71.8152,
            41.3775
          ],
          [
            -71.8838,
            41.3153
          ],
          [
            -71.9176,
            41.2846
          ],
          [
            -71.9779,
            41.2294
          ],
          [
            -72.0176,
            41.1932
          ],
          [
            -72.0571,
            41.1572
          ],
          [
            -72.093,
            41.1243
          ],
          [
            -72.1143,
            41.1059
          ],
          [
            -72.1357,
            41.0959
          ],
          [
            -72.1671,
            41.0883
          ],
          [
            -72.1891,
            41.0856
          ],
          [
            -72.2476,
            41.085
          ],
          [
            -72.2918,
            41.0846
          ],
          [
            -72.3389,
            41.0841
          ],
          [
            -72.3847,
            41.083
          ],
          [
            -72.4075,
            41.0817
          ],
          [
            -72.4361,
            41.0729
          ],
          [
            -72.4767,
            41.0566
          ],
          [
            -72.5211,
            41.0391
          ],
          [
            -72.5633,
            41.0225
          ],
          [
            -72.6282,
            40.9971
          ],
          [
            -72.6707,
            40.9802
          ],
          [
            -72.7143,
            40.9631
          ],
          [
            -72.7555,
            40.9468
          ],
          [
            -72.7882,
            40.9338
          ],
          [
            -72.8093,
            40.9194
          ],
          [
            -72.8512,
            40.8755
          ],
          [
            -72.8824,
            40.8427
          ],
          [
            -72.913,
            40.8108
          ],
          [
            -72.9429,
            40.7797
          ],
          [
            -72.9653,
            40.7611
          ],
          [
            -72.9939,
            40.7539
          ],
          [
            -73.0389,
            40.7468
          ],
          [
            -73.0839,
            40.7398
          ],
          [
            -73.1151,
            40.7348
          ],
          [
            -73.1365,
            40.7269
          ],
          [
            -73.1703,
            40.7042
          ],
          [
            -73.207,
            40.6798
          ],
          [
            -73.2425,
            40.6578
          ],
          [
            -73.2621,
            40.6462
          ],
          [
            -73.2902,
            40.6338
          ],
          [
            -73.3132,
            40.6245
          ],
          [
            -73.3555,
            40.6076
          ],
          [
            -73.3932,
            40.5923
          ],
          [
            -73.4274,
            40.5779
          ],
          [
            -73.4458,
            40.5699
          ],
          [
            -73.4747,
            40.5573
          ],
          [
            -73.4909,
            40.5506
          ],
          [
            -73.5119,
            40.5494
          ],
          [
            -73.5384,
            40.5502
          ],
          [
            -73.551,
            40.5518
          ],
          [
            -73.5654,
            40.5564
          ],
          [
            -73.5874,
            40.5656
          ],
          [
            -73.6089,
            40.5754
          ],
          [
            -73.6271,
            40.5837
          ],
          [
            -73.6469,
            40.5927
          ],
          [
            -73.6662,
            40.6014
          ],
          [
            -73.686,
            40.6105
          ],
          [
            -73.6906,
            40.6125
          ],
          [
            -73.6953,
            40.6147
          ],
          [
            -73.7056,
            40.6193
          ],
          [
            -73.7152,
            40.6238
          ],
          [
            -73.7266,
            40.6289
          ],
          [
            -73.7359,
            40.6331
          ],
          [
            -73.745,
            40.6373
          ],
          [
            -73.7559,
            40.6422
          ],
          [
            -73.7654,
            40.6465
          ]
        ]
      },
      "properties": {
        "time_europe_berlin": [
          "04.11.2025 10:53:32",
          "04.11.2025 10:53:48",
          "04.11.2025 10:54:04",
          "04.11.2025 10:54:20",
          "04.11.2025 10:54:36",
          "04.11.2025 10:54:52",
          "04.11.2025 10:55:08",
          "04.11.2025 10:55:24",
          "04.11.2025 10:55:40",
          "04.11.2025 10:55:56",
          "04.11.2025 10:56:12",
          "04.11.2025 10:56:30",
          "04.11.2025 10:56:46",
          "04.11.2025 10:57:03",
          "04.11.2025 10:57:31",
          "04.11.2025 10:58:01",
          "04.11.2025 10:58:31",
          "04.11.2025 10:59:01",
          "04.11.2025 10:59:31",
          "04.11.2025 11:00:01",
          "04.11.2025 11:00:31",
          "04.11.2025 11:01:01",
          "04.11.2025 11:01:31",
          "04.11.2025 11:02:01",
          "04.11.2025 11:02:31",
          "04.11.2025 11:03:01",
          "04.11.2025 11:03:31",
          "04.11.2025 11:04:07",
          "04.11.2025 11:04:26",
          "04.11.2025 11:04:47",
          "04.11.2025 11:05:17",
          "04.11.2025 11:05:47",
          "04.11.2025 11:06:06",
          "04.11.2025 11:06:45",
          "04.11.2025 11:07:08",
          "04.11.2025 11:07:38",
          "04.11.2025 11:08:04",
          "04.11.2025 11:08:34",
          "04.11.2025 11:09:15",
          "04.11.2025 11:09:45",
          "04.11.2025 11:10:15",
          "04.11.2025 11:10:54",
          "04.11.2025 11:11:35",
          "04.11.2025 11:12:05",
          "04.11.2025 11:12:35",
          "04.11.2025 11:13:31",
          "04.11.2025 11:14:01",
          "04.11.2025 11:14:26",
          "04.11.2025 11:14:45",
          "04.11.2025 11:15:13",
          "04.11.2025 11:15:43",
          "04.11.2025 11:16:13",
          "04.11.2025 11:16:40",
          "04.11.2025 11:17:10",
          "04.11.2025 11:17:40",
          "04.11.2025 11:18:19",
          "04.11.2025 11:18:37",
          "04.11.2025 11:18:53",
          "04.11.2025 11:19:23",
          "04.11.2025 11:19:53",
          "04.11.2025 11:20:22",
          "04.11.2025 11:20:52",
          "04.11.2025 11:21:22",
          "04.11.2025 11:21:52",
          "04.11.2025 11:22:22",
          "04.11.2025 11:22:52",
          "04.11.2025 11:23:22",
          "04.11.2025 11:23:52",
          "04.11.2025 11:24:22",
          "04.11.2025 11:24:52",
          "04.11.2025 11:25:22",
          "04.11.2025 11:25:52",
          "04.11.2025 11:26:22",
          "04.11.2025 11:26:52",
          "04.11.2025 11:27:22",
          "04.11.2025 11:27:52",
          "04.11.2025 11:28:22",
          "04.11.2025 11:28:52",
          "04.11.2025 11:29:22",
          "04.11.2025 11:29:52",
          "04.11.2025 11:30:22",
          "04.11.2025 11:30:52",
          "04.11.2025 11:31:22",
          "04.11.2025 11:31:52",
          "04.11.2025 11:32:14",
          "04.11.2025 11:32:31",
          "04.11.2025 11:32:50",
          "04.11.2025 11:33:35",
          "04.11.2025 11:34:05",
          "04.11.2025 11:34:35",
          "04.11.2025 11:35:05",
          "04.11.2025 11:35:35",
          "04.11.2025 11:36:05",
          "04.11.2025 11:36:35",
          "04.11.2025 11:37:05",
          "04.11.2025 11:37:35",
          "04.11.2025 11:38:05",
          "04.11.2025 11:38:35",
          "04.11.2025 11:39:05",
          "04.11.2025 11:39:35",
          "04.11.2025 11:40:05",
          "04.11.2025 11:40:35",
          "04.11.2025 11:41:05",
          "04.11.2025 11:41:35",
          "04.11.2025 11:42:05",
          "04.11.2025 11:42:35",
          "04.11.2025 11:43:05",
          "04.11.2025 11:43:35",
          "04.11.2025 11:44:05",
          "04.11.2025 11:44:35",
          "04.11.2025 11:45:05",
          "04.11.2025 11:45:30",
          "04.11.2025 11:46:00",
          "04.11.2025 11:46:30",
          "04.11.2025 11:47:00",
          "04.11.2025 11:47:30",
          "04.11.2025 11:48:00",
          "04.11.2025 11:48:30",
          "04.11.2025 11:49:00",
          "04.11.2025 11:49:30",
          "04.11.2025 11:50:00",
          "04.11.2025 11:50:30",
          "04.11.2025 11:51:00",
          "04.11.2025 11:51:30",
          "04.11.2025 11:52:00",
          "04.11.2025 11:52:30",
          "04.11.2025 11:53:00",
          "04.11.2025 11:53:56",
          "04.11.2025 11:54:26",
          "04.11.2025 11:54:56",
          "04.11.2025 11:55:26",
          "04.11.2025 11:55:56",
          "04.11.2025 11:56:26",
          "04.11.2025 11:56:56",
          "04.11.2025 11:57:26",
          "04.11.2025 11:57:56",
          "04.11.2025 11:58:26",
          "04.11.2025 11:58:45",
          "04.11.2025 11:59:08",
          "04.11.2025 11:59:25",
          "04.11.2025 11:59:50",
          "04.11.2025 12:00:18",
          "04.11.2025 12:00:48",
          "04.11.2025 12:01:18",
          "04.11.2025 12:01:48",
          "04.11.2025 12:02:18",
          "04.11.2025 12:02:48",
          "04.11.2025 12:03:08",
          "04.11.2025 12:03:38",
          "04.11.2025 12:04:08",
          "04.11.2025 12:04:38",
          "04.11.2025 12:05:08",
          "04.11.2025 12:05:38",
          "04.11.2025 12:05:59",
          "04.11.2025 12:06:29",
          "04.11.2025 12:06:54",
          "04.11.2025 12:07:20",
          "04.11.2025 12:07:50",
          "04.11.2025 12:08:20",
          "04.11.2025 12:08:50",
          "04.11.2025 12:09:20",
          "04.11.2025 12:09:50",
          "04.11.2025 12:10:20",
          "04.11.2025 12:10:50",
          "04.11.2025 12:11:20",
          "04.11.2025 12:11:39",
          "04.11.2025 12:12:00",
          "04.11.2025 12:12:40",
          "04.11.2025 12:12:57",
          "04.11.2025 12:13:40",
          "04.11.2025 12:14:10",
          "04.11.2025 12:14:40",
          "04.11.2025 12:15:10",
          "04.11.2025 12:15:40",
          "04.11.2025 12:16:10",
          "04.11.2025 12:16:40",
          "04.11.2025 12:17:11",
          "04.11.2025 12:17:41",
          "04.11.2025 12:18:11",
          "04.11.2025 12:18:41",
          "04.11.2025 12:19:12",
          "04.11.2025 12:19:42",
          "04.11.2025 12:20:12",
          "04.11.2025 12:20:42",
          "04.11.2025 12:21:19",
          "04.11.2025 12:21:47",
          "04.11.2025 12:22:17",
          "04.11.2025 12:22:47",
          "04.11.2025 12:23:17",
          "04.11.2025 12:23:47",
          "04.11.2025 12:24:17",
          "04.11.2025 12:24:47",
          "04.11.2025 12:25:17",
          "04.11.2025 12:25:56",
          "04.11.2025 12:26:19",
          "04.11.2025 12:26:49",
          "04.11.2025 12:27:19",
          "04.11.2025 12:27:49",
          "04.11.2025 12:28:19",
          "04.11.2025 12:28:49",
          "04.11.2025 12:29:19",
          "04.11.2025 12:29:49",
          "04.11.2025 12:30:19",
          "04.11.2025 12:30:49",
          "04.11.2025 12:31:19",
          "04.11.2025 12:31:49",
          "04.11.2025 12:32:19",
          "04.11.2025 12:32:49",
          "04.11.2025 12:33:19",
          "04.11.2025 12:33:58",
          "04.11.2025 12:34:28",
          "04.11.2025 12:34:58",
          "04.11.2025 12:35:28",
          "04.11.2025 12:35:58",
          "04.11.2025 12:36:28",
          "04.11.2025 12:36:58",
          "04.11.2025 12:37:28",
          "04.11.2025 12:37:58",
          "04.11.2025 12:38:28",
          "04.11.2025 12:38:55",
          "04.11.2025 12:39:25",
          "04.11.2025 12:39:42",
          "04.11.2025 12:40:12",
          "04.11.2025 12:40:42",
          "04.11.2025 12:41:13",
          "04.11.2025 12:41:43",
          "04.11.2025 12:42:14",
          "04.11.2025 12:42:44",
          "04.11.2025 12:43:14",
          "04.11.2025 12:43:44",
          "04.11.2025 12:44:16",
          "04.11.2025 12:44:50",
          "04.11.2025 12:45:32",
          "04.11.2025 12:46:01",
          "04.11.2025 12:46:32",
          "04.11.2025 12:47:02",
          "04.11.2025 12:47:22",
          "04.11.2025 12:48:02",
          "04.11.2025 12:48:33",
          "04.11.2025 12:48:53",
          "04.11.2025 12:49:23",
          "04.11.2025 12:49:42",
          "04.11.2025 12:50:13",
          "04.11.2025 12:50:43",
          "04.11.2025 12:51:09",
          "04.11.2025 12:51:41",
          "04.11.2025 12:52:11",
          "04.11.2025 12:52:42",
          "04.11.2025 12:53:12",
          "04.11.2025 12:53:43",
          "04.11.2025 12:54:13",
          "04.11.2025 12:54:43",
          "04.11.2025 12:55:13",
          "04.11.2025 12:55:43",
          "04.11.2025 12:56:18",
          "04.11.2025 12:56:56",
          "04.11.2025 12:57:32",
          "04.11.2025 13:33:00",
          "04.11.2025 15:56:52",
          "04.11.2025 15:57:52",
          "04.11.2025 15:58:53",
          "04.11.2025 15:59:53",
          "04.11.2025 16:00:52",
          "04.11.2025 16:01:52",
          "04.11.2025 16:02:52",
          "04.11.2025 16:03:56",
          "04.11.2025 16:04:40",
          "04.11.2025 16:05:45",
          "04.11.2025 16:06:44",
          "04.11.2025 16:07:12",
          "04.11.2025 16:08:04",
          "04.11.2025 16:09:45",
          "04.11.2025 16:10:28",
          "04.11.2025 16:11:02",
          "04.11.2025 16:11:32",
          "04.11.2025 16:12:05",
          "04.11.2025 16:12:36",
          "04.11.2025 16:13:32",
          "04.11.2025 16:14:21",
          "04.11.2025 16:15:05",
          "04.11.2025 16:15:38",
          "04.11.2025 16:16:08",
          "04.11.2025 16:16:38",
          "04.11.2025 16:17:09",
          "04.11.2025 16:17:39",
          "04.11.2025 16:18:09",
          "04.11.2025 16:18:39",
          "04.11.2025 16:19:09",
          "04.11.2025 16:19:39",
          "04.11.2025 16:20:09",
          "04.11.2025 16:20:43",
          "04.11.2025 16:21:20",
          "04.11.2025 16:21:52",
          "04.11.2025 16:22:22",
          "04.11.2025 16:22:52",
          "04.11.2025 16:23:23",
          "04.11.2025 16:23:53",
          "04.11.2025 16:24:23",
          "04.11.2025 16:24:53",
          "04.11.2025 16:25:23",
          "04.11.2025 16:25:53",
          "04.11.2025 16:26:23",
          "04.11.2025 16:27:04",
          "04.11.2025 16:27:34",
          "04.11.2025 16:28:04",
          "04.11.2025 16:28:34",
          "04.11.2025 16:29:04",
          "04.11.2025 16:29:34",
          "04.11.2025 16:30:04",
          "04.11.2025 16:30:35",
          "04.11.2025 16:31:05",
          "04.11.2025 16:31:35",
          "04.11.2025 16:32:05",
          "04.11.2025 16:32:35",
          "04.11.2025 16:33:05",
          "04.11.2025 16:33:35",
          "04.11.2025 16:34:05",
          "04.11.2025 16:34:36",
          "04.11.2025 16:35:08",
          "04.11.2025 16:35:40",
          "04.11.2025 16:36:10",
          "04.11.2025 16:36:40",
          "04.11.2025 16:37:10",
          "04.11.2025 16:37:40",
          "04.11.2025 16:38:34",
          "04.11.2025 16:39:05",
          "04.11.2025 16:39:36",
          "04.11.2025 16:40:06",
          "04.11.2025 16:40:36",
          "04.11.2025 16:41:06",
          "04.11.2025 16:41:36",
          "04.11.2025 16:42:06",
          "04.11.2025 16:42:37",
          "04.11.2025 16:43:07",
          "04.11.2025 16:43:37",
          "04.11.2025 16:44:11",
          "04.11.2025 16:44:31",
          "04.11.2025 16:45:01",
          "04.11.2025 16:45:31",
          "04.11.2025 16:46:02",
          "04.11.2025 16:46:32",
          "04.11.2025 16:47:05",
          "04.11.2025 16:47:35",
          "04.11.2025 16:48:05",
          "04.11.2025 16:48:35",
          "04.11.2025 16:49:05",
          "04.11.2025 16:49:35",
          "04.11.2025 16:50:33",
          "04.11.2025 16:51:03",
          "04.11.2025 16:51:33",
          "04.11.2025 16:52:03",
          "04.11.2025 16:52:33",
          "04.11.2025 16:53:03",
          "04.11.2025 16:53:33",
          "04.11.2025 16:54:03",
          "04.11.2025 16:54:33",
          "04.11.2025 16:55:03",
          "04.11.2025 16:55:33",
          "04.11.2025 16:56:04",
          "04.11.2025 16:56:34",
          "04.11.2025 16:57:04",
          "04.11.2025 16:57:34",
          "04.11.2025 16:58:07",
          "04.11.2025 16:58:37",
          "04.11.2025 16:59:07",
          "04.11.2025 16:59:38",
          "04.11.2025 17:00:12",
          "04.11.2025 17:00:46",
          "04.11.2025 17:01:23",
          "04.11.2025 17:01:56",
          "04.11.2025 17:02:36",
          "04.11.2025 17:03:17",
          "04.11.2025 17:03:47",
          "04.11.2025 17:04:18",
          "04.11.2025 17:04:48",
          "04.11.2025 17:05:18",
          "04.11.2025 17:05:48",
          "04.11.2025 17:06:18",
          "04.11.2025 17:06:48",
          "04.11.2025 17:07:18",
          "04.11.2025 17:07:48",
          "04.11.2025 17:08:18",
          "04.11.2025 17:08:48",
          "04.11.2025 17:09:18",
          "04.11.2025 17:09:49",
          "04.11.2025 17:10:19",
          "04.11.2025 17:10:49",
          "04.11.2025 17:11:19",
          "04.11.2025 17:11:49",
          "04.11.2025 17:12:19",
          "04.11.2025 17:12:49",
          "04.11.2025 17:13:19",
          "04.11.2025 17:13:49",
          "04.11.2025 17:14:19",
          "04.11.2025 17:14:49",
          "04.11.2025 17:15:19",
          "04.11.2025 17:15:49",
          "04.11.2025 17:16:19",
          "04.11.2025 17:16:50",
          "04.11.2025 17:17:20",
          "04.11.2025 17:17:50",
          "04.11.2025 17:18:20",
          "04.11.2025 17:18:50",
          "04.11.2025 17:19:20",
          "04.11.2025 17:19:50",
          "04.11.2025 17:20:20",
          "04.11.2025 17:20:50",
          "04.11.2025 17:21:20",
          "04.11.2025 17:21:50",
          "04.11.2025 17:22:20",
          "04.11.2025 17:22:50",
          "04.11.2025 17:23:20",
          "04.11.2025 17:23:51",
          "04.11.2025 17:24:21",
          "04.11.2025 17:24:51",
          "04.11.2025 17:25:21",
          "04.11.2025 17:25:51",
          "04.11.2025 17:26:21",
          "04.11.2025 17:26:51",
          "04.11.2025 17:27:21",
          "04.11.2025 17:27:51",
          "04.11.2025 17:28:21",
          "04.11.2025 17:28:51",
          "04.11.2025 17:29:21",
          "04.11.2025 17:29:51",
          "04.11.2025 17:30:22",
          "04.11.2025 17:30:53",
          "04.11.2025 17:31:25",
          "04.11.2025 17:31:55",
          "04.11.2025 17:32:25",
          "04.11.2025 17:32:55",
          "04.11.2025 17:33:25",
          "04.11.2025 17:33:56",
          "04.11.2025 17:34:26",
          "04.11.2025 17:34:56",
          "04.11.2025 17:35:26",
          "04.11.2025 17:35:56",
          "04.11.2025 17:36:26",
          "04.11.2025 17:36:56",
          "04.11.2025 17:37:26",
          "04.11.2025 17:37:57",
          "04.11.2025 17:38:27",
          "04.11.2025 17:38:57",
          "04.11.2025 17:39:27",
          "04.11.2025 17:39:57",
          "04.11.2025 17:40:28",
          "04.11.2025 17:40:58",
          "04.11.2025 17:41:28",
          "04.11.2025 17:41:58",
          "04.11.2025 17:42:28",
          "04.11.2025 17:42:58",
          "04.11.2025 17:43:28",
          "04.11.2025 17:43:58",
          "04.11.2025 17:44:28",
          "04.11.2025 17:44:58",
          "04.11.2025 17:45:28",
          "04.11.2025 17:45:58",
          "04.11.2025 17:46:28",
          "04.11.2025 17:46:58",
          "04.11.2025 17:47:28",
          "04.11.2025 17:47:58",
          "04.11.2025 17:48:29",
          "04.11.2025 17:48:59",
          "04.11.2025 17:49:29",
          "04.11.2025 17:50:03",
          "04.11.2025 17:50:35",
          "04.11.2025 17:51:06",
          "04.11.2025 17:51:37",
          "04.11.2025 17:52:07",
          "04.11.2025 17:52:38",
          "04.11.2025 17:53:08",
          "04.11.2025 17:53:38",
          "04.11.2025 17:54:08",
          "04.11.2025 17:54:38",
          "04.11.2025 17:55:08",
          "04.11.2025 17:55:38",
          "04.11.2025 17:56:08",
          "04.11.2025 17:56:38",
          "04.11.2025 17:57:08",
          "04.11.2025 17:57:38",
          "04.11.2025 17:58:08",
          "04.11.2025 17:58:38",
          "04.11.2025 17:58:59",
          "04.11.2025 17:59:29",
          "04.11.2025 17:59:59",
          "04.11.2025 18:00:29",
          "04.11.2025 18:00:59",
          "04.11.2025 18:01:29",
          "04.11.2025 18:01:59",
          "04.11.2025 18:02:29",
          "04.11.2025 18:02:59",
          "04.11.2025 18:03:29",
          "04.11.2025 18:03:59",
          "04.11.2025 18:04:19",
          "04.11.2025 18:04:39",
          "04.11.2025 18:04:57",
          "04.11.2025 18:05:41",
          "04.11.2025 18:06:07",
          "04.11.2025 18:06:26",
          "04.11.2025 18:06:59",
          "04.11.2025 18:07:29",
          "04.11.2025 18:07:59",
          "04.11.2025 18:08:20",
          "04.11.2025 18:08:40",
          "04.11.2025 18:09:01",
          "04.11.2025 18:09:18",
          "04.11.2025 18:09:37",
          "04.11.2025 18:10:04",
          "04.11.2025 18:10:34",
          "04.11.2025 18:11:04",
          "04.11.2025 18:11:35",
          "04.11.2025 18:12:05",
          "04.11.2025 18:12:35",
          "04.11.2025 18:13:05",
          "04.11.2025 18:13:35",
          "04.11.2025 18:14:05",
          "04.11.2025 18:14:35",
          "04.11.2025 18:15:05",
          "04.11.2025 18:15:35",
          "04.11.2025 18:16:05",
          "04.11.2025 18:16:35",
          "04.11.2025 18:17:06",
          "04.11.2025 18:17:36",
          "04.11.2025 18:18:06",
          "04.11.2025 18:18:36",
          "04.11.2025 18:19:06",
          "04.11.2025 18:19:36",
          "04.11.2025 18:20:06",
          "04.11.2025 18:20:36",
          "04.11.2025 18:20:52",
          "04.11.2025 18:21:22",
          "04.11.2025 18:21:52",
          "04.11.2025 18:22:19",
          "04.11.2025 18:22:50",
          "04.11.2025 18:23:20",
          "04.11.2025 18:23:50",
          "04.11.2025 18:24:20",
          "04.11.2025 18:24:39",
          "04.11.2025 18:25:09",
          "04.11.2025 18:25:39",
          "04.11.2025 18:26:09",
          "04.11.2025 18:26:39",
          "04.11.2025 18:27:10",
          "04.11.2025 18:27:40",
          "04.11.2025 18:28:10",
          "04.11.2025 18:28:40",
          "04.11.2025 18:29:08",
          "04.11.2025 18:29:38",
          "04.11.2025 18:29:59",
          "04.11.2025 18:30:17",
          "04.11.2025 18:30:40",
          "04.11.2025 18:31:05",
          "04.11.2025 18:31:29",
          "04.11.2025 18:32:06",
          "04.11.2025 18:32:36",
          "04.11.2025 18:33:06",
          "04.11.2025 18:33:31",
          "04.11.2025 18:34:11",
          "04.11.2025 18:34:41",
          "04.11.2025 18:35:26",
          "04.11.2025 18:35:49",
          "04.11.2025 18:36:30",
          "04.11.2025 18:37:00",
          "04.11.2025 18:37:30",
          "04.11.2025 18:38:00",
          "04.11.2025 18:38:17",
          "04.11.2025 18:38:33",
          "04.11.2025 18:38:51",
          "04.11.2025 18:39:07",
          "04.11.2025 18:39:44",
          "04.11.2025 18:40:14",
          "04.11.2025 18:40:44",
          "04.11.2025 18:41:14",
          "04.11.2025 18:41:31",
          "04.11.2025 18:41:50",
          "04.11.2025 18:42:20",
          "04.11.2025 18:42:50",
          "04.11.2025 18:43:20",
          "04.11.2025 18:44:05",
          "04.11.2025 18:44:35",
          "04.11.2025 18:45:05",
          "04.11.2025 18:45:35",
          "04.11.2025 18:45:58",
          "04.11.2025 18:46:16",
          "04.11.2025 18:46:57",
          "04.11.2025 18:47:27",
          "04.11.2025 18:47:57",
          "04.11.2025 18:48:27",
          "04.11.2025 18:48:45",
          "04.11.2025 18:49:05",
          "04.11.2025 18:49:35",
          "04.11.2025 18:50:05",
          "04.11.2025 18:50:25",
          "04.11.2025 18:50:42",
          "04.11.2025 18:51:08",
          "04.11.2025 18:51:38",
          "04.11.2025 18:52:07",
          "04.11.2025 18:52:23",
          "04.11.2025 18:52:42",
          "04.11.2025 18:53:01",
          "04.11.2025 18:53:31",
          "04.11.2025 18:54:01",
          "04.11.2025 18:54:31",
          "04.11.2025 18:54:49",
          "04.11.2025 18:55:19",
          "04.11.2025 18:55:36",
          "04.11.2025 18:55:59",
          "04.11.2025 18:56:29",
          "04.11.2025 18:56:45",
          "04.11.2025 18:57:02",
          "04.11.2025 18:57:32",
          "04.11.2025 18:58:02",
          "04.11.2025 18:58:30",
          "04.11.2025 18:59:00",
          "04.11.2025 18:59:30",
          "04.11.2025 19:00:00",
          "04.11.2025 19:00:08",
          "04.11.2025 19:00:16",
          "04.11.2025 19:00:32",
          "04.11.2025 19:00:48",
          "04.11.2025 19:01:04",
          "04.11.2025 19:01:20",
          "04.11.2025 19:01:36",
          "04.11.2025 19:01:52",
          "04.11.2025 19:02:08"
        ],
        "course_deg_clockwise_from_north": [
          251,
          251,
          268,
          273,
          277,
          266,
          261,
          259,
          259,
          260,
          259,
          273,
          293,
          311,
          321,
          320,
          320,
          320,
          320,
          320,
          320,
          320,
          320,
          320,
          320,
          320,
          320,
          322,
          327,
          327,
          327,
          326,
          317,
          315,
          315,
          315,
          315,
          315,
          315,
          315,
          315,
          315,
          315,
          314,
          314,
          314,
          314,
          314,
          314,
          314,
          314,
          314,
          314,
          314,
          314,
          314,
          314,
          314,
          314,
          314,
          313,
          313,
          313,
          313,
          313,
          313,
          313,
          313,
          313,
          313,
          313,
          313,
          313,
          313,
          313,
          313,
          313,
          312,
          313,
          312,
          312,
          312,
          312,
          312,
          310,
          300,
          289,
          286,
          286,
          285,
          285,
          285,
          285,
          285,
          285,
          285,
          285,
          285,
          285,
          285,
          285,
          284,
          284,
          284,
          284,
          284,
          284,
          284,
          284,
          284,
          284,
          284,
          284,
          284,
          284,
          283,
          283,
          284,
          283,
          283,
          283,
          283,
          283,
          283,
          283,
          283,
          283,
          282,
          282,
          282,
          282,
          282,
          282,
          282,
          282,
          282,
          279,
          273,
          273,
          273,
          273,
          274,
          273,
          273,
          273,
          273,
          273,
          273,
          273,
          273,
          274,
          273,
          274,
          274,
          274,
          277,
          285,
          286,
          286,
          286,
          286,
          286,
          286,
          287,
          287,
          291,
          297,
          302,
          301,
          301,
          301,
          300,
          300,
          300,
          300,
          300,
          300,
          300,
          300,
          300,
          300,
          300,
          300,
          300,
          299,
          300,
          299,
          299,
          299,
          300,
          299,
          300,
          299,
          299,
          299,
          299,
          300,
          299,
          299,
          299,
          298,
          298,
          298,
          298,
          298,
          298,
          298,
          298,
          298,
          299,
          298,
          298,
          297,
          297,
          297,
          297,
          297,
          297,
          297,
          298,
          297,
          298,
          297,
          297,
          297,
          297,
          296,
          296,
          297,
          297,
          296,
          296,
          296,
          297,
          295,
          295,
          291,
          288,
          287,
          286,
          285,
          286,
          285,
          285,
          289,
          296,
          296,
          296,
          296,
          296,
          296,
          295,
          295,
          295,
          295,
          295,
          295,
          285,
          236,
          252,
          238,
          240,
          252,
          240,
          245,
          243,
          243,
          243,
          247,
          243,
          243,
          243,
          242,
          242,
          242,
          242,
          242,
          242,
          242,
          242,
          242,
          242,
          242,
          242,
          241,
          241,
          241,
          241,
          241,
          241,
          239,
          239,
          239,
          239,
          239,
          239,
          239,
          239,
          239,
          239,
          239,
          239,
          239,
          239,
          239,
          238,
          238,
          238,
          238,
          238,
          238,
          238,
          238,
          238,
          238,
          238,
          238,
          238,
          238,
          237,
          237,
          237,
          237,
          237,
          237,
          237,
          237,
          237,
          237,
          237,
          237,
          237,
          236,
          236,
          236,
          236,
          229,
          219,
          219,
          219,
          219,
          219,
          219,
          219,
          219,
          218,
          218,
          218,
          218,
          218,
          218,
          218,
          218,
          218,
          218,
          218,
          218,
          218,
          218,
          218,
          218,
          218,
          218,
          217,
          217,
          217,
          217,
          217,
          217,
          217,
          217,
          217,
          217,
          217,
          217,
          217,
          217,
          217,
          217,
          217,
          217,
          217,
          217,
          217,
          217,
          217,
          216,
          216,
          216,
          216,
          216,
          216,
          216,
          216,
          216,
          216,
          216,
          216,
          216,
          216,
          216,
          216,
          216,
          216,
          216,
          216,
          216,
          216,
          215,
          215,
          215,
          215,
          215,
          215,
          215,
          215,
          215,
          215,
          215,
          215,
          215,
          215,
          215,
          215,
          215,
          215,
          215,
          215,
          215,
          215,
          215,
          215,
          215,
          215,
          214,
          214,
          214,
          214,
          214,
          214,
          214,
          214,
          214,
          214,
          214,
          214,
          214,
          214,
          214,
          214,
          214,
          214,
          214,
          214,
          214,
          214,
          214,
          214,
          214,
          214,
          214,
          213,
          213,
          213,
          213,
          213,
          213,
          213,
          213,
          213,
          213,
          213,
          213,
          213,
          213,
          213,
          213,
          213,
          213,
          213,
          213,
          213,
          214,
          213,
          213,
          213,
          213,
          213,
          213,
          212,
          212,
          212,
          212,
          202,
          187,
          173,
          156,
          158,
          169,
          174,
          174,
          172,
          176,
          187,
          199,
          209,
          218,
          225,
          225,
          225,
          225,
          225,
          225,
          225,
          225,
          225,
          225,
          225,
          225,
          225,
          225,
          225,
          225,
          225,
          225,
          225,
          225,
          225,
          221,
          217,
          210,
          202,
          200,
          200,
          200,
          200,
          200,
          200,
          200,
          200,
          199,
          200,
          199,
          199,
          199,
          199,
          201,
          199,
          201,
          205,
          209,
          214,
          218,
          220,
          220,
          220,
          220,
          220,
          220,
          220,
          220,
          220,
          220,
          220,
          220,
          225,
          249,
          254,
          266,
          269,
          269,
          269,
          268,
          259,
          243,
          242,
          243,
          243,
          242,
          243,
          243,
          242,
          241,
          219,
          216,
          216,
          216,
          216,
          237,
          258,
          258,
          259,
          256,
          232,
          229,
          230,
          231,
          236,
          242,
          242,
          242,
          241,
          241,
          240,
          241,
          244,
          272,
          273,
          288,
          294,
          301,
          300,
          301,
          301,
          301,
          301,
          301,
          301,
          301,
          301,
          301,
          301,
          301,
          300,
          301
        ],
        "speed_kts": [
          166,
          165,
          165,
          171,
          175,
          179,
          197,
          217,
          237,
          255,
          256,
          252,
          260,
          269,
          272,
          276,
          287,
          305,
          334,
          360,
          374,
          380,
          394,
          398,
          396,
          394,
          395,
          403,
          411,
          417,
          418,
          421,
          420,
          419,
          422,
          427,
          431,
          435,
          435,
          436,
          436,
          441,
          446,
          448,
          451,
          451,
          451,
          450,
          449,
          448,
          448,
          448,
          451,
          448,
          448,
          445,
          445,
          445,
          446,
          446,
          446,
          444,
          442,
          443,
          444,
          446,
          447,
          448,
          449,
          448,
          447,
          446,
          444,
          442,
          440,
          441,
          441,
          442,
          442,
          441,
          440,
          440,
          441,
          441,
          439,
          431,
          423,
          423,
          422,
          422,
          422,
          422,
          422,
          422,
          422,
          423,
          422,
          421,
          420,
          419,
          421,
          420,
          421,
          423,
          424,
          423,
          421,
          420,
          422,
          418,
          413,
          411,
          408,
          408,
          408,
          409,
          407,
          408,
          406,
          405,
          405,
          406,
          405,
          406,
          406,
          406,
          408,
          417,
          415,
          413,
          410,
          410,
          408,
          406,
          404,
          402,
          400,
          397,
          395,
          392,
          391,
          391,
          392,
          393,
          391,
          392,
          392,
          392,
          391,
          392,
          392,
          391,
          394,
          395,
          397,
          400,
          410,
          408,
          408,
          407,
          407,
          407,
          407,
          406,
          404,
          410,
          419,
          424,
          423,
          424,
          424,
          423,
          424,
          423,
          424,
          425,
          427,
          428,
          429,
          428,
          427,
          426,
          425,
          428,
          427,
          426,
          425,
          423,
          424,
          424,
          424,
          425,
          426,
          427,
          428,
          429,
          428,
          428,
          427,
          426,
          423,
          421,
          423,
          425,
          426,
          426,
          426,
          427,
          428,
          429,
          432,
          432,
          430,
          431,
          434,
          435,
          435,
          434,
          426,
          423,
          430,
          431,
          429,
          427,
          431,
          431,
          435,
          437,
          442,
          446,
          450,
          453,
          452,
          452,
          453,
          454,
          446,
          446,
          446,
          446,
          445,
          443,
          443,
          448,
          457,
          462,
          455,
          454,
          459,
          463,
          461,
          459,
          456,
          456,
          459,
          456,
          453,
          466,
          410,
          410,
          410,
          410,
          410,
          410,
          410,
          418,
          417,
          410,
          410,
          416,
          416,
          410,
          416,
          415,
          416,
          415,
          413,
          415,
          416,
          417,
          419,
          421,
          423,
          424,
          422,
          422,
          420,
          421,
          423,
          423,
          424,
          425,
          424,
          423,
          422,
          423,
          423,
          425,
          425,
          425,
          424,
          422,
          427,
          427,
          427,
          427,
          426,
          426,
          426,
          428,
          428,
          428,
          429,
          429,
          429,
          430,
          431,
          432,
          432,
          432,
          433,
          433,
          434,
          433,
          432,
          432,
          433,
          434,
          434,
          435,
          435,
          434,
          436,
          436,
          436,
          435,
          432,
          430,
          430,
          431,
          432,
          433,
          433,
          433,
          434,
          434,
          434,
          436,
          435,
          436,
          437,
          437,
          438,
          438,
          439,
          441,
          441,
          442,
          441,
          441,
          440,
          439,
          439,
          441,
          441,
          442,
          443,
          444,
          442,
          442,
          443,
          443,
          443,
          444,
          443,
          443,
          443,
          442,
          442,
          442,
          442,
          443,
          443,
          444,
          446,
          448,
          448,
          449,
          450,
          451,
          452,
          452,
          451,
          450,
          450,
          448,
          448,
          446,
          446,
          447,
          448,
          449,
          448,
          448,
          449,
          449,
          450,
          450,
          449,
          449,
          449,
          449,
          450,
          451,
          452,
          453,
          454,
          455,
          456,
          457,
          455,
          455,
          454,
          453,
          452,
          453,
          454,
          454,
          454,
          454,
          455,
          455,
          455,
          456,
          454,
          454,
          453,
          453,
          454,
          454,
          454,
          454,
          455,
          456,
          455,
          452,
          452,
          454,
          456,
          458,
          457,
          458,
          457,
          456,
          457,
          459,
          460,
          457,
          455,
          453,
          455,
          456,
          458,
          457,
          457,
          457,
          454,
          456,
          454,
          455,
          455,
          455,
          458,
          456,
          452,
          455,
          456,
          454,
          458,
          459,
          458,
          457,
          458,
          457,
          457,
          455,
          451,
          448,
          445,
          444,
          443,
          448,
          448,
          462,
          486,
          507,
          530,
          529,
          512,
          505,
          504,
          497,
          484,
          459,
          434,
          416,
          402,
          391,
          393,
          392,
          393,
          391,
          391,
          392,
          392,
          391,
          391,
          392,
          390,
          390,
          389,
          388,
          387,
          389,
          390,
          391,
          393,
          396,
          401,
          406,
          418,
          430,
          435,
          437,
          439,
          438,
          439,
          440,
          441,
          441,
          440,
          438,
          438,
          438,
          439,
          439,
          446,
          447,
          445,
          437,
          426,
          419,
          414,
          411,
          410,
          408,
          405,
          398,
          394,
          387,
          384,
          351,
          338,
          323,
          305,
          298,
          272,
          265,
          254,
          250,
          251,
          249,
          242,
          246,
          259,
          263,
          263,
          261,
          269,
          259,
          263,
          259,
          259,
          282,
          287,
          282,
          283,
          287,
          269,
          253,
          250,
          255,
          251,
          271,
          271,
          262,
          266,
          255,
          252,
          251,
          254,
          226,
          199,
          184,
          180,
          173,
          149,
          142,
          141,
          143,
          137,
          134,
          125,
          126,
          120,
          121,
          120,
          122,
          124,
          122,
          118,
          118,
          120,
          121,
          116
        ],
        "speed_mph": [
          191.0,
          190.0,
          190.0,
          197.0,
          201.0,
          206.0,
          227.0,
          250.0,
          273.0,
          293.0,
          295.0,
          290.0,
          299.0,
          310.0,
          313.0,
          318.0,
          330.0,
          351.0,
          384.0,
          414.0,
          430.0,
          437.0,
          453.0,
          458.0,
          456.0,
          453.0,
          455.0,
          464.0,
          473.0,
          480.0,
          481.0,
          484.0,
          483.0,
          482.0,
          486.0,
          491.0,
          496.0,
          501.0,
          501.0,
          502.0,
          502.0,
          507.0,
          513.0,
          516.0,
          519.0,
          519.0,
          519.0,
          518.0,
          517.0,
          516.0,
          516.0,
          516.0,
          519.0,
          516.0,
          516.0,
          512.0,
          512.0,
          512.0,
          513.0,
          513.0,
          513.0,
          511.0,
          509.0,
          510.0,
          511.0,
          513.0,
          514.0,
          516.0,
          517.0,
          516.0,
          514.0,
          513.0,
          511.0,
          509.0,
          506.0,
          507.0,
          507.0,
          509.0,
          509.0,
          507.0,
          506.0,
          506.0,
          507.0,
          507.0,
          505.0,
          496.0,
          487.0,
          487.0,
          486.0,
          486.0,
          486.0,
          486.0,
          486.0,
          486.0,
          486.0,
          487.0,
          486.0,
          484.0,
          483.0,
          482.0,
          484.0,
          483.0,
          484.0,
          487.0,
          488.0,
          487.0,
          484.0,
          483.0,
          486.0,
          481.0,
          475.0,
          473.0,
          470.0,
          470.0,
          470.0,
          471.0,
          468.0,
          470.0,
          467.0,
          466.0,
          466.0,
          467.0,
          466.0,
          467.0,
          467.0,
          467.0,
          470.0,
          480.0,
          478.0,
          475.0,
          472.0,
          472.0,
          470.0,
          467.0,
          465.0,
          463.0,
          460.0,
          457.0,
          455.0,
          451.0,
          450.0,
          450.0,
          451.0,
          452.0,
          450.0,
          451.0,
          451.0,
          451.0,
          450.0,
          451.0,
          451.0,
          450.0,
          453.0,
          455.0,
          457.0,
          460.0,
          472.0,
          470.0,
          470.0,
          468.0,
          468.0,
          468.0,
          468.0,
          467.0,
          465.0,
          472.0,
          482.0,
          488.0,
          487.0,
          488.0,
          488.0,
          487.0,
          488.0,
          487.0,
          488.0,
          489.0,
          491.0,
          493.0,
          494.0,
          493.0,
          491.0,
          490.0,
          489.0,
          493.0,
          491.0,
          490.0,
          489.0,
          487.0,
          488.0,
          488.0,
          488.0,
          489.0,
          490.0,
          491.0,
          493.0,
          494.0,
          493.0,
          493.0,
          491.0,
          490.0,
          487.0,
          484.0,
          487.0,
          489.0,
          490.0,
          490.0,
          490.0,
          491.0,
          493.0,
          494.0,
          497.0,
          497.0,
          495.0,
          496.0,
          499.0,
          501.0,
          501.0,
          499.0,
          490.0,
          487.0,
          495.0,
          496.0,
          494.0,
          491.0,
          496.0,
          496.0,
          501.0,
          503.0,
          509.0,
          513.0,
          518.0,
          521.0,
          520.0,
          520.0,
          521.0,
          522.0,
          513.0,
          513.0,
          513.0,
          513.0,
          512.0,
          510.0,
          510.0,
          516.0,
          526.0,
          532.0,
          524.0,
          522.0,
          528.0,
          533.0,
          531.0,
          528.0,
          525.0,
          525.0,
          528.0,
          525.0,
          521.0,
          536.0,
          472.0,
          472.0,
          472.0,
          472.0,
          472.0,
          472.0,
          472.0,
          481.0,
          480.0,
          472.0,
          472.0,
          479.0,
          479.0,
          472.0,
          479.0,
          478.0,
          479.0,
          478.0,
          475.0,
          478.0,
          479.0,
          480.0,
          482.0,
          484.0,
          487.0,
          488.0,
          486.0,
          486.0,
          483.0,
          484.0,
          487.0,
          487.0,
          488.0,
          489.0,
          488.0,
          487.0,
          486.0,
          487.0,
          487.0,
          489.0,
          489.0,
          489.0,
          488.0,
          486.0,
          491.0,
          491.0,
          491.0,
          491.0,
          490.0,
          490.0,
          490.0,
          493.0,
          493.0,
          493.0,
          494.0,
          494.0,
          494.0,
          495.0,
          496.0,
          497.0,
          497.0,
          497.0,
          498.0,
          498.0,
          499.0,
          498.0,
          497.0,
          497.0,
          498.0,
          499.0,
          499.0,
          501.0,
          501.0,
          499.0,
          502.0,
          502.0,
          502.0,
          501.0,
          497.0,
          495.0,
          495.0,
          496.0,
          497.0,
          498.0,
          498.0,
          498.0,
          499.0,
          499.0,
          499.0,
          502.0,
          501.0,
          502.0,
          503.0,
          503.0,
          504.0,
          504.0,
          505.0,
          507.0,
          507.0,
          509.0,
          507.0,
          507.0,
          506.0,
          505.0,
          505.0,
          507.0,
          507.0,
          509.0,
          510.0,
          511.0,
          509.0,
          509.0,
          510.0,
          510.0,
          510.0,
          511.0,
          510.0,
          510.0,
          510.0,
          509.0,
          509.0,
          509.0,
          509.0,
          510.0,
          510.0,
          511.0,
          513.0,
          516.0,
          516.0,
          517.0,
          518.0,
          519.0,
          520.0,
          520.0,
          519.0,
          518.0,
          518.0,
          516.0,
          516.0,
          513.0,
          513.0,
          514.0,
          516.0,
          517.0,
          516.0,
          516.0,
          517.0,
          517.0,
          518.0,
          518.0,
          517.0,
          517.0,
          517.0,
          517.0,
          518.0,
          519.0,
          520.0,
          521.0,
          522.0,
          524.0,
          525.0,
          526.0,
          524.0,
          524.0,
          522.0,
          521.0,
          520.0,
          521.0,
          522.0,
          522.0,
          522.0,
          522.0,
          524.0,
          524.0,
          524.0,
          525.0,
          522.0,
          522.0,
          521.0,
          521.0,
          522.0,
          522.0,
          522.0,
          522.0,
          524.0,
          525.0,
          524.0,
          520.0,
          520.0,
          522.0,
          525.0,
          527.0,
          526.0,
          527.0,
          526.0,
          525.0,
          526.0,
          528.0,
          529.0,
          526.0,
          524.0,
          521.0,
          524.0,
          525.0,
          527.0,
          526.0,
          526.0,
          526.0,
          522.0,
          525.0,
          522.0,
          524.0,
          524.0,
          524.0,
          527.0,
          525.0,
          520.0,
          524.0,
          525.0,
          522.0,
          527.0,
          528.0,
          527.0,
          526.0,
          527.0,
          526.0,
          526.0,
          524.0,
          519.0,
          516.0,
          512.0,
          511.0,
          510.0,
          516.0,
          516.0,
          532.0,
          559.0,
          583.0,
          610.0,
          609.0,
          589.0,
          581.0,
          580.0,
          572.0,
          557.0,
          528.0,
          499.0,
          479.0,
          463.0,
          450.0,
          452.0,
          451.0,
          452.0,
          450.0,
          450.0,
          451.0,
          451.0,
          450.0,
          450.0,
          451.0,
          449.0,
          449.0,
          448.0,
          447.0,
          445.0,
          448.0,
          449.0,
          450.0,
          452.0,
          456.0,
          461.0,
          467.0,
          481.0,
          495.0,
          501.0,
          503.0,
          505.0,
          504.0,
          505.0,
          506.0,
          507.0,
          507.0,
          506.0,
          504.0,
          504.0,
          504.0,
          505.0,
          505.0,
          513.0,
          514.0,
          512.0,
          503.0,
          490.0,
          482.0,
          476.0,
          473.0,
          472.0,
          470.0,
          466.0,
          458.0,
          453.0,
          445.0,
          442.0,
          404.0,
          389.0,
          372.0,
          351.0,
          343.0,
          313.0,
          305.0,
          292.0,
          288.0,
          289.0,
          287.0,
          278.0,
          283.0,
          298.0,
          303.0,
          303.0,
          300.0,
          310.0,
          298.0,
          303.0,
          298.0,
          298.0,
          325.0,
          330.0,
          325.0,
          326.0,
          330.0,
          310.0,
          291.0,
          288.0,
          293.0,
          289.0,
          312.0,
          312.0,
          302.0,
          306.0,
          293.0,
          290.0,
          289.0,
          292.0,
          260.0,
          229.0,
          212.0,
          207.0,
          199.0,
          171.0,
          163.0,
          162.0,
          165.0,
          158.0,
          154.0,
          144.0,
          145.0,
          138.0,
          139.0,
          138.0,
          140.0,
          143.0,
          140.0,
          136.0,
          136.0,
          138.0,
          139.0,
          133.0
        ],
        "altitude_ft": [
          675,
          1375,
          1975,
          2425,
          2875,
          3300,
          3450,
          3675,
          3975,
          4250,
          4900,
          5775,
          6400,
          6925,
          8025,
          9125,
          10025,
          10650,
          11075,
          11475,
          12150,
          13250,
          14075,
          15150,
          16375,
          17525,
          18500,
          19500,
          19975,
          20425,
          21325,
          22125,
          22525,
          23575,
          24125,
          24650,
          25100,
          25700,
          26600,
          27275,
          27875,
          28400,
          28950,
          29350,
          29675,
          30550,
          30975,
          31375,
          31675,
          32075,
          32500,
          32875,
          33175,
          33600,
          33975,
          34025,
          34000,
          34000,
          34000,
          34000,
          34000,
          34000,
          34000,
          34000,
          34000,
          34000,
          34000,
          34000,
          34000,
          34000,
          34000,
          34000,
          34000,
          34000,
          34000,
          34000,
          34000,
          34000,
          34000,
          34000,
          34000,
          34000,
          34000,
          34000,
          34000,
          34000,
          34000,
          34000,
          34000,
          34000,
          34000,
          34000,
          34000,
          34000,
          34000,
          34000,
          34000,
          34000,
          34000,
          34000,
          34000,
          34000,
          34050,
          34025,
          34000,
          34000,
          34000,
          34050,
          34375,
          34850,
          35375,
          35750,
          36000,
          36000,
          36000,
          35975,
          36025,
          35975,
          36000,
          36025,
          36000,
          36000,
          36025,
          36000,
          36000,
          35975,
          35650,
          35025,
          34975,
          35000,
          35025,
          35000,
          35000,
          35000,
          35000,
          35000,
          35000,
          35000,
          35000,
          35000,
          35000,
          35000,
          35000,
          35000,
          35025,
          35000,
          35000,
          35000,
          35000,
          35000,
          35000,
          34925,
          34625,
          34400,
          34125,
          34025,
          33975,
          34000,
          34000,
          34000,
          34000,
          34000,
          34000,
          33975,
          34000,
          34000,
          34000,
          34000,
          34000,
          34000,
          34000,
          34000,
          34000,
          34000,
          34000,
          34000,
          34000,
          34000,
          34000,
          34000,
          34000,
          34000,
          34000,
          34000,
          34000,
          34000,
          34000,
          34000,
          34000,
          34000,
          34000,
          34000,
          34000,
          34000,
          34000,
          34000,
          34000,
          34000,
          34000,
          34000,
          34000,
          34000,
          34000,
          34000,
          34000,
          34000,
          34000,
          34000,
          34000,
          34000,
          34000,
          34000,
          34000,
          34000,
          34000,
          34000,
          34000,
          34000,
          34000,
          34000,
          33975,
          34000,
          34000,
          34000,
          34000,
          34000,
          34000,
          34000,
          34000,
          34000,
          34000,
          34000,
          34000,
          34000,
          34000,
          34000,
          34000,
          34025,
          34425,
          34700,
          35100,
          35450,
          35825,
          35975,
          36150,
          36525,
          37100,
          37475,
          37550,
          37725,
          38050,
          38425,
          38725,
          38925,
          39000,
          39000,
          39000,
          39000,
          39000,
          39000,
          39000,
          39000,
          39000,
          39000,
          39000,
          39000,
          39000,
          39000,
          39000,
          39025,
          39000,
          39000,
          39000,
          39000,
          39000,
          39000,
          39000,
          39000,
          39000,
          39000,
          39000,
          39000,
          39000,
          38975,
          39000,
          39000,
          39000,
          39000,
          39000,
          39000,
          39000,
          39000,
          39000,
          39000,
          39000,
          39000,
          39000,
          39000,
          39000,
          39150,
          39575,
          39900,
          40000,
          40000,
          40000,
          40000,
          40000,
          40000,
          40000,
          40000,
          40000,
          40000,
          40000,
          40000,
          40000,
          40000,
          40000,
          40000,
          40000,
          40000,
          40000,
          40000,
          40000,
          40000,
          40000,
          40000,
          40000,
          40000,
          40000,
          40000,
          40000,
          40000,
          40000,
          40000,
          40000,
          40000,
          40000,
          40000,
          40000,
          40000,
          40000,
          40000,
          40000,
          40000,
          40000,
          40000,
          40000,
          40000,
          40000,
          40000,
          40000,
          40000,
          40000,
          40000,
          40000,
          40000,
          40000,
          40000,
          40000,
          40000,
          40000,
          40000,
          40000,
          40000,
          40000,
          40000,
          40000,
          40000,
          40000,
          40000,
          40000,
          40000,
          40000,
          40000,
          40000,
          40000,
          40000,
          40000,
          40000,
          40000,
          40000,
          40000,
          40000,
          40000,
          40000,
          40000,
          40000,
          40000,
          40000,
          40000,
          40000,
          40000,
          40000,
          40000,
          40000,
          40000,
          40000,
          40000,
          40000,
          40000,
          40000,
          40000,
          40000,
          40000,
          40000,
          40000,
          40000,
          40000,
          40000,
          40000,
          40000,
          40000,
          40000,
          40000,
          40000,
          40000,
          40000,
          40000,
          40000,
          40000,
          40000,
          40000,
          40000,
          40000,
          40000,
          40000,
          40000,
          40000,
          40000,
          40000,
          40000,
          40000,
          40000,
          40000,
          40000,
          40000,
          40000,
          40000,
          40000,
          40000,
          40000,
          40000,
          40000,
          40000,
          40000,
          40000,
          40000,
          40000,
          40000,
          40000,
          40000,
          40000,
          40000,
          40000,
          40000,
          40000,
          40000,
          40000,
          40000,
          40000,
          40000,
          40000,
          40000,
          40000,
          40000,
          40000,
          40000,
          40000,
          40000,
          40000,
          40000,
          40000,
          39975,
          39975,
          40000,
          40000,
          40000,
          40000,
          40000,
          40000,
          40000,
          40000,
          39975,
          40000,
          40000,
          40000,
          40000,
          40000,
          40000,
          40000,
          40000,
          40000,
          39975,
          40000,
          40025,
          40000,
          40000,
          40025,
          40000,
          40000,
          40000,
          40025,
          40000,
          40025,
          40000,
          40000,
          39975,
          40000,
          40000,
          40000,
          40000,
          40000,
          40000,
          40000,
          40000,
          40000,
          40000,
          40000,
          40025,
          40000,
          40000,
          40000,
          40000,
          40000,
          40000,
          40000,
          40000,
          40000,
          40000,
          40000,
          40000,
          40000,
          40000,
          40000,
          40000,
          40000,
          40000,
          40000,
          40000,
          40000,
          40000,
          40000,
          40000,
          40000,
          40000,
          39975,
          38900,
          37775,
          36975,
          36325,
          35525,
          34500,
          33500,
          31900,
          30700,
          29600,
          28700,
          27325,
          26250,
          24750,
          23975,
          23450,
          22825,
          22425,
          22100,
          21625,
          21150,
          20675,
          20375,
          19375,
          18550,
          17750,
          17150,
          16800,
          16475,
          16000,
          15475,
          14950,
          13575,
          12825,
          12375,
          12150,
          11950,
          11925,
          11600,
          10925,
          10125,
          9275,
          8925,
          8900,
          8900,
          8600,
          8150,
          7650,
          7025,
          6500,
          5600,
          5325,
          4525,
          4025,
          3825,
          3425,
          3100,
          2925,
          2900,
          2900,
          2900,
          2900,
          2900,
          2900,
          2900,
          2675,
          2325,
          1975,
          1625,
          1275,
          1200,
          1125,
          925,
          750,
          575,
          400,
          250,
          50,
          0
        ],
        "vertical_rate_fpm": [
          0.0,
          2438.0,
          1969.0,
          1688.0,
          1641.0,
          1078.0,
          703.0,
          984.0,
          1078.0,
          1734.0,
          2691.0,
          2647.0,
          2091.0,
          2167.0,
          2276.0,
          2000.0,
          1525.0,
          1050.0,
          825.0,
          1075.0,
          1775.0,
          1925.0,
          1900.0,
          2300.0,
          2375.0,
          2125.0,
          1795.0,
          1609.0,
          1388.0,
          1588.0,
          1700.0,
          1469.0,
          1500.0,
          1548.0,
          1217.0,
          1045.0,
          1125.0,
          1268.0,
          1331.0,
          1275.0,
          978.0,
          806.0,
          803.0,
          725.0,
          837.0,
          907.0,
          900.0,
          955.0,
          894.0,
          853.0,
          800.0,
          711.0,
          763.0,
          800.0,
          370.0,
          26.0,
          -44.0,
          0.0,
          0.0,
          0.0,
          0.0,
          0.0,
          0.0,
          0.0,
          0.0,
          0.0,
          0.0,
          0.0,
          0.0,
          0.0,
          0.0,
          0.0,
          0.0,
          0.0,
          0.0,
          0.0,
          0.0,
          0.0,
          0.0,
          0.0,
          0.0,
          0.0,
          0.0,
          0.0,
          0.0,
          0.0,
          0.0,
          0.0,
          0.0,
          0.0,
          0.0,
          0.0,
          0.0,
          0.0,
          0.0,
          0.0,
          0.0,
          0.0,
          0.0,
          0.0,
          0.0,
          50.0,
          25.0,
          -50.0,
          -25.0,
          0.0,
          50.0,
          375.0,
          800.0,
          1000.0,
          982.0,
          682.0,
          250.0,
          0.0,
          -25.0,
          25.0,
          0.0,
          -25.0,
          50.0,
          0.0,
          -25.0,
          25.0,
          0.0,
          -25.0,
          -25.0,
          -350.0,
          -663.0,
          -471.0,
          -25.0,
          50.0,
          0.0,
          -25.0,
          0.0,
          0.0,
          0.0,
          0.0,
          0.0,
          0.0,
          0.0,
          0.0,
          0.0,
          0.0,
          0.0,
          25.0,
          0.0,
          -25.0,
          0.0,
          0.0,
          0.0,
          0.0,
          -75.0,
          -375.0,
          -618.0,
          -588.0,
          -409.0,
          -176.0,
          -27.0,
          25.0,
          0.0,
          0.0,
          0.0,
          0.0,
          -25.0,
          0.0,
          31.0,
          0.0,
          0.0,
          0.0,
          0.0,
          0.0,
          0.0,
          0.0,
          0.0,
          0.0,
          0.0,
          0.0,
          0.0,
          0.0,
          0.0,
          0.0,
          0.0,
          0.0,
          0.0,
          0.0,
          0.0,
          0.0,
          0.0,
          0.0,
          0.0,
          0.0,
          0.0,
          0.0,
          0.0,
          0.0,
          0.0,
          0.0,
          0.0,
          0.0,
          0.0,
          0.0,
          0.0,
          0.0,
          0.0,
          0.0,
          0.0,
          0.0,
          0.0,
          0.0,
          0.0,
          0.0,
          0.0,
          0.0,
          0.0,
          0.0,
          0.0,
          0.0,
          0.0,
          0.0,
          0.0,
          -26.0,
          0.0,
          32.0,
          0.0,
          0.0,
          0.0,
          0.0,
          0.0,
          0.0,
          0.0,
          0.0,
          0.0,
          0.0,
          0.0,
          0.0,
          0.0,
          0.0,
          25.0,
          359.0,
          794.0,
          810.0,
          918.0,
          870.0,
          516.0,
          348.0,
          569.0,
          919.0,
          934.0,
          443.0,
          246.0,
          492.0,
          700.0,
          675.0,
          500.0,
          254.0,
          62.0,
          0.0,
          0.0,
          0.0,
          0.0,
          0.0,
          0.0,
          0.0,
          0.0,
          0.0,
          0.0,
          0.0,
          0.0,
          0.0,
          17.0,
          0.0,
          -10.0,
          0.0,
          0.0,
          0.0,
          0.0,
          0.0,
          0.0,
          0.0,
          0.0,
          0.0,
          0.0,
          0.0,
          -25.0,
          0.0,
          25.0,
          0.0,
          0.0,
          0.0,
          0.0,
          0.0,
          0.0,
          0.0,
          0.0,
          0.0,
          0.0,
          0.0,
          0.0,
          0.0,
          150.0,
          575.0,
          750.0,
          359.0,
          85.0,
          0.0,
          0.0,
          0.0,
          0.0,
          0.0,
          0.0,
          0.0,
          0.0,
          0.0,
          0.0,
          0.0,
          0.0,
          0.0,
          0.0,
          0.0,
          0.0,
          0.0,
          0.0,
          0.0,
          0.0,
          0.0,
          0.0,
          0.0,
          0.0,
          0.0,
          0.0,
          0.0,
          0.0,
          0.0,
          0.0,
          0.0,
          0.0,
          0.0,
          0.0,
          0.0,
          0.0,
          0.0,
          0.0,
          0.0,
          0.0,
          0.0,
          0.0,
          0.0,
          0.0,
          0.0,
          0.0,
          0.0,
          0.0,
          0.0,
          0.0,
          0.0,
          0.0,
          0.0,
          0.0,
          0.0,
          0.0,
          0.0,
          0.0,
          0.0,
          0.0,
          0.0,
          0.0,
          0.0,
          0.0,
          0.0,
          0.0,
          0.0,
          0.0,
          0.0,
          0.0,
          0.0,
          0.0,
          0.0,
          0.0,
          0.0,
          0.0,
          0.0,
          0.0,
          0.0,
          0.0,
          0.0,
          0.0,
          0.0,
          0.0,
          0.0,
          0.0,
          0.0,
          0.0,
          0.0,
          0.0,
          0.0,
          0.0,
          0.0,
          0.0,
          0.0,
          0.0,
          0.0,
          0.0,
          0.0,
          0.0,
          0.0,
          0.0,
          0.0,
          0.0,
          0.0,
          0.0,
          0.0,
          0.0,
          0.0,
          0.0,
          0.0,
          0.0,
          0.0,
          0.0,
          0.0,
          0.0,
          0.0,
          0.0,
          0.0,
          0.0,
          0.0,
          0.0,
          0.0,
          0.0,
          0.0,
          0.0,
          0.0,
          0.0,
          0.0,
          0.0,
          0.0,
          0.0,
          0.0,
          0.0,
          0.0,
          0.0,
          0.0,
          0.0,
          0.0,
          0.0,
          0.0,
          0.0,
          0.0,
          0.0,
          0.0,
          0.0,
          0.0,
          0.0,
          0.0,
          0.0,
          0.0,
          0.0,
          0.0,
          0.0,
          0.0,
          0.0,
          0.0,
          0.0,
          0.0,
          0.0,
          0.0,
          0.0,
          0.0,
          0.0,
          0.0,
          0.0,
          0.0,
          0.0,
          -25.0,
          -25.0,
          25.0,
          25.0,
          0.0,
          0.0,
          0.0,
          0.0,
          0.0,
          0.0,
          -29.0,
          0.0,
          25.0,
          0.0,
          0.0,
          0.0,
          0.0,
          0.0,
          0.0,
          0.0,
          -25.0,
          0.0,
          75.0,
          0.0,
          -24.0,
          21.0,
          0.0,
          -29.0,
          0.0,
          25.0,
          0.0,
          0.0,
          0.0,
          -39.0,
          -42.0,
          0.0,
          26.0,
          0.0,
          0.0,
          0.0,
          0.0,
          0.0,
          0.0,
          0.0,
          0.0,
          0.0,
          25.0,
          0.0,
          -25.0,
          0.0,
          0.0,
          0.0,
          0.0,
          0.0,
          0.0,
          0.0,
          0.0,
          0.0,
          0.0,
          0.0,
          0.0,
          0.0,
          0.0,
          0.0,
          0.0,
          0.0,
          0.0,
          0.0,
          0.0,
          0.0,
          0.0,
          0.0,
          0.0,
          -25.0,
          -1138.0,
          -2276.0,
          -2265.0,
          -2231.0,
          -2122.0,
          -2281.0,
          -2480.0,
          -2557.0,
          -2507.0,
          -2300.0,
          -2182.0,
          -2100.0,
          -2100.0,
          -2060.0,
          -2007.0,
          -1219.0,
          -972.0,
          -1025.0,
          -725.0,
          -1021.0,
          -1727.0,
          -1676.0,
          -1368.0,
          -1472.0,
          -1634.0,
          -1625.0,
          -1400.0,
          -1213.0,
          -1125.0,
          -980.0,
          -1000.0,
          -1050.0,
          -1520.0,
          -1700.0,
          -1200.0,
          -675.0,
          -481.0,
          -329.0,
          -356.0,
          -845.0,
          -1475.0,
          -1650.0,
          -1500.0,
          -592.0,
          -30.0,
          -300.0,
          -900.0,
          -1541.0,
          -1570.0,
          -1232.0,
          -1449.0,
          -1567.0,
          -1843.0,
          -2053.0,
          -857.0,
          -600.0,
          -725.0,
          -625.0,
          -250.0,
          -32.0,
          0.0,
          0.0,
          0.0,
          0.0,
          0.0,
          -225.0,
          -595.0,
          -724.0,
          -700.0,
          -700.0,
          -671.0,
          -563.0,
          -688.0,
          -703.0,
          -656.0,
          -656.0,
          -609.0,
          -656.0,
          -703.0,
          -656.0
        ]
      }
    }
  ]
}