time_europe_berlin,latitude,longitude,altitude_ft,speed_kts,speed_mph,course_deg_clockwise_from_north,vertical_rate_fpm,value_origin
23.11.2025 12:28:58,40.38813,39.795391,26825,0,0,124.0,0,original
23.11.2025 12:29:28,40.34117295238095,39.85076585714286,27539,18,21,125.9047619047619,0,interpolated
23.11.2025 12:29:58,40.2942159047619,39.90614071428572,28254,36,41,127.80952380952381,0,interpolated
23.11.2025 12:30:28,40.24725885714285,39.96151557142857,28968,54,62,129.71428571428572,0,interpolated
23.11.2025 12:30:58,40.20030180952381,40.01689042857143,29682,72,83,131.61904761904762,0,interpolated
23.11.2025 12:31:28,40.15334476190476,40.07226528571429,30396,90,104,133.52380952380952,0,interpolated
23.11.2025 12:31:58,40.10638771428571,40.127640142857146,31111,109,125,135.42857142857142,0,interpolated
23.11.2025 12:32:28,40.059430666666664,40.183015,31825,127,146,137.33333333333334,0,interpolated
23.11.2025 12:32:58,40.01247361904762,40.238389857142856,32539,145,167,139.23809523809524,0,interpolated
23.11.2025 12:33:28,39.965516571428566,40.293764714285714,33254,163,188,141.14285714285714,0,interpolated
23.11.2025 12:33:58,39.91855952380952,40.34913957142857,33968,181,208,143.04761904761904,0,interpolated
23.11.2025 12:34:13,39.895081,40.376827,34325,190,219,144.0,0,original
23.11.2025 12:34:15,39.890778,40.382065,34400,452,520,138.0,0,original
23.11.2025 12:34:17,39.888863,40.384449,34450,442,509,137.0,0,original
23.11.2025 12:34:20,39.885422,40.388542,34500,444,511,137.0,0,original
23.11.2025 12:34:22,39.881184,40.393417,34550,448,516,137.0,0,original
23.11.2025 12:34:24,39.877369,40.398022,34625,190,219,139.0,0,original
23.11.2025 12:34:30,39.867756,40.409817,34775,460,529,136.0,0,original
23.11.2025 12:34:57,39.826767,40.456429,35475,474,545,143.0,0,original
23.11.2025 12:35:01,39.822159,40.461964,35550,449,517,138.0,0,original
23.11.2025 12:35:42,39.757122,40.538551,36425,445,512,137.0,0,original
23.11.2025 12:36:54,39.646706,40.665909,37350,450,518,138.0,0,original
23.11.2025 12:37:06,39.628906,40.686543,37500,200,230,141.0,0,original
23.11.2025 12:37:09,39.622822,40.693741,37550,454,522,138.0,0,original
23.11.2025 12:37:13,39.61887,40.698288,37600,454,522,139.0,0,original
23.11.2025 12:37:16,39.615002,40.702736,37600,190,219,139.0,0,original
23.11.2025 12:37:18,39.609924,40.708809,37650,520,598,137.0,0,original
23.11.2025 12:37:20,39.60442,40.715275,37675,452,520,137.0,0,original
23.11.2025 12:37:23,39.601589,40.718376,37700,454,522,138.0,0,original
23.11.2025 12:37:26,39.598442,40.721775,37725,240,276,141.0,0,original
23.11.2025 12:37:29,39.592354,40.728947,37775,451,519,134.0,0,original
23.11.2025 12:37:31,39.590031,40.731819,37800,435,501,135.0,0,original
23.11.2025 12:37:33,39.586021,40.736248,37825,260,299,142.0,0,original
23.11.2025 12:37:35,39.581921,40.740696,37850,469,540,140.0,0,original
23.11.2025 12:37:38,39.577583,40.74577,37875,480,552,138.0,0,original
23.11.2025 12:37:40,39.574547,40.749363,37900,480,552,138.0,0,original
23.11.2025 12:37:42,39.57262,40.751453,37950,100,115,138.0,0,original
23.11.2025 12:37:45,39.568619,40.756222,37975,452,520,138.0,0,original
23.11.2025 12:37:48,39.561848,40.763885,38000,453,521,138.0,0,original
23.11.2025 12:37:50,39.55994,40.766109,38050,230,265,137.0,0,original
23.11.2025 12:37:54,39.553608,40.773315,38075,400,460,138.0,0,original
23.11.2025 12:37:56,39.549934,40.777542,38100,455,524,137.0,0,original
23.11.2025 12:37:58,39.545322,40.78257,38125,500,575,138.0,0,original
23.11.2025 12:38:07,39.533226,40.796673,38225,210,242,132.0,0,original
23.11.2025 12:38:09,39.528702,40.801441,38250,250,288,141.0,0,original
23.11.2025 12:38:14,39.521,40.810413,38325,453,521,138.0,0,original
23.11.2025 12:38:22,39.508854,40.82431,38425,457,526,139.0,0,original
23.11.2025 12:38:25,39.503719,40.830418,38450,460,529,158.0,0,original
23.11.2025 12:38:28,39.498329,40.836628,38500,442,509,138.0,0,original
23.11.2025 12:38:31,39.496536,40.838676,38525,450,518,138.0,0,original
23.11.2025 12:38:34,39.490303,40.846066,38550,360,414,136.0,0,original
23.11.2025 12:38:36,39.486649,40.850288,38600,444,511,138.0,0,original
23.11.2025 12:38:39,39.483589,40.853893,38625,445,512,137.0,0,original
23.11.2025 12:38:41,39.48056,40.857403,38650,447,514,137.0,0,original
23.11.2025 12:38:43,39.476501,40.862026,38675,230,265,138.0,0,original
23.11.2025 12:38:45,39.473148,40.866051,38700,487,560,138.0,0,original
23.11.2025 12:38:48,39.468025,40.871994,38725,410,472,138.0,0,original
23.11.2025 12:38:51,39.462746,40.878029,38775,455,524,138.0,0,original
23.11.2025 12:38:54,39.458694,40.882736,38800,570,656,138.0,0,original
23.11.2025 12:38:58,39.453156,40.889294,38850,450,518,138.0,0,original
23.11.2025 12:39:22,39.415661,40.931435,39125,447,514,139.0,0,original
23.11.2025 12:39:25,39.411133,40.936924,39175,447,514,136.0,0,original
23.11.2025 12:39:27,39.406651,40.941803,39200,360,414,140.0,0,original
23.11.2025 12:39:30,39.403416,40.945454,39225,476,548,139.0,0,original
23.11.2025 12:39:32,39.399693,40.949684,39250,467,537,138.0,0,original
23.11.2025 12:39:34,39.394878,40.955269,39275,451,519,138.0,0,original
23.11.2025 12:39:39,39.388153,40.962906,39325,446,513,138.0,0,original
23.11.2025 12:40:00,39.38298,40.999287,39550,320,368,132.0,0,original
23.11.2025 12:40:04,39.375015,41.00811,39600,456,525,138.0,0,original
23.11.2025 12:40:08,39.368969,41.015762,39650,460,529,135.0,0,original
23.11.2025 12:40:28,39.337677,41.072819,39850,560,644,125.0,0,original
23.11.2025 12:40:32,39.332077,41.057629,39875,270,311,140.0,0,original
23.11.2025 12:40:36,39.325054,41.065113,39925,470,541,138.0,0,original
23.11.2025 12:40:45,39.28495,41.080498,40025,960,1105,163.0,0,original
23.11.2025 12:40:49,39.278446,41.088181,40075,440,506,137.0,0,original
23.11.2025 12:40:52,39.274284,41.092674,40100,454,522,139.0,0,original
23.11.2025 12:40:55,39.269592,41.097713,40125,444,511,140.0,0,original
23.11.2025 12:40:59,39.264599,41.103371,40175,444,511,139.0,0,original
23.11.2025 12:41:01,39.259972,41.108707,40200,447,514,138.0,0,original
23.11.2025 12:41:12,39.244495,41.126785,40300,439,505,137.0,0,original
23.11.2025 12:41:14,39.239529,41.132122,40325,482,555,140.0,0,original
23.11.2025 12:41:17,39.235733,41.136475,40350,453,521,139.0,0,original
23.11.2025 12:41:19,39.231968,41.140869,40375,452,520,138.0,0,original
23.11.2025 12:41:24,39.225075,41.149639,40425,430,495,135.0,0,original
23.11.2025 12:41:26,39.222103,41.153522,40450,439,505,135.0,0,original
23.11.2025 12:41:29,39.218075,41.158646,40475,442,509,135.0,0,original
23.11.2025 12:41:38,39.206726,41.173534,40575,450,518,133.0,0,original
23.11.2025 12:41:40,39.202793,41.179157,40600,451,519,132.0,0,original
23.11.2025 12:41:59,39.175133,41.219097,40800,480,552,173.0,0,original
23.11.2025 12:42:01,39.173347,41.221603,40800,310,357,137.0,0,original
23.11.2025 12:42:05,39.168991,41.228027,40850,458,527,131.0,0,original
23.11.2025 12:42:09,39.162327,41.238071,40875,454,522,176.0,0,original
23.11.2025 12:42:12,39.156693,41.246361,40900,280,322,130.0,0,original
23.11.2025 12:42:15,39.154385,41.24984,40925,437,503,130.0,0,original
23.11.2025 12:42:17,39.151524,41.254166,40925,478,550,132.0,0,original
23.11.2025 12:42:20,39.147758,41.26033,40950,460,529,128.0,0,original
23.11.2025 12:42:22,39.143677,41.266407,40975,430,495,131.0,0,original
23.11.2025 12:42:26,39.139694,41.27219,41025,450,518,131.0,0,original
23.11.2025 12:42:28,39.136822,41.276405,41025,130,150,133.0,0,original
23.11.2025 12:42:30,39.132816,41.28244,41050,400,460,130.0,0,original
23.11.2025 12:42:34,39.127369,41.290638,41075,450,518,130.0,0,original
23.11.2025 12:42:36,39.125931,41.2929,41100,457,526,130.0,0,original
23.11.2025 12:42:38,39.120911,41.300495,41125,451,519,130.0,0,original
23.11.2025 12:42:41,39.117844,41.305042,41150,451,519,130.0,0,original
23.11.2025 12:42:44,39.11446,41.310013,41175,453,521,130.0,0,original
23.11.2025 12:42:47,39.110207,41.316128,41200,451,519,131.0,0,original
23.11.2025 12:43:12,39.076534,41.3657,41425,20,23,132.0,0,original
23.11.2025 12:43:14,39.072269,41.371925,41450,460,529,131.0,0,original
23.11.2025 12:43:17,39.068832,41.376942,41475,452,520,131.0,0,original
23.11.2025 12:43:19,39.06559,41.381554,41475,453,521,131.0,0,original
23.11.2025 12:43:23,39.061516,41.387615,41525,452,520,131.0,0,original
23.11.2025 12:43:28,39.054367,41.397919,41550,70,81,134.0,0,original
23.11.2025 12:43:30,39.04969,41.404518,41575,510,587,132.0,0,original
23.11.2025 12:43:32,39.047543,41.407715,41575,457,526,131.0,0,original
23.11.2025 12:43:35,39.043331,41.41378,41600,451,519,131.0,0,original
23.11.2025 12:43:37,39.041805,41.416138,41625,140,161,129.0,0,original
23.11.2025 12:43:40,39.037773,41.42223,41650,435,501,129.0,0,original
23.11.2025 12:43:42,39.033646,41.427601,41650,460,529,134.0,0,original
23.11.2025 12:43:46,39.028828,41.435112,41675,880,1013,131.0,0,original
23.11.2025 12:43:48,39.02449,41.440887,41700,431,496,134.0,0,original
23.11.2025 12:43:50,39.022289,41.444031,41700,453,521,130.0,0,original
23.11.2025 12:43:59,39.009209,41.463654,41775,455,524,130.0,0,original
23.11.2025 12:44:02,39.006649,41.466995,41800,450,518,136.0,0,original
23.11.2025 12:44:04,39.003117,41.472626,41800,350,403,121.0,0,original
23.11.2025 12:44:06,39.000755,41.47578,41825,457,526,132.0,0,original
23.11.2025 12:44:08,38.996742,41.481617,41825,455,524,131.0,0,original
23.11.2025 12:44:10,38.995232,41.483841,41850,455,524,131.0,0,original
23.11.2025 12:44:15,38.989067,41.493008,41875,455,524,130.0,0,original
23.11.2025 12:44:17,38.985561,41.498203,41900,453,521,130.0,0,original
23.11.2025 12:44:20,38.982185,41.503139,41925,456,525,131.0,0,original
23.11.2025 12:44:23,38.978519,41.50843,41925,456,525,131.0,0,original
23.11.2025 12:44:25,38.973866,41.51535,41950,540,621,130.0,0,original
23.11.2025 12:44:28,38.971828,41.51823,41950,461,531,130.0,0,original
23.11.2025 12:44:30,38.967468,41.524445,41975,456,525,131.0,0,original
23.11.2025 12:44:34,38.962479,41.531761,42000,310,357,131.0,0,original
23.11.2025 12:45:05,38.917236,41.596622,42175,610,702,130.0,0,original
23.11.2025 12:45:43,38.864433,41.673435,42375,459,528,131.0,0,original
23.11.2025 12:46:09,38.829418,41.723751,42525,459,528,131.0,0,original
23.11.2025 12:46:11,38.826473,41.727798,42550,70,81,135.0,0,original
23.11.2025 12:46:13,38.822941,41.733143,42550,340,391,131.0,0,original
23.11.2025 12:46:16,38.820068,41.737129,42550,466,536,134.0,0,original
23.11.2025 12:46:18,38.81477,41.74485,42575,390,449,130.0,0,original
23.11.2025 12:46:21,38.812668,41.747936,42575,220,253,130.0,0,original
23.11.2025 12:46:24,38.808899,41.753319,42600,60,69,135.0,0,original
23.11.2025 12:46:26,38.804718,41.759426,42625,400,460,132.0,0,original
23.11.2025 12:46:34,38.794086,41.774708,42675,340,391,131.0,0,original
23.11.2025 12:46:38,38.78616,41.785965,42675,590,679,133.0,0,original
23.11.2025 12:46:41,38.780754,41.793373,42700,790,909,131.0,0,original
23.11.2025 12:46:44,38.777069,41.798958,42700,980,1128,133.0,0,original
23.11.2025 12:46:46,38.780434,41.794788,42725,90,104,318.0,0,original
23.11.2025 12:46:57,38.759399,41.823914,42775,330,380,132.0,0,original
23.11.2025 12:47:01,38.757133,41.827595,42800,320,368,317.0,0,original
23.11.2025 12:47:06,38.752163,41.843895,42825,230,265,81.0,0,original
23.11.2025 12:47:08,38.746841,41.842392,42850,150,173,131.0,0,original
23.11.2025 12:47:10,38.741848,41.849384,42850,580,667,132.0,0,original
23.11.2025 12:47:13,38.740032,41.852119,42875,270,311,132.0,0,original
23.11.2025 12:47:15,38.738205,41.855015,42875,270,311,132.0,0,original
23.11.2025 12:47:19,38.728664,41.86795,42900,660,760,133.0,0,original
23.11.2025 12:47:22,38.726582,41.871418,42925,110,127,132.0,0,original
23.11.2025 12:47:25,38.724545,41.874733,42950,270,311,128.0,0,original
23.11.2025 12:47:27,38.719673,41.881508,42950,552,635,130.0,0,original
23.11.2025 12:47:29,38.716728,41.885742,42975,482,555,132.0,0,original
23.11.2025 12:47:31,38.713634,41.890179,42975,467,537,132.0,0,original
23.11.2025 12:47:34,38.709408,41.896126,42975,455,524,132.0,0,original
23.11.2025 12:47:37,38.70565,41.901478,43000,456,525,132.0,0,original
23.11.2025 12:47:39,38.702911,41.905396,43000,455,524,131.0,0,original
23.11.2025 12:47:42,38.699108,41.910816,43025,396,456,132.0,0,original
23.11.2025 12:47:44,38.694767,41.917103,43025,530,610,131.0,0,original
23.11.2025 12:47:47,38.691113,41.922215,43050,290,334,131.0,0,original
23.11.2025 12:47:50,38.688171,41.926643,43075,436,502,130.0,0,original
23.11.2025 12:47:52,38.6847,41.931648,43075,462,532,131.0,0,original
23.11.2025 12:48:04,38.668518,41.955158,43150,90,104,125.0,0,original
23.11.2025 12:48:06,38.665909,41.958656,43175,300,345,133.0,0,original
23.11.2025 12:48:08,38.661919,41.964443,43175,454,522,132.0,0,original
23.11.2025 12:48:11,38.657761,41.970184,43175,463,533,132.0,0,original
23.11.2025 12:48:13,38.655437,41.973431,43200,461,531,132.0,0,original
23.11.2025 12:48:15,38.652081,41.978195,43200,459,528,132.0,0,original
23.11.2025 12:48:17,38.650303,41.98436,43225,350,403,86.0,0,original
23.11.2025 12:48:20,38.646141,41.986778,43225,260,299,132.0,0,original
23.11.2025 12:48:22,38.643047,41.991055,43250,449,517,133.0,0,original
23.11.2025 12:48:24,38.638081,41.998062,43250,451,519,132.0,0,original
23.11.2025 12:48:27,38.636158,42.00082,43275,454,522,132.0,0,original
23.11.2025 12:48:30,38.630547,42.009281,43300,190,219,127.0,0,original
23.11.2025 12:48:32,38.625523,42.015846,43300,800,921,134.0,0,original
23.11.2025 12:48:35,38.625172,42.016842,43325,120,138,130.0,0,original
23.11.2025 12:48:37,38.621536,42.021976,43325,453,521,132.0,0,original
23.11.2025 12:48:40,38.61932,42.025097,43350,456,525,132.0,0,original
23.11.2025 12:48:42,38.613045,42.033844,43350,110,127,114.0,0,original
23.11.2025 12:48:44,38.61338,42.033928,43375,30,35,133.0,0,original
23.11.2025 12:48:48,38.610054,42.038906,43375,40,46,122.0,0,original
23.11.2025 12:48:50,38.604092,42.046951,43400,580,667,133.0,0,original
23.11.2025 12:48:52,38.600273,42.052261,43400,590,679,133.0,0,original
23.11.2025 12:48:55,38.5947,42.059906,43425,490,564,131.0,0,original
23.11.2025 12:48:57,38.593025,42.062347,43450,490,564,194.0,0,original
23.11.2025 12:48:59,38.589664,42.067261,43450,490,564,168.0,0,original
23.11.2025 12:49:03,38.58469,42.074371,43475,340,391,130.0,0,original
23.11.2025 12:49:05,38.580372,42.080078,43475,610,702,133.0,0,original
23.11.2025 12:49:09,38.57246,42.090744,43500,624,718,133.0,0,original
23.11.2025 12:49:11,38.569424,42.095009,43500,594,684,133.0,0,original
23.11.2025 12:49:15,38.569309,42.09655,43525,80,92,128.0,0,original
23.11.2025 12:49:18,38.567001,42.09996,43525,180,207,131.0,0,original
23.11.2025 12:49:20,38.562382,42.106361,43550,540,621,132.0,0,original
23.11.2025 12:49:22,38.558182,42.112,43550,537,618,132.0,0,original
23.11.2025 12:49:26,38.552826,42.119831,43575,320,368,133.0,0,original
23.11.2025 12:49:28,38.551197,42.12244,43575,40,46,131.0,0,original
23.11.2025 12:49:30,38.547577,42.12743,43600,260,299,133.0,0,original
23.11.2025 12:49:34,38.54208,42.135208,43600,220,253,129.0,0,original
23.11.2025 12:49:36,38.538048,42.140526,43600,300,345,131.0,0,original
23.11.2025 12:49:38,38.533756,42.14687,43625,580,667,131.0,0,original
23.11.2025 12:49:41,38.530479,42.151405,43625,380,437,132.0,0,original
23.11.2025 12:49:43,38.527531,42.155609,43625,540,621,133.0,0,original
23.11.2025 12:49:46,38.523293,42.161354,43650,400,460,133.0,0,original
23.11.2025 12:49:48,38.519604,42.166843,43650,590,679,133.0,0,original
23.11.2025 12:49:50,38.517773,42.169537,43675,120,138,125.0,0,original
23.11.2025 12:49:54,38.515118,42.173725,43675,270,311,133.0,0,original
23.11.2025 12:49:56,38.509487,42.181,43675,580,667,134.0,0,original
23.11.2025 12:49:58,38.505703,42.186302,43700,430,495,132.0,0,original
23.11.2025 12:50:00,38.502594,42.190575,43700,280,322,134.0,0,original
23.11.2025 12:50:04,38.497974,42.197166,43700,330,380,131.0,0,original
23.11.2025 12:50:06,38.494331,42.20245,43725,430,495,131.0,0,original
23.11.2025 12:50:08,38.494396,42.2029,43725,321,369,125.0,0,original
23.11.2025 12:50:11,38.491821,42.206715,43750,330,380,131.0,0,original
23.11.2025 12:50:14,38.488071,42.211975,43750,350,403,133.0,0,original
23.11.2025 12:50:16,38.485592,42.215607,43750,30,35,130.0,0,original
23.11.2025 12:50:18,38.476574,42.227421,43775,500,575,134.0,0,original
23.11.2025 12:50:21,38.473415,42.231785,43775,200,230,129.0,0,original
23.11.2025 12:50:23,38.470539,42.236031,43775,220,253,126.0,0,original
23.11.2025 12:50:25,38.469429,42.238144,43800,80,92,132.0,0,original
23.11.2025 12:50:27,38.465233,42.243893,43800,680,783,135.0,0,original
23.11.2025 12:50:30,38.464466,42.245453,43800,190,219,129.0,0,original
23.11.2025 12:50:32,38.460594,42.250763,43825,170,196,133.0,0,original
23.11.2025 12:50:34,38.456203,42.256653,43825,380,437,133.0,0,original
23.11.2025 12:50:37,38.451893,42.262852,43825,430,495,132.0,0,original
23.11.2025 12:50:39,38.44595,42.267929,43850,650,748,153.0,0,original
23.11.2025 12:50:42,38.447094,42.269871,43850,650,748,144.0,0,original
23.11.2025 12:50:44,38.439827,42.279449,43850,860,990,133.0,0,original
23.11.2025 12:50:46,38.437874,42.282452,43875,220,253,129.0,0,original
23.11.2025 12:50:48,38.436848,42.284523,43875,160,184,131.0,0,original
23.11.2025 12:50:51,38.433281,42.289227,43900,440,506,135.0,0,original
23.11.2025 12:50:54,38.429333,42.295055,43900,462,532,131.0,0,original
23.11.2025 12:50:58,38.424553,42.301605,43925,453,521,132.0,0,original
23.11.2025 12:51:00,38.420074,42.308075,43925,370,426,130.0,0,original
23.11.2025 12:51:02,38.415951,42.313839,43925,440,506,132.0,0,original
23.11.2025 12:51:06,38.412914,42.318317,43950,290,334,131.0,0,original
23.11.2025 12:51:08,38.408886,42.323666,43950,360,414,135.0,0,original
23.11.2025 12:51:11,38.403366,42.331413,43975,390,449,131.0,0,original
23.11.2025 12:51:13,38.401859,42.334087,43975,300,345,130.0,0,original
23.11.2025 12:51:16,38.39986,42.337299,43975,250,288,129.0,0,original
23.11.2025 12:51:19,38.39407,42.345188,44000,490,564,133.0,0,original
23.11.2025 12:51:22,38.389202,42.351864,44000,390,449,233.0,0,original
23.11.2025 12:51:25,38.385498,42.356712,44025,180,207,135.0,0,original
23.11.2025 12:51:27,38.382256,42.361454,44025,437,503,131.0,0,original
23.11.2025 12:51:29,38.379398,42.365532,44025,452,520,131.0,0,original
23.11.2025 12:51:32,38.375092,42.371593,44050,454,522,131.0,0,original
23.11.2025 12:51:34,38.37188,42.375912,44050,454,522,132.0,0,original
23.11.2025 12:51:37,38.367878,42.381271,44050,458,527,133.0,0,original
23.11.2025 12:51:39,38.364388,42.386204,44075,410,472,131.0,0,original
23.11.2025 12:51:42,38.360218,42.392082,44075,453,521,132.0,0,original
23.11.2025 12:51:44,38.358276,42.394932,44100,449,517,131.0,0,original
23.11.2025 12:51:46,38.353558,42.401466,44100,447,514,132.0,0,original
23.11.2025 12:51:48,38.351974,42.403728,44100,461,531,132.0,0,original
23.11.2025 12:51:51,38.347523,42.410149,44125,459,528,131.0,0,original
23.11.2025 12:51:53,38.34425,42.414864,44125,360,414,131.0,0,original
23.11.2025 12:52:03,38.330341,42.434479,44175,410,472,132.0,0,original
23.11.2025 12:52:15,38.314621,42.456745,44200,380,437,133.0,0,original
23.11.2025 12:52:17,38.311298,42.461208,44225,220,253,136.0,0,original
23.11.2025 12:52:19,38.307579,42.466442,44225,370,426,132.0,0,original
23.11.2025 12:52:22,38.302944,42.472736,44225,520,598,134.0,0,original
23.11.2025 12:52:24,38.300621,42.476418,44250,473,544,132.0,0,original
23.11.2025 12:52:27,38.296967,42.481667,44250,451,519,131.0,0,original
23.11.2025 12:52:29,38.293686,42.48629,44250,280,322,131.0,0,original
23.11.2025 12:52:31,38.290833,42.490257,44275,260,299,133.0,0,original
23.11.2025 12:52:34,38.286541,42.496056,44275,260,299,133.0,0,original
23.11.2025 12:52:37,38.282536,42.501984,44300,300,345,122.0,0,original
23.11.2025 12:52:39,38.278561,42.507465,44300,510,587,132.0,0,original
23.11.2025 12:52:45,38.272251,42.516315,44325,400,460,131.0,0,original
23.11.2025 12:52:48,38.266148,42.524761,44325,390,449,132.0,0,original
23.11.2025 12:52:52,38.261616,42.531063,44350,451,519,132.0,0,original
23.11.2025 12:52:54,38.258419,42.535763,44350,460,529,131.0,0,original
23.11.2025 12:52:56,38.255257,42.540104,44350,200,230,135.0,0,original
23.11.2025 12:53:03,38.244804,42.55518,44400,450,518,131.0,0,original
23.11.2025 12:53:10,38.23547,42.56773,44400,450,518,133.0,0,original
23.11.2025 12:53:12,38.231899,42.572613,44425,480,552,130.0,0,original
23.11.2025 12:53:14,38.229504,42.576344,44425,483,556,129.0,0,original
23.11.2025 12:53:18,38.224285,42.583576,44425,430,495,132.0,0,original
23.11.2025 12:53:20,38.221153,42.588047,44450,360,414,131.0,0,original
23.11.2025 12:53:23,38.215572,42.595619,44450,461,531,132.0,0,original
23.11.2025 12:53:26,38.212536,42.599838,44475,300,345,132.0,0,original
23.11.2025 12:53:28,38.209408,42.604218,44475,466,536,131.0,0,original
23.11.2025 12:53:30,38.206047,42.60886,44475,462,532,132.0,0,original
23.11.2025 12:53:33,38.2019,42.614651,44500,430,495,134.0,0,original
23.11.2025 12:53:35,38.198944,42.618858,44500,310,357,131.0,0,original
23.11.2025 12:53:39,38.194042,42.625751,44525,461,531,131.0,0,original
23.11.2025 12:53:43,38.186768,42.635876,44525,510,587,132.0,0,original
23.11.2025 12:53:54,38.172756,42.656841,44575,840,967,146.0,0,original
23.11.2025 12:53:56,38.168591,42.66143,44600,400,460,138.0,0,original
23.11.2025 12:53:59,38.165627,42.665482,44600,459,528,132.0,0,original
23.11.2025 12:54:02,38.161785,42.67086,44600,456,525,132.0,0,original
23.11.2025 12:54:07,38.154606,42.681137,44625,420,483,131.0,0,original
23.11.2025 12:54:15,38.142811,42.697765,44650,390,449,131.0,0,original
23.11.2025 12:54:18,38.140457,42.701054,44675,442,509,132.0,0,original
23.11.2025 12:54:20,38.136528,42.706451,44675,160,184,134.0,0,original
23.11.2025 12:54:23,38.1315,42.713604,44675,290,334,131.0,0,original
23.11.2025 12:54:25,38.128654,42.717457,44700,454,522,131.0,0,original
23.11.2025 12:54:56,38.085262,42.77774,44800,458,527,131.0,0,original
23.11.2025 12:55:30,38.03574,42.846031,44975,490,564,133.0,0,original
23.11.2025 12:55:39,38.023651,42.863056,45000,451,519,131.0,0,original
23.11.2025 12:55:42,38.020176,42.86795,45000,455,524,131.0,0,original
23.11.2025 12:55:44,38.016247,42.87339,45000,453,521,132.0,0,original
23.11.2025 12:55:47,38.013065,42.878067,45000,10,12,130.0,0,original
23.11.2025 12:55:49,38.010395,42.882004,45000,170,196,129.0,0,original
23.11.2025 12:55:51,38.006096,42.88784,45000,451,519,132.0,0,original
23.11.2025 12:55:53,38.003242,42.891861,45000,449,517,132.0,0,original
23.11.2025 12:55:58,37.996689,42.900948,45000,380,437,132.0,0,original
23.11.2025 12:56:00,37.993114,42.906223,45000,463,533,130.0,0,original
23.11.2025 12:56:03,37.990051,42.91053,45000,462,532,131.0,0,original
23.11.2025 12:56:05,37.987778,42.913673,45000,90,104,128.0,0,original
23.11.2025 12:56:07,37.984161,42.918728,45000,457,526,131.0,0,original
23.11.2025 12:56:10,37.980026,42.924572,45000,457,526,131.0,0,original
23.11.2025 12:56:12,37.977627,42.927933,45000,455,524,131.0,0,original
23.11.2025 12:56:14,37.975044,42.931576,45000,455,524,131.0,0,original
23.11.2025 12:56:17,37.970924,42.937355,45000,458,527,131.0,0,original
23.11.2025 12:56:19,37.966751,42.94313,45000,458,527,132.0,0,original
23.11.2025 12:56:24,37.961143,42.950829,45000,330,380,132.0,0,original
23.11.2025 12:56:34,37.944618,42.973911,45000,300,345,142.0,0,original
23.11.2025 12:56:36,37.940174,42.979309,45000,917,1055,114.0,0,original
23.11.2025 12:56:38,37.939415,42.980778,45000,210,242,126.0,0,original
23.11.2025 12:56:41,37.93544,42.98608,45000,458,527,133.0,0,original
23.11.2025 12:56:43,37.932209,42.990639,45000,350,403,131.0,0,original
23.11.2025 12:56:46,37.929325,42.994759,45000,444,511,131.0,0,original
23.11.2025 12:56:48,37.92524,43.000278,45000,450,518,132.0,0,original
23.11.2025 12:56:51,37.92128,43.005512,45000,457,526,133.0,0,original
23.11.2025 12:56:53,37.91798,43.010063,45000,456,525,132.0,0,original
23.11.2025 12:56:55,37.915131,43.012909,45000,270,311,141.0,0,original
23.11.2025 12:56:57,37.911388,43.018932,45000,410,472,124.0,0,original
23.11.2025 12:56:59,37.909119,43.022259,45000,280,322,130.0,0,original
23.11.2025 12:57:01,37.906284,43.025745,45000,310,357,134.0,0,original
23.11.2025 12:57:04,37.902664,43.030411,45000,200,230,111.0,0,original
23.11.2025 12:57:06,37.900528,43.033539,45000,120,138,130.0,0,original
23.11.2025 12:57:09,37.895802,43.037838,45000,280,322,151.0,0,original
23.11.2025 12:57:11,37.891571,43.042931,45000,470,541,136.0,0,original
23.11.2025 12:57:13,37.889339,43.049187,45000,463,533,121.0,0,original
23.11.2025 12:57:16,37.887024,43.052475,45000,456,525,130.0,0,original
23.11.2025 12:57:18,37.882908,43.057602,45000,150,173,147.0,0,original
23.11.2025 12:57:20,37.879848,43.062294,45000,464,534,133.0,0,original
23.11.2025 12:57:23,37.874569,43.067841,45000,390,449,148.0,0,original
23.11.2025 12:57:26,37.871552,43.073742,45000,390,449,122.0,0,original
23.11.2025 12:57:28,37.868206,43.078388,45000,454,522,132.0,0,original
23.11.2025 12:57:30,37.864475,43.083527,45000,457,526,132.0,0,original
23.11.2025 12:57:32,37.86145,43.087715,45000,470,541,132.0,0,original
23.11.2025 12:57:35,37.858749,43.091457,45000,451,519,132.0,0,original
23.11.2025 12:57:37,37.855259,43.096237,45000,468,539,132.0,0,original
23.11.2025 12:57:40,37.852001,43.100803,45000,459,528,132.0,0,original
23.11.2025 12:57:42,37.848869,43.105186,45000,458,527,132.0,0,original
23.11.2025 12:57:44,37.847298,43.107262,45000,180,207,133.0,0,original
23.11.2025 12:57:47,37.841404,43.115604,45000,464,534,132.0,0,original
23.11.2025 12:57:50,37.838272,43.119778,45000,462,532,132.0,0,original
23.11.2025 12:57:52,37.833012,43.127075,45000,461,531,132.0,0,original
23.11.2025 12:57:54,37.831657,43.129158,45000,459,528,131.0,0,original
23.11.2025 12:58:08,37.810799,43.157143,45000,320,368,126.0,0,original
23.11.2025 12:58:10,37.808201,43.162243,45000,457,526,131.0,0,original
23.11.2025 12:58:12,37.805191,43.16626,45000,461,531,132.0,0,original
23.11.2025 12:58:14,37.802353,43.170166,45000,456,525,132.0,0,original
23.11.2025 12:58:17,37.79924,43.174397,45000,459,528,132.0,0,original
23.11.2025 12:58:19,37.794655,43.179134,45000,400,460,146.0,0,original
23.11.2025 12:58:22,37.790741,43.185524,45000,350,403,137.0,0,original
23.11.2025 12:58:24,37.788158,43.190372,45000,460,529,127.0,0,original
23.11.2025 12:58:26,37.784992,43.193653,45000,462,532,133.0,0,original
23.11.2025 12:58:29,37.781563,43.198044,45000,466,536,134.0,0,original
23.11.2025 12:58:31,37.777729,43.203571,45000,457,526,132.0,0,original
23.11.2025 12:58:33,37.775581,43.206509,45000,457,526,132.0,0,original
23.11.2025 12:58:35,37.772175,43.211212,45000,460,529,132.0,0,original
23.11.2025 12:58:38,37.767517,43.217743,45000,460,529,132.0,0,original
23.11.2025 12:58:40,37.764763,43.221493,45000,459,528,132.0,0,original
23.11.2025 12:58:42,37.762093,43.225292,45000,458,527,132.0,0,original
23.11.2025 12:58:45,37.75798,43.230499,45000,380,437,147.0,0,original
23.11.2025 12:58:47,37.755081,43.234795,45000,190,219,130.0,0,original
23.11.2025 12:58:51,37.751022,43.241554,45000,440,506,124.0,0,original
23.11.2025 12:58:53,37.746319,43.247459,45000,310,357,113.0,0,original
23.11.2025 12:58:56,37.742306,43.253036,45000,500,575,128.0,0,original
23.11.2025 12:58:58,37.739582,43.25547,45000,462,532,135.0,0,original
23.11.2025 12:59:00,37.736763,43.25948,45000,462,532,133.0,0,original
23.11.2025 12:59:03,37.733101,43.264603,45000,458,527,132.0,0,original
23.11.2025 12:59:05,37.729153,43.269962,45000,462,532,132.0,0,original
23.11.2025 12:59:07,37.726418,43.273758,45000,460,529,132.0,0,original
23.11.2025 12:59:09,37.722038,43.279701,45000,459,528,132.0,0,original
23.11.2025 12:59:11,37.720131,43.282326,45000,457,526,132.0,0,original
23.11.2025 12:59:14,37.717308,43.286263,45000,459,528,132.0,0,original
23.11.2025 12:59:16,37.713032,43.292282,45000,459,528,132.0,0,original
23.11.2025 12:59:19,37.708626,43.298313,45000,461,531,132.0,0,original
23.11.2025 12:59:21,37.705986,43.302025,45000,460,529,132.0,0,original
23.11.2025 12:59:23,37.703068,43.306026,45000,457,526,132.0,0,original
23.11.2025 12:59:26,37.700027,43.310238,45000,461,531,132.0,0,original
23.11.2025 12:59:57,37.653976,43.372765,45000,461,531,132.0,0,original
23.11.2025 13:00:10,37.636097,43.397278,45000,466,536,133.0,0,original
23.11.2025 13:00:12,37.632641,43.40197,45000,461,531,132.0,0,original
23.11.2025 13:00:14,37.628052,43.407906,45000,463,533,133.0,0,original
23.11.2025 13:00:17,37.625275,43.411926,45000,410,472,130.0,0,original
23.11.2025 13:00:19,37.622559,43.415871,45000,464,534,135.0,0,original
23.11.2025 13:00:21,37.619099,43.419987,45000,467,537,136.0,0,original
23.11.2025 13:00:23,37.615894,43.425121,45000,380,437,130.0,0,original
23.11.2025 13:00:26,37.613556,43.428448,45000,467,537,132.0,0,original
23.11.2025 13:00:28,37.610218,43.432983,45000,462,532,132.0,0,original
23.11.2025 13:00:30,37.606419,43.438244,45000,459,528,132.0,0,original
23.11.2025 13:00:41,37.591015,43.459885,45000,456,525,130.0,0,original
23.11.2025 13:00:44,37.587769,43.464081,45000,458,527,131.0,0,original
23.11.2025 13:00:46,37.583473,43.469635,45000,462,532,133.0,0,original
23.11.2025 13:00:49,37.580338,43.473888,45000,461,531,133.0,0,original
23.11.2025 13:00:51,37.576084,43.479633,45000,458,527,132.0,0,original
23.11.2025 13:00:53,37.573093,43.483639,45000,459,528,133.0,0,original
23.11.2025 13:00:55,37.570335,43.487362,45000,459,528,133.0,0,original
23.11.2025 13:00:58,37.566956,43.492008,45000,458,527,132.0,0,original
23.11.2025 13:01:00,37.564102,43.496037,45000,458,527,132.0,0,original
23.11.2025 13:01:03,37.56049,43.500916,45000,462,532,132.0,0,original
23.11.2025 13:01:05,37.556595,43.506176,45000,461,531,132.0,0,original
23.11.2025 13:01:08,37.553482,43.510551,45000,460,529,132.0,0,original
23.11.2025 13:01:10,37.549469,43.515972,45000,461,531,132.0,0,original
23.11.2025 13:01:12,37.54668,43.51968,45000,462,532,133.0,0,original
23.11.2025 13:01:15,37.542011,43.526054,45000,461,531,132.0,0,original
23.11.2025 13:01:47,37.49612,43.588936,45000,460,529,132.0,0,original
23.11.2025 13:02:19,37.450321,43.652718,45000,457,526,131.0,0,original
23.11.2025 13:02:52,37.402676,43.718456,45000,461,531,131.0,0,original
23.11.2025 13:03:22,37.358719,43.778606,45000,464,534,133.0,0,original
23.11.2025 13:03:24,37.35667,43.782249,45000,456,525,131.0,0,original
23.11.2025 13:03:26,37.353699,43.786697,45000,455,524,130.0,0,original
23.11.2025 13:03:29,37.350166,43.790234,45000,469,540,133.0,0,original
23.11.2025 13:03:31,37.346619,43.794716,45000,465,535,134.0,0,original
23.11.2025 13:03:33,37.3428,43.799683,45000,460,529,134.0,0,original
23.11.2025 13:03:36,37.340088,43.803806,45000,455,524,132.0,0,original
23.11.2025 13:03:38,37.336365,43.808773,45000,458,527,132.0,0,original
23.11.2025 13:03:41,37.331242,43.815453,45000,461,531,133.0,0,original
23.11.2025 13:03:43,37.328686,43.818966,45000,463,533,132.0,0,original
23.11.2025 13:03:46,37.325741,43.823479,45000,462,532,131.0,0,original
23.11.2025 13:03:48,37.322765,43.827641,45000,460,529,131.0,0,original
23.11.2025 13:03:50,37.318432,43.833603,45000,463,533,131.0,0,original
23.11.2025 13:03:52,37.315693,43.83712,45000,464,534,132.0,0,original
23.11.2025 13:03:55,37.312546,43.84132,45000,463,533,132.0,0,original
23.11.2025 13:03:57,37.309498,43.846039,45000,462,532,131.0,0,original
23.11.2025 13:03:59,37.306145,43.849945,45000,300,345,142.0,0,original
23.11.2025 13:04:01,37.302784,43.85471,45000,350,403,132.0,0,original
23.11.2025 13:04:03,37.299656,43.858326,45000,459,528,134.0,0,original
23.11.2025 13:04:05,37.296673,43.862278,45000,462,532,133.0,0,original
23.11.2025 13:04:08,37.293308,43.866764,45000,465,535,133.0,0,original
23.11.2025 13:04:10,37.287941,43.872101,45000,476,548,137.0,0,original
23.11.2025 13:04:12,37.286087,43.87479,45000,468,539,135.0,0,original
23.11.2025 13:04:14,37.282925,43.880085,45000,458,527,132.0,0,original
23.11.2025 13:04:17,37.279243,43.885201,45000,463,533,132.0,0,original
23.11.2025 13:04:19,37.276253,43.889336,45000,462,532,132.0,0,original
23.11.2025 13:04:21,37.272877,43.894127,45000,463,533,132.0,0,original
23.11.2025 13:04:23,37.269287,43.898701,45000,459,528,132.0,0,original
23.11.2025 13:04:25,37.266815,43.901588,45000,455,524,133.0,0,original
23.11.2025 13:04:28,37.262264,43.906864,45000,350,403,138.0,0,original
23.11.2025 13:04:31,37.257828,43.911217,45000,390,449,141.0,0,original
23.11.2025 13:04:33,37.254517,43.914558,45000,270,311,140.0,0,original
23.11.2025 13:04:36,37.250507,43.918713,45000,455,524,139.0,0,original
23.11.2025 13:04:38,37.245934,43.922489,45000,240,276,135.0,0,original
23.11.2025 13:04:40,37.241959,43.926128,45000,390,449,147.0,0,original
23.11.2025 13:04:42,37.238789,43.928764,45000,260,299,154.0,0,original
23.11.2025 13:04:44,37.233635,43.932621,45000,447,514,147.0,0,original
23.11.2025 13:04:46,37.229866,43.935726,45000,463,533,147.0,0,original
23.11.2025 13:04:48,37.22739,43.937664,45000,457,526,147.0,0,original
23.11.2025 13:04:51,37.22303,43.941151,45000,449,517,147.0,0,original
23.11.2025 13:04:53,37.218704,43.944542,45000,447,514,147.0,0,original
23.11.2025 13:04:55,37.215439,43.946671,45000,448,516,148.0,0,original
23.11.2025 13:04:57,37.20956,43.949833,45000,390,449,143.0,0,original
23.11.2025 13:05:00,37.207085,43.951488,45000,260,299,159.0,0,original
23.11.2025 13:05:02,37.202152,43.954506,45000,458,527,153.0,0,original
23.11.2025 13:05:04,37.197849,43.956539,45000,90,104,176.0,0,original
23.11.2025 13:05:07,37.193516,43.95969,45000,120,138,144.0,0,original
23.11.2025 13:05:11,37.184017,43.964798,45000,410,472,157.0,0,original
23.11.2025 13:05:13,37.180866,43.966854,45000,300,345,151.0,0,original
23.11.2025 13:05:15,37.175591,43.969532,45000,449,517,155.0,0,original
23.11.2025 13:05:18,37.172264,43.971684,45000,444,511,154.0,0,original
23.11.2025 13:05:20,37.168137,43.974476,45000,441,507,153.0,0,original
23.11.2025 13:05:22,37.164242,43.976387,45000,441,507,155.0,0,original
23.11.2025 13:05:24,37.160042,43.978416,45000,447,514,156.0,0,original
23.11.2025 13:05:27,37.155193,43.980701,45000,450,518,157.0,0,original
23.11.2025 13:05:29,37.151299,43.982605,45000,453,521,157.0,0,original
23.11.2025 13:05:31,37.146439,43.98497,45000,454,522,158.0,0,original
23.11.2025 13:05:33,37.142487,43.986797,45000,456,525,158.0,0,original
23.11.2025 13:05:35,37.137367,43.989136,45000,458,527,158.0,0,original
23.11.2025 13:05:38,37.131557,43.991829,45000,454,522,159.0,0,original
23.11.2025 13:05:40,37.128502,43.993179,45000,455,524,159.0,0,original
23.11.2025 13:05:42,37.124786,43.99482,45000,453,521,159.0,0,original
23.11.2025 13:06:15,37.059242,44.023827,45000,451,519,160.0,0,original
23.11.2025 13:06:47,36.995895,44.052567,45000,452,520,160.0,0,original
23.11.2025 13:07:10,36.950596,44.073399,45000,410,472,165.0,0,original
23.11.2025 13:07:13,36.944359,44.077248,45000,330,380,152.0,0,original
23.11.2025 13:07:15,36.94046,44.078598,45000,70,81,172.0,0,original
23.11.2025 13:07:18,36.934727,44.080704,45000,260,299,155.0,0,original
23.11.2025 13:07:20,36.93153,44.082935,45000,220,253,163.0,0,original
23.11.2025 13:07:22,36.925484,44.085686,45000,457,526,159.0,0,original
23.11.2025 13:07:24,36.922874,44.086884,45000,454,522,159.0,0,original
23.11.2025 13:07:27,36.917198,44.089748,45000,451,519,158.0,0,original
23.11.2025 13:07:29,36.913639,44.091351,45000,453,521,159.0,0,original
23.11.2025 13:07:31,36.909779,44.093243,45000,452,520,158.0,0,original
23.11.2025 13:07:34,36.905476,44.095161,45000,455,524,159.0,0,original
23.11.2025 13:07:37,36.899704,44.097691,45000,455,524,159.0,0,original
23.11.2025 13:07:39,36.893978,44.100067,45000,457,526,160.0,0,original
23.11.2025 13:07:41,36.887806,44.102947,45000,455,524,160.0,0,original
23.11.2025 13:07:44,36.885193,44.104321,45000,452,520,159.0,0,original
23.11.2025 13:07:46,36.879089,44.107155,45000,450,518,159.0,0,original
23.11.2025 13:07:48,36.87595,44.108517,45000,451,519,159.0,0,original
23.11.2025 13:07:51,36.870373,44.110989,45000,456,525,160.0,0,original
23.11.2025 13:08:22,36.808029,44.137928,45000,451,519,160.0,0,original
23.11.2025 13:08:54,36.745182,44.165337,45000,456,525,160.0,0,original
23.11.2025 13:09:20,36.694599,44.186852,45000,230,265,167.0,0,original
23.11.2025 13:09:22,36.689575,44.188843,45000,459,528,163.0,0,original
23.11.2025 13:09:24,36.685513,44.190392,45000,457,526,163.0,0,original
23.11.2025 13:09:27,36.680458,44.192032,45000,270,311,169.0,0,original
23.11.2025 13:09:31,36.671612,44.19577,45000,340,391,159.0,0,original
23.11.2025 13:09:33,36.6679,44.196949,45000,463,533,165.0,0,original
23.11.2025 13:09:35,36.663548,44.198982,45000,452,520,162.0,0,original
23.11.2025 13:09:37,36.659752,44.200554,45000,448,516,162.0,0,original
23.11.2025 13:09:39,36.655556,44.201862,45000,452,520,163.0,0,original
23.11.2025 13:09:41,36.650673,44.203636,45000,456,525,163.0,0,original
23.11.2025 13:09:43,36.646694,44.205143,45000,455,524,163.0,0,original
23.11.2025 13:09:45,36.641319,44.207096,45000,380,437,163.0,0,original
23.11.2025 13:09:48,36.63871,44.208382,45000,290,334,167.0,0,original
23.11.2025 13:09:50,36.634628,44.209801,45000,260,299,161.0,0,original
23.11.2025 13:09:52,36.630833,44.211788,45000,435,501,159.0,0,original
23.11.2025 13:09:54,36.626984,44.213264,45000,444,511,161.0,0,original
23.11.2025 13:09:56,36.62265,44.214607,45000,452,520,162.0,0,original
23.11.2025 13:09:58,36.618435,44.216526,45000,452,520,161.0,0,original
23.11.2025 13:10:00,36.613754,44.218529,45000,451,519,161.0,0,original
23.11.2025 13:10:02,36.608234,44.220764,45000,454,522,161.0,0,original
23.11.2025 13:10:05,36.604961,44.222141,45000,456,525,161.0,0,original
23.11.2025 13:10:07,36.59951,44.224133,45000,459,528,162.0,0,original
23.11.2025 13:10:09,36.596798,44.225445,45000,454,522,161.0,0,original
23.11.2025 13:10:11,36.59132,44.227901,45000,449,517,160.0,0,original
23.11.2025 13:10:14,36.587318,44.229565,45000,450,518,161.0,0,original
23.11.2025 13:10:16,36.582993,44.231346,45000,452,520,161.0,0,original
23.11.2025 13:10:18,36.578503,44.233311,45000,454,522,160.0,0,original
23.11.2025 13:10:48,36.51965,44.259644,45000,456,525,160.0,0,original
23.11.2025 13:11:19,36.456596,44.288647,45000,451,519,159.0,0,original
23.11.2025 13:11:51,36.395668,44.317471,45000,456,525,159.0,0,original
23.11.2025 13:12:23,36.332569,44.347374,45000,457,526,159.0,0,original
23.11.2025 13:12:55,36.269997,44.377888,45000,459,528,158.0,0,original
23.11.2025 13:13:27,36.204586,44.408524,45000,458,527,160.0,0,original
23.11.2025 13:13:59,36.142925,44.436077,45000,459,528,160.0,0,original
23.11.2025 13:14:29,36.082279,44.463135,45000,459,528,160.0,0,original
23.11.2025 13:14:56,36.028648,44.487301,45000,150,173,167.0,0,original
23.11.2025 13:14:59,36.021435,44.491455,45000,490,564,156.0,0,original
23.11.2025 13:15:02,36.01535,44.494698,45000,435,501,153.0,0,original
23.11.2025 13:15:04,36.011703,44.49662,45000,330,380,152.0,0,original
23.11.2025 13:15:07,36.007816,44.498718,45000,478,550,154.0,0,original
23.11.2025 13:15:09,36.003616,44.500801,45000,457,526,156.0,0,original
23.11.2025 13:15:11,35.99934,44.50296,45000,461,531,157.0,0,original
23.11.2025 13:15:13,35.995068,44.505379,45000,460,529,156.0,0,original
23.11.2025 13:15:15,35.990311,44.50803,45000,461,531,155.0,0,original
23.11.2025 13:15:18,35.985989,44.510357,45000,466,536,156.0,0,original
23.11.2025 13:15:20,35.981682,44.512959,45000,466,536,155.0,0,original
23.11.2025 13:15:22,35.977772,44.515278,45000,461,531,154.0,0,original
23.11.2025 13:15:24,35.972801,44.518211,45000,462,532,154.0,0,original
23.11.2025 13:15:27,35.968769,44.520767,45000,458,527,153.0,0,original
23.11.2025 13:15:29,35.964405,44.523365,45000,464,534,153.0,0,original
23.11.2025 13:15:32,35.959408,44.526493,45000,461,531,153.0,0,original
23.11.2025 13:15:34,35.955242,44.529106,45000,461,531,153.0,0,original
23.11.2025 13:15:36,35.951385,44.531559,45000,460,529,152.0,0,original
23.11.2025 13:16:07,35.891533,44.565117,45000,454,522,158.0,0,original
23.11.2025 13:16:37,35.829655,44.590721,45000,453,521,161.0,0,original
23.11.2025 13:17:10,35.765423,44.618919,45000,458,527,160.0,0,original
23.11.2025 13:17:41,35.698208,44.644951,45000,604,695,163.0,0,original
23.11.2025 13:18:14,35.634544,44.661674,45000,100,115,168.0,0,original
23.11.2025 13:18:27,35.608425,44.670322,45000,470,541,164.0,0,original
23.11.2025 13:18:29,35.604012,44.671932,45000,446,513,163.0,0,original
23.11.2025 13:18:31,35.599632,44.673466,45000,457,526,163.0,0,original
23.11.2025 13:18:33,35.595406,44.675003,45000,452,520,163.0,0,original
23.11.2025 13:18:35,35.591499,44.676163,45000,463,533,165.0,0,original
23.11.2025 13:18:37,35.586414,44.678146,45000,466,536,163.0,0,original
23.11.2025 13:18:39,35.582188,44.679932,45000,486,559,162.0,0,original
23.11.2025 13:18:42,35.576988,44.682011,45000,498,573,162.0,0,original
23.11.2025 13:18:44,35.572079,44.684002,45000,497,572,161.0,0,original
23.11.2025 13:18:46,35.567898,44.685417,45000,120,138,171.0,0,original
23.11.2025 13:18:48,35.564438,44.686508,45000,405,466,162.0,0,original
23.11.2025 13:18:50,35.56057,44.687912,45000,423,487,163.0,0,original
23.11.2025 13:18:53,35.556332,44.689472,45000,438,504,163.0,0,original
23.11.2025 13:18:55,35.552002,44.691143,45000,454,522,162.0,0,original
23.11.2025 13:18:57,35.547977,44.692722,45000,459,528,162.0,0,original
23.11.2025 13:18:59,35.544128,44.694309,45000,449,517,161.0,0,original
23.11.2025 13:19:01,35.538815,44.696434,45000,458,527,161.0,0,original
23.11.2025 13:19:03,35.534008,44.698437,45000,458,527,161.0,0,original
23.11.2025 13:19:06,35.529991,44.700039,45000,455,524,161.0,0,original
23.11.2025 13:19:08,35.526073,44.701817,45000,454,522,160.0,0,original
23.11.2025 13:19:10,35.522022,44.703545,45000,458,527,160.0,0,original
23.11.2025 13:19:12,35.517155,44.705776,45000,230,265,162.0,0,original
23.11.2025 13:19:14,35.512779,44.707577,45000,417,480,161.0,0,original
23.11.2025 13:19:16,35.5089,44.709209,45000,435,501,161.0,0,original
23.11.2025 13:19:38,35.465656,44.727276,45000,150,173,170.0,0,original
23.11.2025 13:19:40,35.460838,44.729256,45000,498,573,161.0,0,original
23.11.2025 13:19:42,35.454998,44.731739,45000,501,577,160.0,0,original
23.11.2025 13:19:44,35.451061,44.73344,45000,499,574,160.0,0,original
23.11.2025 13:19:47,35.446224,44.735577,45000,619,712,159.0,0,original
23.11.2025 13:19:49,35.44239,44.737129,45000,420,483,158.0,0,original
23.11.2025 13:19:51,35.438805,44.738609,45000,270,311,152.0,0,original
23.11.2025 13:19:53,35.426586,44.74683,45000,318,366,149.0,0,original
23.11.2025 13:19:55,35.430096,44.742191,45000,396,456,161.0,0,original
23.11.2025 13:19:58,35.425526,44.74387,45000,422,486,162.0,0,original
23.11.2025 13:20:00,35.421124,44.745808,45000,460,529,160.0,0,original
23.11.2025 13:20:02,35.416878,44.747826,45000,472,543,159.0,0,original
23.11.2025 13:20:04,35.412266,44.749729,45000,473,544,160.0,0,original
23.11.2025 13:20:06,35.408546,44.751236,45000,473,544,161.0,0,original
23.11.2025 13:20:08,35.403751,44.753178,45000,100,115,165.0,0,original
23.11.2025 13:20:10,35.399815,44.754864,45000,486,559,160.0,0,original
23.11.2025 13:20:12,35.396603,44.756138,45000,443,510,161.0,0,original
23.11.2025 13:20:14,35.392315,44.757824,45000,460,529,161.0,0,original
23.11.2025 13:20:16,35.38731,44.759865,45000,460,529,161.0,0,original
23.11.2025 13:20:18,35.383236,44.761524,45000,458,527,161.0,0,original
23.11.2025 13:20:20,35.379169,44.763229,45000,455,524,161.0,0,original
23.11.2025 13:20:23,35.3745,44.76516,45000,459,528,161.0,0,original
23.11.2025 13:20:25,35.370354,44.766792,45000,460,529,161.0,0,original
23.11.2025 13:20:27,35.364433,44.769211,45000,458,527,161.0,0,original
23.11.2025 13:20:30,35.36034,44.770893,45000,460,529,161.0,0,original
23.11.2025 13:20:32,35.356373,44.772602,45000,447,514,160.0,0,original
23.11.2025 13:20:34,35.351532,44.774605,45000,462,532,161.0,0,original
23.11.2025 13:20:36,35.348164,44.776012,45000,454,522,161.0,0,original
23.11.2025 13:21:06,35.286804,44.802639,45000,458,527,159.0,0,original
23.11.2025 13:21:38,35.222748,44.828587,45000,460,529,161.0,0,original
23.11.2025 13:22:10,35.157494,44.854511,45000,458,527,162.0,0,original
23.11.2025 13:22:41,35.094791,44.876823,45000,456,525,164.0,0,original
23.11.2025 13:23:12,35.030388,44.897564,45000,460,529,166.0,0,original
23.11.2025 13:23:43,34.966206,44.912746,45000,459,528,169.0,0,original
23.11.2025 13:24:16,34.900135,44.935242,45000,460,529,161.0,0,original
23.11.2025 13:24:48,34.836071,44.963356,45000,460,529,161.0,0,original
23.11.2025 13:25:20,34.770943,44.988266,45000,458,527,162.0,0,original
23.11.2025 13:25:35,34.739635,44.999916,45000,455,524,162.0,0,original
23.11.2025 13:25:37,34.734833,45.001728,45000,456,525,162.0,0,original
23.11.2025 13:25:39,34.731438,45.002953,45000,455,524,163.0,0,original
23.11.2025 13:25:42,34.726662,45.004726,45000,457,526,162.0,0,original
23.11.2025 13:25:45,34.721024,45.006863,45000,460,529,162.0,0,original
23.11.2025 13:26:17,34.656246,45.03154,45000,459,528,163.0,0,original
23.11.2025 13:26:49,34.590633,45.055595,45000,459,528,162.0,0,original
23.11.2025 13:27:20,34.527615,45.078705,45000,458,527,163.0,0,original
23.11.2025 13:27:52,34.462818,45.102226,45000,458,527,162.0,0,original
23.11.2025 13:28:24,34.397961,45.126251,45000,455,524,163.0,0,original
23.11.2025 13:28:55,34.332928,45.15004,45000,462,532,162.0,0,original
23.11.2025 13:29:28,34.266323,45.174088,45000,457,526,163.0,0,original
23.11.2025 13:29:59,34.203308,45.19709,45000,459,528,163.0,0,original
23.11.2025 13:30:29,34.142277,45.219112,45000,450,518,169.0,0,original
23.11.2025 13:30:31,34.138069,45.220806,45000,457,526,163.0,0,original
23.11.2025 13:30:34,34.132137,45.223049,45000,459,528,162.0,0,original
23.11.2025 13:30:37,34.127769,45.22472,45000,462,532,162.0,0,original
23.11.2025 13:30:39,34.122047,45.226711,45000,457,526,163.0,0,original
23.11.2025 13:30:41,34.117737,45.228168,45000,454,522,163.0,0,original
23.11.2025 13:30:43,34.113857,45.229473,45000,455,524,163.0,0,original
23.11.2025 13:30:46,34.10915,45.231113,45000,457,526,163.0,0,original
23.11.2025 13:30:48,34.103806,45.233109,45000,458,527,163.0,0,original
23.11.2025 13:30:50,34.09774,45.235378,45000,460,529,163.0,0,original
23.11.2025 13:30:53,34.095123,45.236294,45000,458,527,163.0,0,original
23.11.2025 13:30:55,34.089764,45.238102,45000,457,526,163.0,0,original
23.11.2025 13:30:57,34.085381,45.239674,45000,455,524,163.0,0,original
23.11.2025 13:31:28,34.023823,45.262257,45000,457,526,163.0,0,original
23.11.2025 13:32:00,33.959091,45.285854,45000,458,527,162.0,0,original
23.11.2025 13:32:31,33.895058,45.308472,45000,457,526,163.0,0,original
23.11.2025 13:33:03,33.829212,45.332363,45000,458,527,162.0,0,original
23.11.2025 13:33:37,33.761963,45.35667,45000,458,527,162.0,0,original
23.11.2025 13:34:07,33.699287,45.378746,45000,458,527,164.0,0,original
23.11.2025 13:34:38,33.635441,45.401962,45000,457,526,162.0,0,original
23.11.2025 13:35:09,33.572578,45.424561,45000,459,528,162.0,0,original
23.11.2025 13:35:42,33.508404,45.447552,45000,456,525,163.0,0,original
23.11.2025 13:36:14,33.443707,45.470516,45000,451,519,163.0,0,original
23.11.2025 13:36:45,33.379517,45.493183,45000,450,518,163.0,0,original
23.11.2025 13:37:10,33.318699,45.530033,45000,462,532,132.0,0,original
23.11.2025 13:37:14,33.313507,45.526569,45000,220,253,207.0,0,original
23.11.2025 13:37:17,33.309521,45.52747,45000,450,518,130.0,0,original
23.11.2025 13:37:19,33.307106,45.525906,45000,50,58,119.0,0,original
23.11.2025 13:37:23,33.298935,45.529114,45000,400,460,161.0,0,original
23.11.2025 13:37:30,33.283875,45.532513,45000,330,380,178.0,0,original
23.11.2025 13:37:39,33.270084,45.533726,45000,310,357,191.0,0,original
23.11.2025 13:37:43,33.258175,45.543716,45000,370,426,158.0,0,original
23.11.2025 13:37:46,33.251797,45.543266,45000,340,391,183.0,0,original
23.11.2025 13:37:50,33.240307,45.552345,45000,980,1128,145.0,0,original
23.11.2025 13:37:57,33.229687,45.555698,45000,340,391,155.0,0,original
23.11.2025 13:38:02,33.21785,45.557999,45000,440,506,170.0,0,original
23.11.2025 13:38:06,33.203884,45.56905,45000,710,817,148.0,0,original
23.11.2025 13:38:14,33.190968,45.568882,45000,320,368,180.0,0,original
23.11.2025 13:38:19,33.1847,45.568169,45000,60,69,163.0,0,original
23.11.2025 13:38:23,33.17421,45.574333,45000,610,702,153.0,0,original
23.11.2025 13:38:28,33.165192,45.57711,45000,410,472,170.0,0,original
23.11.2025 13:38:32,33.157494,45.579109,45000,350,403,167.0,0,original
23.11.2025 13:38:34,33.153019,45.579655,45000,360,414,174.0,0,original
23.11.2025 13:38:36,33.147301,45.585491,45000,290,334,145.0,0,original
23.11.2025 13:38:39,33.140762,45.587681,45000,490,564,164.0,0,original
23.11.2025 13:38:41,33.138378,45.587345,45000,190,219,186.0,0,original
23.11.2025 13:38:46,33.123764,45.594788,45000,520,598,156.0,0,original
23.11.2025 13:38:51,33.113544,45.600021,45000,540,621,147.0,0,original
23.11.2025 13:38:59,33.101955,45.598961,45000,290,334,190.0,0,original
23.11.2025 13:39:02,33.093697,45.603497,45000,560,644,155.0,0,original
23.11.2025 13:39:10,33.077904,45.60873,45000,420,483,155.0,0,original
23.11.2025 13:39:16,33.066441,45.613182,45000,430,495,161.0,0,original
23.11.2025 13:39:25,33.052937,45.611599,45000,280,322,163.0,0,original
23.11.2025 13:39:27,33.05022,45.612679,45000,140,161,160.0,0,original
23.11.2025 13:39:31,33.03315,45.627872,45000,920,1059,140.0,0,original
23.11.2025 13:39:34,33.026905,45.631851,45000,450,518,132.0,0,original
23.11.2025 13:39:38,33.021477,45.633636,45000,270,311,173.0,0,original
23.11.2025 13:39:42,33.014782,45.636772,45000,410,472,150.0,0,original
23.11.2025 13:39:44,33.011875,45.639011,45000,190,219,150.0,0,original
23.11.2025 13:39:46,33.005619,45.643494,45000,120,138,149.0,0,original
23.11.2025 13:40:02,32.975002,45.667942,45000,470,541,146.0,0,original
23.11.2025 13:40:15,32.959339,45.676487,45000,280,322,155.0,0,original
23.11.2025 13:40:17,32.950333,45.686607,45000,870,1001,136.0,0,original
23.11.2025 13:40:23,32.943367,45.691673,45000,330,380,143.0,0,original
23.11.2025 13:40:28,32.936245,45.696892,45000,280,322,148.0,0,original
23.11.2025 13:40:34,32.927799,45.704578,45000,466,536,142.0,0,original
23.11.2025 13:40:37,32.920586,45.710766,45000,467,537,143.0,0,original
23.11.2025 13:40:42,32.903404,45.730003,45000,900,1036,136.0,0,original
23.11.2025 13:40:47,32.895306,45.737831,45000,390,449,140.0,0,original
23.11.2025 13:40:54,32.888435,45.742279,45000,270,311,141.0,0,original
23.11.2025 13:40:58,32.87735,45.754089,45000,790,909,138.0,0,original
23.11.2025 13:41:01,32.873333,45.756413,45000,570,656,135.0,0,original
23.11.2025 13:41:07,32.864243,45.764545,45000,370,426,142.0,0,original
23.11.2025 13:41:15,32.856632,45.768776,45000,220,253,154.0,0,original
23.11.2025 13:41:58,32.781647,45.835041,45000,460,529,143.0,0,original
23.11.2025 13:42:42,32.69442,45.915264,45000,480,552,142.0,0,original
23.11.2025 13:43:18,32.640663,45.95882,45000,710,817,140.0,0,original
23.11.2025 13:43:25,32.640259,45.955643,45000,260,299,145.0,0,original
23.11.2025 13:43:39,32.59967,45.997051,45000,810,932,138.0,0,original
23.11.2025 13:44:09,32.548908536585365,46.04078319512195,45000,722,831,139.21951219512195,0,interpolated
23.11.2025 13:44:39,32.498147073170735,46.0845153902439,45000,634,730,140.4390243902439,0,interpolated
23.11.2025 13:45:09,32.4473856097561,46.128247585365855,45000,547,629,141.65853658536585,0,interpolated
23.11.2025 13:45:39,32.396624146341466,46.1719797804878,45000,459,528,142.8780487804878,0,interpolated
23.11.2025 13:45:42,32.391548,46.176353,45000,450,518,143.0,0,original
23.11.2025 13:46:11,32.341881,46.220089,45000,270,311,127.0,0,original
23.11.2025 13:46:15,32.334793,46.225231,45000,460,529,148.0,0,original
23.11.2025 13:46:20,32.325134,46.233383,45000,440,506,144.0,0,original
23.11.2025 13:46:23,32.320122,46.237331,45000,360,414,146.0,0,original
23.11.2025 13:46:25,32.316555,46.240845,45000,474,545,142.0,0,original
23.11.2025 13:46:30,32.308544,46.247372,45000,461,531,144.0,0,original
23.11.2025 13:46:33,32.303574,46.251659,45000,464,534,144.0,0,original
23.11.2025 13:46:36,32.298775,46.260574,45000,560,644,119.0,0,original
23.11.2025 13:46:38,32.293961,46.260086,45000,140,161,149.0,0,original
23.11.2025 13:46:42,32.287209,46.266064,45000,465,535,142.0,0,original
23.11.2025 13:46:45,32.281887,46.270672,45000,467,537,142.0,0,original
23.11.2025 13:46:48,32.277458,46.274479,45000,466,536,143.0,0,original
23.11.2025 13:46:50,32.274258,46.277275,45000,466,536,143.0,0,original
23.11.2025 13:46:52,32.26981,46.281242,45000,468,539,143.0,0,original
23.11.2025 13:46:54,32.265095,46.285305,45000,469,540,143.0,0,original
23.11.2025 13:46:56,32.262745,46.287235,45000,468,539,143.0,0,original
23.11.2025 13:47:00,32.256359,46.292816,45000,469,540,143.0,0,original
23.11.2025 13:47:07,32.245312,46.302246,45000,370,426,143.0,0,original
23.11.2025 13:47:09,32.240852,46.306553,45000,260,299,132.0,0,original
23.11.2025 13:47:16,32.230988,46.317146,45000,390,449,137.0,0,original
23.11.2025 13:47:19,32.222343,46.321999,45000,480,552,154.0,0,original
23.11.2025 13:47:25,32.212399,46.331005,45000,472,543,142.0,0,original
23.11.2025 13:47:28,32.207008,46.337948,45000,380,437,128.0,0,original
23.11.2025 13:47:32,32.201702,46.340225,45000,432,497,160.0,0,original
23.11.2025 13:47:34,32.195816,46.347599,45000,490,564,145.0,0,original
23.11.2025 13:47:36,32.192516,46.348305,45000,260,299,169.0,0,original
23.11.2025 13:47:40,32.187397,46.355137,45000,410,472,128.0,0,original
23.11.2025 13:47:44,32.180187,46.358791,45000,370,426,156.0,0,original
23.11.2025 13:47:46,32.17659,46.364235,45000,400,460,106.0,0,original
23.11.2025 13:47:50,32.168186,46.37154,45000,490,564,143.0,0,original
23.11.2025 13:47:52,32.164551,46.372528,45000,280,322,166.0,0,original
23.11.2025 13:47:55,32.160637,46.375526,45000,300,345,146.0,0,original
23.11.2025 13:47:58,32.153713,46.381424,45000,420,483,144.0,0,original
23.11.2025 13:48:02,32.149521,46.385582,45000,160,184,131.0,0,original
23.11.2025 13:48:06,32.143253,46.390881,45000,400,460,144.0,0,original
23.11.2025 13:48:08,32.138226,46.39537,45000,140,161,143.0,0,original
23.11.2025 13:48:11,32.133575,46.403923,45000,460,529,122.0,0,original
23.11.2025 13:48:13,32.128479,46.403461,45000,70,81,126.0,0,original
23.11.2025 13:48:16,32.123329,46.407974,45000,464,534,147.0,0,original
23.11.2025 13:48:19,32.117432,46.413059,45000,330,380,162.0,0,original
23.11.2025 13:48:22,32.114479,46.418499,45000,440,506,104.0,0,original
23.11.2025 13:48:25,32.108585,46.420517,45000,330,380,163.0,0,original
23.11.2025 13:48:29,32.101357,46.426685,45000,430,495,144.0,0,original
23.11.2025 13:48:31,32.098179,46.430134,45000,230,265,135.0,0,original
23.11.2025 13:48:36,32.088951,46.439903,45000,280,322,146.0,0,original
23.11.2025 13:48:39,32.08469,46.444286,45000,280,322,162.0,0,original
23.11.2025 13:48:41,32.081055,46.447418,45000,477,549,142.0,0,original
23.11.2025 13:48:44,32.075321,46.450436,45000,488,562,131.0,0,original
23.11.2025 13:48:49,32.066078,46.459785,45000,510,587,134.0,0,original
23.11.2025 13:48:53,32.059933,46.462761,45000,320,368,144.0,0,original
23.11.2025 13:48:55,32.055378,46.46653,45000,390,449,144.0,0,original
23.11.2025 13:49:01,32.044708,46.476147,45000,492,566,142.0,0,original
23.11.2025 13:49:03,32.040165,46.479084,45000,380,437,151.0,0,original
23.11.2025 13:49:08,32.030956,46.487675,45000,470,541,146.0,0,original
23.11.2025 13:49:11,32.026562,46.491524,45000,580,667,208.0,0,original
23.11.2025 13:49:18,32.005688,46.472553,45000,830,955,221.0,0,original
23.11.2025 13:49:20,31.995405,46.483097,45000,830,955,223.0,0,original
23.11.2025 13:49:29,31.996521,46.518215,45000,457,526,145.0,0,original
23.11.2025 13:49:31,31.992302,46.521355,45000,370,426,147.0,0,original
23.11.2025 13:49:33,31.989544,46.524078,45000,250,288,139.0,0,original
23.11.2025 13:49:35,31.986906,46.526291,45000,250,288,144.0,0,original
23.11.2025 13:49:38,31.982309,46.53104,45000,310,357,145.0,0,original
23.11.2025 13:49:40,31.977282,46.534775,45000,400,460,147.0,0,original
23.11.2025 13:49:44,31.970152,46.540379,45000,510,587,144.0,0,original
23.11.2025 13:49:47,31.964384,46.545494,45000,463,533,145.0,0,original
23.11.2025 13:49:50,31.96096,46.548561,45000,10,12,141.0,0,original
23.11.2025 13:49:53,31.955956,46.552509,45000,467,537,146.0,0,original
23.11.2025 13:49:55,31.949245,46.557285,45000,660,760,152.0,0,original
23.11.2025 13:49:57,31.9466,46.559799,45000,160,184,132.0,0,original
23.11.2025 13:50:00,31.944191,46.568314,45000,500,575,108.0,0,original
23.11.2025 13:50:06,31.933844,46.571178,45000,50,58,137.0,0,original
23.11.2025 13:50:11,31.921286,46.581997,45000,470,541,143.0,0,original
23.11.2025 13:50:15,31.917645,46.586304,45000,320,368,134.0,0,original
23.11.2025 13:50:19,31.895926,46.602947,45000,340,391,128.0,0,original
23.11.2025 13:50:23,31.899843,46.600021,45000,400,460,145.0,0,original
23.11.2025 13:50:25,31.895416,46.602779,45000,666,766,152.0,0,original
23.11.2025 13:50:28,31.893606,46.605862,45000,180,207,118.0,0,original
23.11.2025 13:50:32,31.888321,46.610989,45000,310,357,140.0,0,original
23.11.2025 13:50:34,31.883018,46.615688,45000,520,598,142.0,0,original
23.11.2025 13:50:38,31.876072,46.620686,45000,430,495,149.0,0,original
23.11.2025 13:50:40,31.872814,46.623989,45000,172,198,102.0,0,original
23.11.2025 13:50:48,31.857998,46.63921,45000,380,437,95.0,0,original
23.11.2025 13:50:53,31.846146,46.6451,45000,190,219,155.0,0,original
23.11.2025 13:50:59,31.839634,46.652657,45000,330,380,136.0,0,original
23.11.2025 13:51:12,31.816267,46.673077,45000,468,539,140.0,0,original
23.11.2025 13:51:14,31.812717,46.679348,45000,561,646,142.0,0,original
23.11.2025 13:51:16,31.823404,46.673306,45000,561,646,236.0,0,original
23.11.2025 13:51:31,31.782534,46.701611,45000,482,555,145.0,0,original
23.11.2025 13:51:35,31.776831,46.706692,45000,300,345,126.0,0,original
23.11.2025 13:51:56,31.736807,46.740116,45000,470,541,144.0,0,original
23.11.2025 13:51:59,31.732485,46.744156,45000,469,540,141.0,0,original
23.11.2025 13:52:01,31.728979,46.747307,45000,470,541,142.0,0,original
23.11.2025 13:52:05,31.723669,46.751827,45000,473,544,143.0,0,original
23.11.2025 13:52:38,31.665243,46.801418,45000,370,426,145.0,0,original
23.11.2025 13:52:46,31.650785,46.814045,45000,90,104,132.0,0,original
23.11.2025 13:52:50,31.644213,46.819706,45000,150,173,119.0,0,original
23.11.2025 13:52:55,31.635216,46.827621,45000,430,495,143.0,0,original
23.11.2025 13:52:58,31.629879,46.83152,45000,459,528,256.0,0,original
23.11.2025 13:53:00,31.62628,46.834965,45000,470,541,142.0,0,original
23.11.2025 13:53:09,31.607424,46.849766,45000,500,575,146.0,0,original
23.11.2025 13:53:13,31.601355,46.855606,45000,330,380,136.0,0,original
23.11.2025 13:53:19,31.591896,46.864067,45000,410,472,143.0,0,original
23.11.2025 13:53:21,31.587519,46.867741,45000,280,322,136.0,0,original
23.11.2025 13:53:25,31.580553,46.873451,45000,390,449,147.0,0,original
23.11.2025 13:53:30,31.5718,46.880955,45000,467,537,145.0,0,original
23.11.2025 13:53:34,31.570627,46.89632,45000,469,540,83.0,0,original
23.11.2025 13:53:42,31.549385,46.899693,45000,370,426,141.0,0,original
23.11.2025 13:53:46,31.542376,46.905869,45000,390,449,142.0,0,original
23.11.2025 13:53:51,31.535393,46.911934,45000,320,368,144.0,0,original
23.11.2025 13:53:58,31.522226,46.923264,45000,480,552,142.0,0,original
23.11.2025 13:54:05,31.505333,46.934895,45000,561,646,149.0,0,original
23.11.2025 13:54:09,31.50326,46.939518,45000,240,276,117.0,0,original
23.11.2025 13:54:12,31.501722,46.946861,45000,290,334,67.0,0,original
23.11.2025 13:54:34,31.458632,46.977509,45000,473,544,144.0,0,original
23.11.2025 13:54:43,31.444363,46.989281,45000,473,544,144.0,0,original
23.11.2025 13:55:14,31.388023,47.037441,45000,471,542,144.0,0,original
23.11.2025 13:55:18,31.381344,47.042404,45000,529,609,149.0,0,original
23.11.2025 13:55:20,31.376509,47.04649,45000,491,565,145.0,0,original
23.11.2025 13:55:25,31.369785,47.052666,45000,320,368,140.0,0,original
23.11.2025 13:55:34,31.349419,47.068604,45000,510,587,146.0,0,original
23.11.2025 13:55:36,31.345509,47.070789,45000,320,368,167.0,0,original
23.11.2025 13:55:40,31.337902,47.078068,45000,644,741,151.0,0,original
23.11.2025 13:55:45,31.333151,47.083302,45000,456,525,134.0,0,original
23.11.2025 13:55:47,31.326014,47.087467,45000,902,1038,160.0,0,original
23.11.2025 13:55:49,31.326189,47.089828,45000,90,104,115.0,0,original
23.11.2025 13:55:53,31.317438,47.097073,45000,500,575,140.0,0,original
23.11.2025 13:55:58,31.309837,47.102779,45000,460,529,149.0,0,original
23.11.2025 13:56:01,31.303244,47.108959,45000,430,495,141.0,0,original
23.11.2025 13:56:04,31.296291,47.11351,45000,555,639,150.0,0,original
23.11.2025 13:56:07,31.295141,47.116322,45000,110,127,139.0,0,original
23.11.2025 13:56:11,31.289099,47.121124,45000,210,242,144.0,0,original
23.11.2025 13:56:13,31.282209,47.127064,45000,466,536,142.0,0,original
23.11.2025 13:56:20,31.272247,47.135124,45000,420,483,145.0,0,original
23.11.2025 13:56:22,31.26705,47.139545,45000,400,460,143.0,0,original
23.11.2025 13:56:26,31.260948,47.145176,45000,410,472,141.0,0,original
23.11.2025 13:56:29,31.253115,47.151207,45000,541,623,131.0,0,original
23.11.2025 13:56:34,31.246561,47.156704,45000,310,357,147.0,0,original
23.11.2025 13:56:42,31.23188,47.168545,45000,450,518,145.0,0,original
23.11.2025 13:56:45,31.226688,47.173203,45000,430,495,142.0,0,original
23.11.2025 13:56:47,31.222939,47.176311,45000,350,403,144.0,0,original
23.11.2025 13:56:54,31.211226,47.186615,45000,472,543,143.0,0,original
23.11.2025 13:57:02,31.196486,47.199238,45000,420,483,150.0,0,original
23.11.2025 13:57:05,31.191217,47.203022,45000,400,460,148.0,0,original
23.11.2025 13:57:07,31.187469,47.206665,45000,390,449,152.0,0,original
23.11.2025 13:57:10,31.183056,47.2108,45000,486,559,141.0,0,original
23.11.2025 13:57:13,31.176786,47.216404,45000,540,621,142.0,0,original
23.11.2025 13:57:16,31.1695,47.22057,45000,420,483,153.0,0,original
23.11.2025 13:57:19,31.166796,47.224815,45000,240,276,126.0,0,original
23.11.2025 13:57:25,31.154642,47.234394,45000,474,545,143.0,0,original
23.11.2025 13:57:30,31.148111,47.240421,45000,440,506,141.0,0,original
23.11.2025 13:57:41,31.127249,47.258179,45000,470,541,143.0,0,original
23.11.2025 13:57:44,31.120853,47.264225,45000,443,510,141.0,0,original
23.11.2025 13:57:49,31.113592,47.268848,45000,350,403,151.0,0,original
23.11.2025 13:58:57,30.99065,47.370846,45000,470,541,144.0,0,original
23.11.2025 13:59:05,30.976969,47.38253,45000,490,564,149.0,0,original
23.11.2025 13:59:09,30.970877,47.388145,45000,434,499,142.0,0,original
23.11.2025 13:59:11,30.967016,47.392128,45000,410,472,138.0,0,original
23.11.2025 13:59:13,30.964741,47.394001,45000,472,543,143.0,0,original
23.11.2025 13:59:15,30.959772,47.397644,45000,473,544,146.0,0,original
23.11.2025 13:59:18,30.9562,47.400604,45000,473,544,145.0,0,original
23.11.2025 13:59:20,30.952549,47.403763,45000,474,545,144.0,0,original
23.11.2025 13:59:23,30.946983,47.408466,45000,475,547,144.0,0,original
23.11.2025 13:59:27,30.941122,47.413456,45000,474,545,144.0,0,original
23.11.2025 13:59:29,30.935104,47.418591,45000,474,545,143.0,0,original
23.11.2025 13:59:31,30.931318,47.421745,45000,474,545,144.0,0,original
23.11.2025 13:59:33,30.927301,47.425121,45000,474,545,144.0,0,original
23.11.2025 13:59:36,30.921696,47.429932,45000,475,547,143.0,0,original
23.11.2025 13:59:39,30.91971,47.431644,45000,476,548,143.0,0,original
23.11.2025 14:00:13,30.855583,47.482929,45000,469,540,143.0,0,original
23.11.2025 14:00:45,30.798965,47.535709,45000,480,552,140.0,0,original
23.11.2025 14:00:56,30.784163,47.555294,45000,260,299,118.0,0,original
23.11.2025 14:00:58,30.780907,47.558453,45000,471,542,140.0,0,original
23.11.2025 14:01:01,30.777697,47.561954,45000,220,253,116.0,0,original
23.11.2025 14:01:04,30.771748,47.568089,45000,478,550,138.0,0,original
23.11.2025 14:01:07,30.76638,47.574306,45000,400,460,134.0,0,original
23.11.2025 14:01:10,30.761591,47.579437,45000,501,577,139.0,0,original
23.11.2025 14:01:13,30.758265,47.582848,45000,484,557,137.0,0,original
23.11.2025 14:01:15,30.753281,47.587135,45000,430,495,143.0,0,original
23.11.2025 14:01:17,30.749964,47.590611,45000,481,554,139.0,0,original
23.11.2025 14:01:19,30.746645,47.593891,45000,476,548,139.0,0,original
23.11.2025 14:01:22,30.743649,47.597904,45000,485,558,135.0,0,original
23.11.2025 14:01:24,30.739706,47.601715,45000,475,547,137.0,0,original
23.11.2025 14:01:28,30.734205,47.609119,45000,200,230,119.0,0,original
23.11.2025 14:01:30,30.725224,47.61359,45000,480,552,130.0,0,original
23.11.2025 14:01:33,30.724855,47.61956,45000,300,345,120.0,0,original
23.11.2025 14:01:35,30.721928,47.620766,45000,230,265,160.0,0,original
23.11.2025 14:01:37,30.718388,47.626144,45000,280,322,112.0,0,original
23.11.2025 14:01:39,30.714531,47.629074,45000,350,403,146.0,0,original
23.11.2025 14:01:41,30.712166,47.632965,45000,180,207,143.0,0,original
23.11.2025 14:01:44,30.702679,47.636147,45000,700,806,163.0,0,original
23.11.2025 14:01:49,30.699066,47.647003,45000,150,173,135.0,0,original
23.11.2025 14:01:52,30.693966,47.652546,45000,160,184,140.0,0,original
23.11.2025 14:01:54,30.69067,47.653904,45000,290,334,137.0,0,original
23.11.2025 14:02:00,30.682056,47.664825,45000,610,702,24.0,0,original
23.11.2025 14:02:04,30.674339,47.672733,45000,280,322,138.0,0,original
23.11.2025 14:02:28,30.631603,47.711658,45000,470,541,141.0,0,original
23.11.2025 14:02:51,30.596861,47.752514,45000,280,322,139.0,0,original
23.11.2025 14:02:54,30.59338,47.756523,45000,478,550,135.0,0,original
23.11.2025 14:02:56,30.588409,47.761589,45000,460,529,138.0,0,original
23.11.2025 14:03:00,30.580603,47.765816,45000,370,426,154.0,0,original
23.11.2025 14:03:10,30.567184,47.783848,45000,430,495,130.0,0,original
23.11.2025 14:03:12,30.562557,47.788311,45000,390,449,109.0,0,original
23.11.2025 14:03:15,30.55867,47.792313,45000,464,534,138.0,0,original
23.11.2025 14:03:18,30.555029,47.795876,45000,140,161,141.0,0,original
23.11.2025 14:03:21,30.547533,47.797714,45000,270,311,243.0,0,original
23.11.2025 14:03:24,30.543545,47.801693,45000,260,299,232.0,0,original
23.11.2025 14:03:30,30.533987,47.816998,45000,280,322,112.0,0,original
23.11.2025 14:03:32,30.529335,47.821556,45000,320,368,140.0,0,original
23.11.2025 14:03:35,30.52496,47.826653,45000,478,550,134.0,0,original
23.11.2025 14:03:38,30.521606,47.830051,45000,210,242,148.0,0,original
23.11.2025 14:03:40,30.518394,47.834969,45000,320,368,112.0,0,original
23.11.2025 14:03:42,30.51388,47.838615,45000,360,414,145.0,0,original
23.11.2025 14:03:46,30.499943,47.845257,45000,450,518,176.0,0,original
23.11.2025 14:03:49,30.502811,47.850739,45000,250,288,130.0,0,original
23.11.2025 14:03:51,30.493879,47.852493,45000,950,1093,174.0,0,original
23.11.2025 14:03:54,30.490311,47.856861,45000,485,558,134.0,0,original
23.11.2025 14:03:56,30.483814,47.862732,45000,488,562,138.0,0,original
23.11.2025 14:04:00,30.479431,47.867271,45000,482,555,138.0,0,original
23.11.2025 14:04:02,30.475904,47.872047,45000,462,532,134.0,0,original
23.11.2025 14:04:04,30.472343,47.875767,45000,466,536,135.0,0,original
23.11.2025 14:04:07,30.468523,47.879593,45000,469,540,137.0,0,original
23.11.2025 14:04:09,30.464291,47.883942,45000,468,539,137.0,0,original
23.11.2025 14:04:11,30.461414,47.886765,45000,473,544,138.0,0,original
23.11.2025 14:04:14,30.456045,47.892593,45000,470,541,137.0,0,original
23.11.2025 14:04:18,30.452085,47.89735,45000,461,531,135.0,0,original
23.11.2025 14:04:22,30.44511,47.905296,45000,466,536,135.0,0,original
23.11.2025 14:04:25,30.439739,47.910831,45000,471,542,137.0,0,original
23.11.2025 14:04:28,30.436262,47.914459,45000,469,540,137.0,0,original
23.11.2025 14:04:30,30.431416,47.919563,45000,469,540,137.0,0,original
23.11.2025 14:04:33,30.428314,47.922989,45000,467,537,136.0,0,original
23.11.2025 14:04:35,30.426018,47.929001,45000,360,414,113.0,0,original
23.11.2025 14:04:37,30.41939,47.931843,45000,630,725,171.0,0,original
23.11.2025 14:04:40,30.416931,47.935013,45000,479,551,131.0,0,original
23.11.2025 14:04:42,30.415556,47.940186,45000,10,12,106.0,0,original
23.11.2025 14:04:45,30.40888,47.946999,45000,480,552,118.0,0,original
23.11.2025 14:04:47,30.406393,47.950016,45000,499,574,133.0,0,original
23.11.2025 14:04:51,30.401821,47.957546,45000,390,449,125.0,0,original
23.11.2025 14:04:55,30.394272,47.961906,45000,160,184,149.0,0,original
23.11.2025 14:04:58,30.390005,47.967133,45000,489,563,135.0,0,original
23.11.2025 14:05:00,30.384617,47.97216,45000,472,543,139.0,0,original
23.11.2025 14:05:03,30.381334,47.975517,45000,473,544,139.0,0,original
23.11.2025 14:05:06,30.375776,47.98127,45000,477,549,138.0,0,original
23.11.2025 14:05:09,30.371235,47.986019,45000,479,551,138.0,0,original
23.11.2025 14:05:11,30.366306,47.991032,45000,479,551,138.0,0,original
23.11.2025 14:05:14,30.362648,47.994789,45000,370,426,137.0,0,original
23.11.2025 14:05:23,30.344852,48.010017,45000,490,564,144.0,0,original
23.11.2025 14:05:26,30.341728,48.013382,45000,487,560,135.0,0,original
23.11.2025 14:05:29,30.334641,48.020927,45000,477,549,137.0,0,original
23.11.2025 14:05:31,30.331652,48.023975,45000,476,548,137.0,0,original
23.11.2025 14:05:34,30.325954,48.029961,45000,476,548,137.0,0,original
23.11.2025 14:05:38,30.321583,48.034309,45000,474,545,138.0,0,original
23.11.2025 14:05:40,30.318586,48.037495,45000,476,548,137.0,0,original
23.11.2025 14:05:43,30.313858,48.042545,45000,475,547,137.0,0,original
23.11.2025 14:05:48,30.306246,48.050587,45000,473,544,137.0,0,original
23.11.2025 14:05:51,30.29921,48.058159,45000,475,547,137.0,0,original
23.11.2025 14:06:20,30.253872,48.106743,45000,350,403,126.0,0,original
23.11.2025 14:06:22,30.248915,48.110016,45000,440,506,150.0,0,original
23.11.2025 14:06:27,30.240744,48.118267,45000,400,460,138.0,0,original
23.11.2025 14:06:32,30.23369,48.125065,45000,370,426,140.0,0,original
23.11.2025 14:06:37,30.224312,48.136612,45000,520,598,133.0,0,original
23.11.2025 14:06:39,30.22122,48.140488,45000,330,380,132.0,0,original
23.11.2025 14:06:41,30.216146,48.143612,45000,380,437,151.0,0,original
23.11.2025 14:06:47,30.208288,48.154072,45000,410,472,130.0,0,original
23.11.2025 14:06:51,30.201708,48.160698,45000,360,414,138.0,0,original
23.11.2025 14:06:57,30.192219,48.170929,45000,430,495,136.0,0,original
23.11.2025 14:07:00,30.188366,48.172531,45000,300,345,160.0,0,original
23.11.2025 14:07:02,30.183628,48.177738,45000,490,564,136.0,0,original
23.11.2025 14:07:07,30.175327,48.18528,45000,350,403,150.0,0,original
23.11.2025 14:07:11,30.169012,48.192455,45000,330,380,135.0,0,original
23.11.2025 14:07:19,30.156326,48.207726,45000,470,541,137.0,0,original
23.11.2025 14:07:22,30.15115,48.212902,45000,340,391,139.0,0,original
23.11.2025 14:07:35,30.129772,48.232273,45000,476,548,137.0,0,original
23.11.2025 14:08:06,30.078224,48.285183,45000,471,542,137.0,0,original
23.11.2025 14:08:37,30.028582,48.336876,45000,472,543,137.0,0,original
23.11.2025 14:09:08,29.979389,48.385704,45000,474,545,138.0,0,original
23.11.2025 14:09:31,29.93894,48.428078,45000,460,529,150.0,0,original
23.11.2025 14:09:33,29.935497,48.431801,45000,462,532,140.0,0,original
23.11.2025 14:09:36,29.932661,48.434467,45000,460,529,140.0,0,original
23.11.2025 14:09:39,29.92667,48.440643,45000,464,534,139.0,0,original
23.11.2025 14:09:42,29.922646,48.444859,45000,468,539,138.0,0,original
23.11.2025 14:10:13,29.869055,48.495667,45000,460,529,140.0,0,original
23.11.2025 14:10:37,29.824532,48.526344,45000,424,488,146.0,0,original
23.11.2025 14:10:39,29.820259,48.52771,45000,468,539,151.0,0,original
23.11.2025 14:10:51,29.800631,48.541866,45000,420,483,147.0,0,original
23.11.2025 14:10:53,29.796103,48.545166,45000,420,483,147.0,0,original
23.11.2025 14:10:57,29.784369,48.547802,45000,610,702,169.0,0,original
23.11.2025 14:11:06,29.767618,48.558098,45000,450,518,151.0,0,original
23.11.2025 14:11:13,29.75708,48.56715,45000,330,380,143.0,0,original
23.11.2025 14:11:21,29.738644,48.574024,45000,520,598,161.0,0,original
23.11.2025 14:11:27,29.728617,48.583218,45000,370,426,139.0,0,original
23.11.2025 14:11:32,29.716394,48.586838,45000,463,533,153.0,0,original
23.11.2025 14:11:35,29.713614,48.590939,45000,310,357,127.0,0,original
23.11.2025 14:11:40,29.702267,48.595108,45000,490,564,170.0,0,original
23.11.2025 14:11:43,29.693834,48.600254,45000,465,535,152.0,0,original
23.11.2025 14:11:49,29.683098,48.605961,45000,390,449,155.0,0,original
23.11.2025 14:12:05,29.653542,48.624271,45000,430,495,151.0,0,original
23.11.2025 14:12:07,29.649118,48.626907,45000,465,535,152.0,0,original
23.11.2025 14:12:09,29.643227,48.63047,45000,469,540,152.0,0,original
23.11.2025 14:12:41,29.582018,48.665169,45000,460,529,152.0,0,original
23.11.2025 14:13:04,29.550013,48.694569,45000,330,380,116.0,0,original
23.11.2025 14:13:17,29.512915,48.706188,45000,320,368,151.0,0,original
23.11.2025 14:13:24,29.50106,48.712334,45000,380,437,155.0,0,original
23.11.2025 14:13:31,29.482965,48.721333,45000,500,575,156.0,0,original
23.11.2025 14:13:34,29.477842,48.723072,45000,470,541,174.0,0,original
23.11.2025 14:13:43,29.458971,48.732632,45000,440,506,156.0,0,original
23.11.2025 14:13:47,29.454704,48.737011,45000,230,265,124.0,0,original
23.11.2025 14:14:10,29.408962,48.762764,45000,460,529,153.0,0,original
23.11.2025 14:14:48,29.336533,48.806778,45000,440,506,153.0,0,original
23.11.2025 14:15:20,29.275255,48.841938,45000,466,536,153.0,0,original
23.11.2025 14:15:41,29.231817,48.865704,45000,410,472,149.0,0,original
23.11.2025 14:15:44,29.227238,48.868458,45000,461,531,152.0,0,original
23.11.2025 14:15:46,29.222837,48.870934,45000,465,535,152.0,0,original
23.11.2025 14:15:49,29.219936,48.873016,45000,458,527,151.0,0,original
23.11.2025 14:15:51,29.21381,48.876823,45000,459,528,151.0,0,original
23.11.2025 14:15:54,29.209742,48.879173,45000,462,532,152.0,0,original
23.11.2025 14:15:56,29.204615,48.882042,45000,468,539,152.0,0,original
23.11.2025 14:15:58,29.200794,48.884277,45000,468,539,152.0,0,original
23.11.2025 14:16:00,29.196281,48.886795,45000,468,539,153.0,0,original
23.11.2025 14:16:04,29.190918,48.889767,45000,469,540,153.0,0,original
23.11.2025 14:16:06,29.185108,48.893295,45000,466,536,152.0,0,original
23.11.2025 14:16:08,29.180281,48.895317,45000,390,449,159.0,0,original
23.11.2025 14:16:10,29.17729,48.897903,45000,441,507,144.0,0,original
23.11.2025 14:16:13,29.173664,48.900131,45000,448,516,149.0,0,original
23.11.2025 14:16:15,29.167519,48.903976,45000,466,536,150.0,0,original
23.11.2025 14:16:17,29.164032,48.906162,45000,471,542,150.0,0,original
23.11.2025 14:16:20,29.159758,48.909138,45000,473,544,149.0,0,original
23.11.2025 14:16:22,29.154846,48.912758,45000,469,540,148.0,0,original
23.11.2025 14:16:24,29.15115,48.915764,45000,471,542,147.0,0,original
23.11.2025 14:16:27,29.145954,48.919926,45000,469,540,146.0,0,original
23.11.2025 14:16:29,29.140938,48.924042,45000,472,543,145.0,0,original
23.11.2025 14:16:31,29.13813,48.926357,45000,472,543,145.0,0,original
23.11.2025 14:16:34,29.135061,48.929092,45000,470,541,144.0,0,original
23.11.2025 14:16:36,29.128738,48.934269,45000,472,543,144.0,0,original
23.11.2025 14:16:39,29.126415,48.93642,45000,471,542,143.0,0,original
23.11.2025 14:16:48,29.109131,48.950993,45000,280,322,149.0,0,original
23.11.2025 14:16:51,29.105356,48.957432,45000,280,322,136.0,0,original
23.11.2025 14:16:54,29.100946,48.959923,45000,60,69,141.0,0,original
23.11.2025 14:16:56,29.096861,48.963692,45000,473,544,141.0,0,original
23.11.2025 14:16:59,29.093039,48.967789,45000,468,539,139.0,0,original
23.11.2025 14:17:01,29.088326,48.972378,45000,470,541,139.0,0,original
23.11.2025 14:17:04,29.08486,48.975811,45000,471,542,139.0,0,original
23.11.2025 14:17:07,29.078373,48.982479,45000,469,540,138.0,0,original
23.11.2025 14:17:09,29.073425,48.987282,45000,471,542,139.0,0,original
23.11.2025 14:17:12,29.071444,48.989067,45000,474,545,139.0,0,original
23.11.2025 14:17:14,29.066097,48.9935,45000,290,334,136.0,0,original
23.11.2025 14:17:17,29.060873,48.99939,45000,440,506,134.0,0,original
23.11.2025 14:17:21,29.055279,49.004951,45000,450,518,141.0,0,original
23.11.2025 14:17:23,29.052288,49.008362,45000,477,549,135.0,0,original
23.11.2025 14:17:25,29.048002,49.012939,45000,475,547,136.0,0,original
23.11.2025 14:17:27,29.045597,49.015263,45000,471,542,137.0,0,original
23.11.2025 14:17:30,29.041374,49.01907,45000,465,535,138.0,0,original
23.11.2025 14:17:32,29.037701,49.022888,45000,360,414,137.0,0,original
23.11.2025 14:17:34,29.034653,49.026417,45000,471,542,137.0,0,original
23.11.2025 14:17:36,29.030148,49.030811,45000,470,541,138.0,0,original
23.11.2025 14:17:39,29.027266,49.033833,45000,468,539,138.0,0,original
23.11.2025 14:17:42,29.020767,49.039253,45000,330,380,146.0,0,original
23.11.2025 14:17:46,29.014349,49.046265,45000,330,380,52.0,0,original
23.11.2025 14:17:50,29.007969,49.052158,45000,190,219,137.0,0,original
23.11.2025 14:17:52,29.004234,49.055737,45000,330,380,138.0,0,original
23.11.2025 14:17:55,28.999096,49.060596,45000,473,544,139.0,0,original
23.11.2025 14:17:57,28.995121,49.064228,45000,450,518,142.0,0,original
23.11.2025 14:18:00,28.991646,49.067375,45000,410,472,143.0,0,original
23.11.2025 14:18:02,28.986814,49.072025,45000,473,544,142.0,0,original
23.11.2025 14:18:05,28.98241,49.076103,45000,469,540,141.0,0,original
23.11.2025 14:18:07,28.978901,49.079353,45000,469,540,141.0,0,original
23.11.2025 14:18:10,28.974335,49.083778,45000,471,542,140.0,0,original
23.11.2025 14:18:12,28.971025,49.087036,45000,190,219,136.0,0,original
23.11.2025 14:18:15,28.966072,49.091938,45000,360,414,144.0,0,original
23.11.2025 14:18:17,28.962585,49.096031,45000,370,426,126.0,0,original
23.11.2025 14:18:20,28.958736,49.099274,45000,290,334,143.0,0,original
23.11.2025 14:18:22,28.953913,49.103844,45000,350,403,144.0,0,original
23.11.2025 14:18:24,28.949961,49.107025,45000,340,391,144.0,0,original
23.11.2025 14:18:27,28.94544,49.111679,45000,350,403,146.0,0,original
23.11.2025 14:18:29,28.942747,49.11446,45000,466,536,141.0,0,original
23.11.2025 14:18:31,28.939894,49.117577,45000,180,207,119.0,0,original
23.11.2025 14:18:34,28.935387,49.121777,45000,240,276,140.0,0,original
23.11.2025 14:18:38,28.927603,49.129581,45000,410,472,139.0,0,original
23.11.2025 14:18:40,28.924303,49.132504,45000,474,545,140.0,0,original
23.11.2025 14:18:42,28.919825,49.137024,45000,410,472,139.0,0,original
23.11.2025 14:18:45,28.916153,49.140564,45000,510,587,137.0,0,original
23.11.2025 14:18:47,28.91378,49.143177,45000,220,253,135.0,0,original
23.11.2025 14:18:50,28.908165,49.148342,45000,480,552,141.0,0,original
23.11.2025 14:18:52,28.905518,49.151264,45000,170,196,140.0,0,original
23.11.2025 14:18:55,28.899715,49.156921,45000,310,357,136.0,0,original
23.11.2025 14:18:57,28.896053,49.160786,45000,482,555,134.0,0,original
23.11.2025 14:19:03,28.887678,49.168415,45000,390,449,140.0,0,original
23.11.2025 14:19:05,28.883352,49.173145,45000,465,535,132.0,0,original
23.11.2025 14:19:07,28.878603,49.178188,45000,500,575,136.0,0,original
23.11.2025 14:19:09,28.874474,49.181358,45000,540,621,141.0,0,original
23.11.2025 14:19:12,28.872025,49.183754,45000,463,533,142.0,0,original
23.11.2025 14:19:14,28.867392,49.188148,45000,290,334,151.0,0,original
23.11.2025 14:19:17,28.862608,49.192596,45000,430,495,141.0,0,original
23.11.2025 14:19:19,28.858215,49.197369,45000,450,518,136.0,0,original
23.11.2025 14:19:21,28.85618,49.199265,45000,190,219,140.0,0,original
23.11.2025 14:19:24,28.852354,49.203613,45000,360,414,139.0,0,original
23.11.2025 14:19:26,28.848852,49.206306,45000,220,253,140.0,0,original
23.11.2025 14:19:30,28.843405,49.214447,45000,340,391,125.0,0,original
23.11.2025 14:19:32,28.838512,49.217644,45000,260,299,133.0,0,original
23.11.2025 14:19:35,28.8353,49.220882,45000,260,299,146.0,0,original
23.11.2025 14:19:37,28.830576,49.226162,45000,472,543,137.0,0,original
23.11.2025 14:19:39,28.826479,49.230606,45000,473,544,137.0,0,original
23.11.2025 14:19:41,28.823349,49.23402,45000,472,543,136.0,0,original
23.11.2025 14:19:44,28.820469,49.237167,45000,472,543,136.0,0,original
23.11.2025 14:19:46,28.817411,49.240337,45000,471,542,136.0,0,original
23.11.2025 14:19:49,28.813087,49.244713,45000,30,35,136.0,0,original
23.11.2025 14:19:51,28.807497,49.250038,45000,500,575,141.0,0,original
23.11.2025 14:19:53,28.805101,49.251522,45000,240,276,151.0,0,original
23.11.2025 14:19:57,28.79837,49.260147,45000,140,161,139.0,0,original
23.11.2025 14:19:59,28.795353,49.263508,45000,30,35,135.0,0,original
23.11.2025 14:20:01,28.791092,49.26749,45000,469,540,139.0,0,original
23.11.2025 14:20:04,28.789494,49.272072,45000,240,276,84.0,0,original
23.11.2025 14:20:06,28.784908,49.274334,45000,100,115,163.0,0,original
23.11.2025 14:20:09,28.781319,49.277802,45000,474,545,140.0,0,original
23.11.2025 14:20:11,28.775846,49.283245,45000,475,547,139.0,0,original
23.11.2025 14:20:13,28.772871,49.286201,45000,473,544,139.0,0,original
23.11.2025 14:20:15,28.769291,49.289917,45000,475,547,138.0,0,original
23.11.2025 14:20:17,28.764879,49.294804,45000,471,542,137.0,0,original
23.11.2025 14:20:19,28.762581,49.297115,45000,474,545,137.0,0,original
23.11.2025 14:20:22,28.758081,49.30172,45000,475,547,137.0,0,original
23.11.2025 14:20:24,28.755127,49.304726,45000,472,543,137.0,0,original
23.11.2025 14:20:26,28.751331,49.308594,45000,471,542,137.0,0,original
23.11.2025 14:20:29,28.747934,49.312057,45000,471,542,137.0,0,original
23.11.2025 14:20:33,28.741043,49.318054,45000,200,230,143.0,0,original
23.11.2025 14:20:35,28.736927,49.324646,45000,580,667,124.0,0,original
23.11.2025 14:20:37,28.733555,49.3269,45000,473,544,136.0,0,original
23.11.2025 14:20:40,28.729683,49.330444,45000,472,543,138.0,0,original
23.11.2025 14:20:43,28.725224,49.334953,45000,473,544,138.0,0,original
23.11.2025 14:20:45,28.719883,49.340263,45000,472,543,138.0,0,original
23.11.2025 14:20:49,28.713184,49.346718,45000,400,460,139.0,0,original
23.11.2025 14:20:54,28.706741,49.354458,45000,490,564,202.0,0,original
23.11.2025 14:20:56,28.701738,49.358063,45000,350,403,147.0,0,original
23.11.2025 14:21:02,28.691942,49.368191,45000,410,472,140.0,0,original
23.11.2025 14:21:04,28.688616,49.371716,45000,350,403,136.0,0,original
23.11.2025 14:21:06,28.6868,49.373936,45000,240,276,133.0,0,original
23.11.2025 14:21:08,28.682323,49.378231,45000,480,552,142.0,0,original
23.11.2025 14:21:11,28.678862,49.381413,45000,240,276,144.0,0,original
23.11.2025 14:21:14,28.673214,49.387913,45000,488,562,139.0,0,original
23.11.2025 14:21:16,28.669729,49.391106,45000,290,334,140.0,0,original
23.11.2025 14:21:20,28.66457,49.398598,45000,290,334,61.0,0,original
23.11.2025 14:21:23,28.657495,49.403934,45000,280,322,137.0,0,original
23.11.2025 14:21:25,28.654406,49.407604,45000,340,391,133.0,0,original
23.11.2025 14:21:29,28.649181,49.41264,45000,380,437,139.0,0,original
23.11.2025 14:21:32,28.643883,49.416817,45000,290,334,148.0,0,original
23.11.2025 14:21:35,28.638535,49.423042,45000,480,552,142.0,0,original
23.11.2025 14:21:37,28.63438,49.426594,45000,470,541,145.0,0,original
23.11.2025 14:21:40,28.632593,49.431068,45000,290,334,115.0,0,original
23.11.2025 14:21:43,28.628111,49.435127,45000,477,549,136.0,0,original
23.11.2025 14:21:45,28.624199,49.439594,45000,476,548,135.0,0,original
23.11.2025 14:21:48,28.620123,49.44466,45000,476,548,134.0,0,original
23.11.2025 14:21:51,28.614532,49.451767,45000,474,545,133.0,0,original
23.11.2025 14:21:54,28.61141,49.456249,45000,470,541,131.0,0,original
23.11.2025 14:21:56,28.608109,49.461044,45000,470,541,130.0,0,original
23.11.2025 14:21:58,28.604654,49.466129,45000,473,544,130.0,0,original
23.11.2025 14:22:01,28.601023,49.471462,45000,471,542,129.0,0,original
23.11.2025 14:22:04,28.598049,49.47699,45000,420,483,116.0,0,original
23.11.2025 14:22:06,28.594944,49.482071,45000,40,46,125.0,0,original
23.11.2025 14:22:09,28.591787,49.486431,45000,330,380,126.0,0,original
23.11.2025 14:22:11,28.588665,49.492146,45000,479,551,122.0,0,original
23.11.2025 14:22:14,28.586149,49.496498,45000,475,547,122.0,0,original
23.11.2025 14:22:16,28.582497,49.502155,45000,474,545,123.0,0,original
23.11.2025 14:22:19,28.580019,49.506355,45000,474,545,123.0,0,original
23.11.2025 14:22:21,28.576408,49.512455,45000,474,545,123.0,0,original
23.11.2025 14:22:23,28.572618,49.519188,45000,473,544,123.0,0,original
23.11.2025 14:22:25,28.571379,49.521477,45000,474,545,123.0,0,original
23.11.2025 14:22:28,28.568766,49.526081,45000,475,547,122.0,0,original
23.11.2025 14:22:30,28.56617,49.53196,45000,360,414,116.0,0,original
23.11.2025 14:22:33,28.563396,49.536457,45000,477,549,122.0,0,original
23.11.2025 14:22:35,28.559385,49.542728,45000,473,544,124.0,0,original
23.11.2025 14:22:37,28.556635,49.549355,45000,560,644,117.0,0,original
23.11.2025 14:22:40,28.55542,49.552891,45000,70,81,85.0,0,original
23.11.2025 14:22:43,28.55228,49.557945,45000,475,547,119.0,0,original
23.11.2025 14:22:45,28.548424,49.564823,45000,474,545,121.0,0,original
23.11.2025 14:22:47,28.547058,49.567303,45000,474,545,121.0,0,original
23.11.2025 14:22:49,28.544428,49.572304,45000,474,545,121.0,0,original
23.11.2025 14:22:51,28.541479,49.577728,45000,475,547,121.0,0,original
23.11.2025 14:22:55,28.537601,49.58511,45000,476,548,121.0,0,original
23.11.2025 14:22:57,28.53476,49.590755,45000,475,547,120.0,0,original
23.11.2025 14:22:59,28.532421,49.595352,45000,473,544,120.0,0,original
23.11.2025 14:23:01,28.530804,49.598694,45000,473,544,120.0,0,original
23.11.2025 14:23:05,28.527313,49.605892,45000,360,414,118.0,0,original
23.11.2025 14:23:08,28.522955,49.613647,45000,390,449,122.0,0,original
23.11.2025 14:23:11,28.520325,49.618935,45000,220,253,123.0,0,original
23.11.2025 14:23:14,28.517189,49.625023,45000,300,345,118.0,0,original
23.11.2025 14:23:16,28.513821,49.631176,45000,477,549,127.0,0,original
23.11.2025 14:23:19,28.51133,49.636391,45000,350,403,118.0,0,original
23.11.2025 14:23:21,28.508419,49.641869,45000,310,357,125.0,0,original
23.11.2025 14:23:24,28.505939,49.646568,45000,370,426,124.0,0,original
23.11.2025 14:23:26,28.502798,49.65276,45000,400,460,113.0,0,original
23.11.2025 14:23:28,28.500517,49.656906,45000,310,357,120.0,0,original
23.11.2025 14:23:32,28.496943,49.66346,45000,474,545,121.0,0,original
23.11.2025 14:23:34,28.493889,49.668861,45000,474,545,122.0,0,original
23.11.2025 14:23:37,28.490917,49.674347,45000,474,545,121.0,0,original
23.11.2025 14:23:39,28.488449,49.678959,45000,474,545,121.0,0,original
23.11.2025 14:23:41,28.485073,49.685192,45000,475,547,121.0,0,original
23.11.2025 14:23:44,28.482986,49.689117,45000,240,276,120.0,0,original
23.11.2025 14:23:46,28.480553,49.69384,45000,474,545,119.0,0,original
23.11.2025 14:23:48,28.477152,49.699162,45000,430,495,126.0,0,original
23.11.2025 14:23:53,28.471947,49.709171,45000,350,403,120.0,0,original
23.11.2025 14:23:56,28.468653,49.715794,45000,440,506,119.0,0,original
23.11.2025 14:23:58,28.466335,49.719818,45000,280,322,114.0,0,original
23.11.2025 14:24:01,28.46139,49.72813,45000,480,552,123.0,0,original
23.11.2025 14:24:04,28.458721,49.733646,45000,680,783,119.0,0,original
23.11.2025 14:24:06,28.456743,49.737335,45000,230,265,116.0,0,original
23.11.2025 14:24:10,28.452841,49.744595,45000,478,550,119.0,0,original
23.11.2025 14:24:12,28.450081,49.749428,45000,476,548,120.0,0,original
23.11.2025 14:24:14,28.447027,49.755405,45000,475,547,120.0,0,original
23.11.2025 14:24:16,28.445156,49.758827,45000,475,547,120.0,0,original
23.11.2025 14:24:20,28.440998,49.766293,45000,475,547,121.0,0,original
23.11.2025 14:24:24,28.43535,49.774288,45000,477,549,62.0,0,original
23.11.2025 14:24:26,28.43247,49.778744,45000,60,69,128.0,0,original
23.11.2025 14:24:29,28.429314,49.783646,45000,350,403,125.0,0,original
23.11.2025 14:24:32,28.424265,49.791019,45000,440,506,125.0,0,original
23.11.2025 14:24:35,28.420704,49.795261,45000,320,368,132.0,0,original
23.11.2025 14:24:38,28.417145,49.799809,45000,472,543,131.0,0,original
23.11.2025 14:24:40,28.413765,49.803825,45000,471,542,132.0,0,original
23.11.2025 14:24:42,28.409542,49.808735,45000,473,544,133.0,0,original
23.11.2025 14:24:45,28.406116,49.812622,45000,473,544,133.0,0,original
23.11.2025 14:24:47,28.403112,49.815845,45000,473,544,134.0,0,original
23.11.2025 14:24:49,28.39917,49.819588,45000,473,544,135.0,0,original
23.11.2025 14:24:51,28.396214,49.821957,45000,280,322,144.0,0,original
23.11.2025 14:24:53,28.391985,49.826675,45000,472,543,133.0,0,original
23.11.2025 14:24:55,28.388561,49.829708,45000,468,539,137.0,0,original
23.11.2025 14:24:58,28.383362,49.83453,45000,472,543,139.0,0,original
23.11.2025 14:25:00,28.380745,49.836899,45000,473,544,139.0,0,original
23.11.2025 14:25:02,28.376347,49.84087,45000,473,544,140.0,0,original
23.11.2025 14:25:05,28.372652,49.844055,45000,473,544,141.0,0,original
23.11.2025 14:25:07,28.367895,49.848248,45000,472,543,141.0,0,original
23.11.2025 14:25:09,28.364412,49.851185,45000,471,542,141.0,0,original
23.11.2025 14:25:11,28.360378,49.854702,45000,470,541,142.0,0,original
23.11.2025 14:25:14,28.35697,49.857628,45000,473,544,142.0,0,original
23.11.2025 14:25:16,28.352961,49.861221,45000,470,541,142.0,0,original
23.11.2025 14:25:19,28.348637,49.864731,45000,472,543,142.0,0,original
23.11.2025 14:25:22,28.34127,49.870628,45000,470,541,143.0,0,original
23.11.2025 14:25:34,28.319302,49.887302,45000,360,414,150.0,0,original
23.11.2025 14:25:37,28.314211,49.891434,45000,490,564,144.0,0,original
23.11.2025 14:25:39,28.311644,49.89325,45000,466,536,146.0,0,original
23.11.2025 14:25:41,28.307196,49.896732,45000,320,368,151.0,0,original
23.11.2025 14:25:44,28.301563,49.901161,45000,480,552,145.0,0,original
23.11.2025 14:25:46,28.297379,49.903946,45000,310,357,152.0,0,original
23.11.2025 14:25:48,28.293432,49.906841,45000,471,542,141.0,0,original
23.11.2025 14:25:50,28.290379,49.909706,45000,300,345,140.0,0,original
23.11.2025 14:25:53,28.286304,49.912128,45000,190,219,151.0,0,original
23.11.2025 14:25:56,28.279957,49.917709,45000,450,518,157.0,0,original
23.11.2025 14:25:58,28.277227,49.919807,45000,240,276,154.0,0,original
23.11.2025 14:26:01,28.272102,49.922962,45000,474,545,148.0,0,original
23.11.2025 14:26:03,28.267,49.926819,45000,472,543,147.0,0,original
23.11.2025 14:26:05,28.263203,49.929764,45000,471,542,146.0,0,original
23.11.2025 14:26:09,28.255976,49.935379,45000,471,542,146.0,0,original
23.11.2025 14:26:11,28.251877,49.937332,45000,300,345,161.0,0,original
23.11.2025 14:26:13,28.247585,49.941326,45000,410,472,140.0,0,original
23.11.2025 14:26:16,28.243095,49.944576,45000,210,242,140.0,0,original
23.11.2025 14:26:18,28.238485,49.948227,45000,430,495,130.0,0,original
23.11.2025 14:26:20,28.234243,49.95182,45000,460,529,141.0,0,original
23.11.2025 14:26:24,28.228964,49.955639,45000,350,403,148.0,0,original
23.11.2025 14:26:26,28.224682,49.958145,45000,476,548,148.0,0,original
23.11.2025 14:26:29,28.22044,49.961224,45000,472,543,147.0,0,original
23.11.2025 14:26:31,28.215767,49.965034,45000,469,540,146.0,0,original
23.11.2025 14:26:34,28.211306,49.968464,45000,470,541,146.0,0,original
23.11.2025 14:26:36,28.206781,49.972015,45000,471,542,145.0,0,original
23.11.2025 14:26:40,28.200802,49.976311,45000,475,547,146.0,0,original
23.11.2025 14:26:42,28.195589,49.980183,45000,474,545,146.0,0,original
23.11.2025 14:26:45,28.190252,49.984074,45000,472,543,146.0,0,original
23.11.2025 14:26:48,28.184481,49.98856,45000,467,537,146.0,0,original
23.11.2025 14:27:12,28.14126,50.021992,45000,320,368,138.0,0,original
23.11.2025 14:27:14,28.138159,50.024681,45000,310,357,142.0,0,original
23.11.2025 14:27:20,28.127216,50.031555,45000,270,311,149.0,0,original
23.11.2025 14:27:23,28.121666,50.036007,45000,466,536,151.0,0,original
23.11.2025 14:27:27,28.115431,50.041485,45000,400,460,142.0,0,original
23.11.2025 14:27:29,28.110725,50.043964,45000,130,150,192.0,0,original
23.11.2025 14:27:31,28.10784,50.047485,45000,110,127,125.0,0,original
23.11.2025 14:27:33,28.10323,50.050404,45000,380,437,147.0,0,original
23.11.2025 14:27:36,28.098768,50.053955,45000,230,265,140.0,0,original
23.11.2025 14:27:38,28.095072,50.056854,45000,464,534,144.0,0,original
23.11.2025 14:27:40,28.090435,50.059704,45000,466,536,147.0,0,original
23.11.2025 14:27:43,28.087934,50.06255,45000,240,276,134.0,0,original
23.11.2025 14:27:46,28.081623,50.066929,45000,420,483,148.0,0,original
23.11.2025 14:27:48,28.077316,50.070774,45000,462,532,138.0,0,original
23.11.2025 14:27:51,28.072969,50.073799,45000,330,380,155.0,0,original
23.11.2025 14:27:53,28.066471,50.078335,45000,630,725,147.0,0,original
23.11.2025 14:27:56,28.064476,50.079987,45000,457,526,145.0,0,original
23.11.2025 14:27:59,28.057674,50.084808,45000,340,391,149.0,0,original
23.11.2025 14:28:01,28.052666,50.089367,45000,310,357,141.0,0,original
23.11.2025 14:28:04,28.049324,50.092091,45000,450,518,143.0,0,original
23.11.2025 14:28:06,28.045872,50.094593,45000,290,334,137.0,0,original
23.11.2025 14:28:09,28.040894,50.098202,45000,467,537,145.0,0,original
23.11.2025 14:28:11,28.035618,50.102043,45000,466,536,146.0,0,original
23.11.2025 14:28:13,28.031307,50.105328,45000,465,535,146.0,0,original
23.11.2025 14:28:16,28.026363,50.109097,45000,458,527,146.0,0,original
23.11.2025 14:28:18,28.024063,50.111237,45000,290,334,148.0,0,original
23.11.2025 14:28:21,28.018595,50.115047,45000,461,531,147.0,0,original
23.11.2025 14:28:23,28.014467,50.11808,45000,462,532,147.0,0,original
23.11.2025 14:28:26,28.009867,50.121716,45000,460,529,146.0,0,original
23.11.2025 14:28:28,28.005945,50.124706,45000,370,426,141.0,0,original
23.11.2025 14:28:30,28.002659,50.12743,45000,220,253,133.0,0,original
23.11.2025 14:28:32,27.997292,50.130817,45000,450,518,150.0,0,original
23.11.2025 14:28:37,27.990372,50.136166,45000,468,539,147.0,0,original
23.11.2025 14:28:39,27.986118,50.139393,45000,461,531,146.0,0,original
23.11.2025 14:28:42,27.981668,50.142776,45000,461,531,146.0,0,original
23.11.2025 14:28:44,27.977772,50.145729,45000,462,532,146.0,0,original
23.11.2025 14:28:47,27.973581,50.14901,45000,459,528,145.0,0,original
23.11.2025 14:28:49,27.96841,50.152737,45000,464,534,146.0,0,original
23.11.2025 14:28:51,27.965664,50.15464,45000,460,529,146.0,0,original
23.11.2025 14:28:53,27.961609,50.158527,45000,190,219,153.0,0,original
23.11.2025 14:28:56,27.956617,50.1623,45000,400,460,139.0,0,original
23.11.2025 14:28:58,27.953661,50.163898,45000,140,161,151.0,0,original
23.11.2025 14:29:00,27.948864,50.167255,45000,455,524,147.0,0,original
23.11.2025 14:29:03,27.945709,50.169617,45000,461,531,147.0,0,original
23.11.2025 14:29:06,27.939539,50.174763,45000,462,532,145.0,0,original
23.11.2025 14:29:08,27.934244,50.178741,45000,458,527,145.0,0,original
23.11.2025 14:29:10,27.932249,50.180241,45000,456,525,145.0,0,original
23.11.2025 14:29:12,27.927982,50.183262,45000,461,531,146.0,0,original
23.11.2025 14:29:15,27.922714,50.187233,45000,462,532,146.0,0,original
23.11.2025 14:29:17,27.919464,50.189789,45000,462,532,145.0,0,original
23.11.2025 14:29:20,27.914371,50.193844,45000,240,276,148.0,0,original
23.11.2025 14:29:22,27.911413,50.195847,45000,464,534,148.0,0,original
23.11.2025 14:29:24,27.907421,50.199085,45000,462,532,145.0,0,original
23.11.2025 14:29:26,27.901445,50.203613,45000,459,528,145.0,0,original
23.11.2025 14:29:29,27.899426,50.205166,45000,459,528,145.0,0,original
23.11.2025 14:29:31,27.89473,50.208637,45000,458,527,146.0,0,original
23.11.2025 14:29:33,27.890705,50.211723,45000,460,529,146.0,0,original
23.11.2025 14:29:36,27.885908,50.215515,45000,460,529,145.0,0,original
23.11.2025 14:29:38,27.881439,50.218372,45000,464,534,147.0,0,original
23.11.2025 14:29:40,27.876928,50.221653,45000,462,532,147.0,0,original
23.11.2025 14:29:42,27.874413,50.223469,45000,462,532,147.0,0,original
23.11.2025 14:29:45,27.870428,50.226452,45000,460,529,146.0,0,original
23.11.2025 14:29:47,27.865913,50.229843,45000,458,527,146.0,0,original
23.11.2025 14:30:01,27.840464,50.249023,45000,300,345,153.0,0,original
23.11.2025 14:30:03,27.837181,50.251987,45000,310,357,151.0,0,original
23.11.2025 14:30:06,27.833113,50.255875,45000,460,529,140.0,0,original
23.11.2025 14:30:08,27.830536,50.257648,45000,459,528,142.0,0,original
23.11.2025 14:30:10,27.826263,50.260937,45000,459,528,144.0,0,original
23.11.2025 14:30:12,27.821791,50.264229,45000,460,529,145.0,0,original
23.11.2025 14:30:15,27.817936,50.267014,45000,458,527,145.0,0,original
23.11.2025 14:30:17,27.813618,50.270153,45000,460,529,146.0,0,original
23.11.2025 14:30:19,27.810072,50.273502,45000,350,403,136.0,0,original
23.11.2025 14:30:22,27.805124,50.276367,45000,465,535,152.0,0,original
23.11.2025 14:30:25,27.797043,50.28252,45000,490,564,144.0,0,original
23.11.2025 14:30:29,27.793148,50.285404,45000,160,184,137.0,0,original
23.11.2025 14:30:32,27.786545,50.290157,45000,330,380,148.0,0,original
23.11.2025 14:30:34,27.783289,50.292572,45000,260,299,142.0,0,original
23.11.2025 14:30:37,27.778791,50.295673,45000,457,526,149.0,0,original
23.11.2025 14:30:39,27.773993,50.29937,45000,459,528,147.0,0,original
23.11.2025 14:30:41,27.771467,50.301552,45000,459,528,145.0,0,original
23.11.2025 14:30:43,27.76775,50.304119,45000,460,529,146.0,0,original
23.11.2025 14:30:46,27.762918,50.307644,45000,459,528,146.0,0,original
23.11.2025 14:30:48,27.758806,50.310616,45000,459,528,146.0,0,original
23.11.2025 14:30:50,27.754013,50.314213,45000,459,528,146.0,0,original
23.11.2025 14:30:52,27.74971,50.317329,45000,459,528,146.0,0,original
23.11.2025 14:30:55,27.7463,50.319847,45000,461,531,146.0,0,original
23.11.2025 14:30:57,27.742599,50.322662,45000,459,528,146.0,0,original
23.11.2025 14:30:59,27.738224,50.326,45000,461,531,146.0,0,original
23.11.2025 14:31:02,27.733042,50.330009,45000,460,529,145.0,0,original
23.11.2025 14:31:04,27.730047,50.332306,45000,459,528,145.0,0,original
23.11.2025 14:31:31,27.681429,50.369286,45000,461,531,145.0,0,original
23.11.2025 14:31:33,27.678093,50.371838,45000,190,219,143.0,0,original
23.11.2025 14:31:36,27.674425,50.374466,45000,270,311,146.0,0,original
23.11.2025 14:31:38,27.670582,50.377377,45000,456,525,146.0,0,original
23.11.2025 14:31:40,27.666786,50.380463,45000,120,138,123.0,0,original
23.11.2025 14:31:42,27.66259,50.382992,45000,290,334,148.0,0,original
23.11.2025 14:31:44,27.658651,50.386211,45000,460,529,147.0,0,original
23.11.2025 14:31:47,27.654715,50.389095,45000,461,531,146.0,0,original
23.11.2025 14:31:49,27.649675,50.392864,45000,461,531,146.0,0,original
23.11.2025 14:31:51,27.646215,50.395405,45000,460,529,146.0,0,original
23.11.2025 14:31:53,27.641338,50.398758,45000,420,483,149.0,0,original
23.11.2025 14:31:56,27.638565,50.400963,45000,459,528,146.0,0,original
23.11.2025 14:31:58,27.634939,50.403721,45000,461,531,146.0,0,original
23.11.2025 14:32:00,27.630373,50.407204,45000,458,527,146.0,0,original
23.11.2025 14:32:02,27.626619,50.410007,45000,457,526,146.0,0,original
23.11.2025 14:32:04,27.623009,50.41259,45000,459,528,146.0,0,original
23.11.2025 14:32:06,27.618959,50.41552,45000,459,528,146.0,0,original
23.11.2025 14:32:09,27.6157,50.417923,45000,458,527,146.0,0,original
23.11.2025 14:32:11,27.61187,50.42078,45000,460,529,146.0,0,original
23.11.2025 14:32:42,27.555758,50.465,45000,460,529,144.0,0,original
23.11.2025 14:33:14,27.501503,50.506489,45000,456,525,145.0,0,original
23.11.2025 14:33:45,27.445799,50.549232,45000,461,531,144.0,0,original
23.11.2025 14:34:16,27.391073,50.590473,45000,460,529,145.0,0,original
23.11.2025 14:34:47,27.337099,50.631508,45000,458,527,146.0,0,original
23.11.2025 14:35:19,27.280222,50.675602,45000,462,532,145.0,0,original
23.11.2025 14:35:50,27.226477,50.71595,45000,460,529,146.0,0,original
23.11.2025 14:36:22,27.169857,50.75972,45000,463,533,145.0,0,original
23.11.2025 14:36:55,27.116688,50.811115,45000,466,536,136.0,0,original
23.11.2025 14:37:27,27.067968,50.866943,45000,466,536,134.0,0,original
23.11.2025 14:37:57,27.022432,50.918926,45000,467,537,134.0,0,original
23.11.2025 14:38:13,27.000534,50.948288,45000,467,537,127.0,0,original
23.11.2025 14:38:17,26.99501,50.956562,45000,461,531,126.0,0,original
23.11.2025 14:38:22,26.989082,50.965958,45000,468,539,125.0,0,original
23.11.2025 14:38:27,26.981472,50.978497,45000,471,542,124.0,0,original
23.11.2025 14:38:29,26.979866,50.981331,45000,474,545,123.0,0,original
23.11.2025 14:38:32,26.977592,50.985126,45000,465,535,123.0,0,original
23.11.2025 14:39:05,26.938793,51.055347,45000,472,543,120.0,0,original
23.11.2025 14:39:37,26.903069,51.121006,45000,465,535,121.0,0,original
23.11.2025 14:40:08,26.871056,51.186901,45000,467,537,113.0,0,original
23.11.2025 14:40:10,26.869362,51.191498,45000,471,542,113.0,0,original
23.11.2025 14:40:12,26.867807,51.195831,45000,461,531,112.0,0,original
23.11.2025 14:40:14,26.865948,51.200848,45000,466,536,112.0,0,original
23.11.2025 14:40:16,26.864286,51.20554,45000,466,536,112.0,0,original
23.11.2025 14:40:19,26.86274,51.210163,45000,467,537,111.0,0,original
23.11.2025 14:40:21,26.861143,51.214909,45000,470,541,110.0,0,original
23.11.2025 14:40:23,26.859667,51.219585,45000,471,542,110.0,0,original
23.11.2025 14:40:54,26.838329,51.290585,45000,466,536,107.0,0,original
23.11.2025 14:41:24,26.818672,51.361073,45000,465,535,107.0,0,original
23.11.2025 14:41:30,26.814022,51.374737,45000,462,532,110.0,0,original
23.11.2025 14:41:32,26.812376,51.37944,45000,461,531,110.0,0,original
23.11.2025 14:41:34,26.810965,51.384022,45000,462,532,109.0,0,original
23.11.2025 14:41:37,26.809532,51.388622,45000,461,531,109.0,0,original
23.11.2025 14:41:39,26.808151,51.393204,45000,466,536,109.0,0,original
23.11.2025 14:41:41,26.806814,51.39777,45000,464,534,108.0,0,original
23.11.2025 14:41:43,26.805368,51.40237,45000,467,537,108.0,0,original
23.11.2025 14:41:45,26.803873,51.406704,45000,460,529,109.0,0,original
23.11.2025 14:41:47,26.802391,51.411301,45000,464,534,109.0,0,original
23.11.2025 14:41:49,26.801041,51.415981,45000,469,540,108.0,0,original
23.11.2025 14:41:51,26.799553,51.420822,45000,465,535,108.0,0,original
23.11.2025 14:42:21,26.778799,51.490498,45000,463,533,108.0,0,original
23.11.2025 14:42:40,26.766682,51.53278,45000,466,536,108.0,0,original
23.11.2025 14:42:42,26.765285,51.536926,45000,465,535,109.0,0,original
23.11.2025 14:42:44,26.764126,51.541851,45000,465,535,107.0,0,original
23.11.2025 14:42:46,26.762835,51.546967,45000,464,534,106.0,0,original
23.11.2025 14:42:48,26.761808,51.551422,45000,466,536,106.0,0,original
23.11.2025 14:42:50,26.760773,51.555958,45000,469,540,105.0,0,original
23.11.2025 14:42:52,26.759506,51.560963,45000,467,537,105.0,0,original
23.11.2025 14:42:54,26.757727,51.565907,45000,466,536,107.0,0,original
23.11.2025 14:42:56,26.756174,51.570786,45000,467,537,108.0,0,original
23.11.2025 14:42:58,26.754795,51.57518,45000,466,536,108.0,0,original
23.11.2025 14:43:00,26.753351,51.579849,45000,464,534,108.0,0,original
23.11.2025 14:43:02,26.752048,51.584259,45000,458,527,108.0,0,original
23.11.2025 14:43:04,26.750063,51.588478,45000,270,311,127.0,0,original
23.11.2025 14:43:06,26.749043,51.593307,45000,472,543,106.0,0,original
23.11.2025 14:43:08,26.74711,51.59745,45000,459,528,111.0,0,original
23.11.2025 14:43:10,26.745169,51.601501,45000,449,517,113.0,0,original
23.11.2025 14:43:12,26.743856,51.606159,45000,456,525,111.0,0,original
23.11.2025 14:43:14,26.742464,51.611122,45000,457,526,109.0,0,original
23.11.2025 14:43:16,26.741201,51.615273,45000,458,527,109.0,0,original
23.11.2025 14:43:18,26.739845,51.620201,45000,300,345,107.0,0,original
23.11.2025 14:43:21,26.738207,51.624229,45000,470,541,107.0,0,original
23.11.2025 14:43:23,26.736732,51.629105,45000,469,540,108.0,0,original
23.11.2025 14:43:25,26.735317,51.633686,45000,459,528,108.0,0,original
23.11.2025 14:43:27,26.733919,51.638317,45000,465,535,108.0,0,original
23.11.2025 14:43:29,26.732634,51.643097,45000,469,540,107.0,0,original
23.11.2025 14:43:31,26.731152,51.647621,45000,466,536,108.0,0,original
23.11.2025 14:43:33,26.729633,51.652031,45000,459,528,109.0,0,original
23.11.2025 14:43:35,26.728388,51.656689,45000,464,534,108.0,0,original
23.11.2025 14:43:37,26.726826,51.661144,45000,463,533,109.0,0,original
23.11.2025 14:43:39,26.725353,51.666111,45000,465,535,109.0,0,original
23.11.2025 14:43:41,26.7241,51.670345,45000,462,532,108.0,0,original
23.11.2025 14:43:44,26.721811,51.678108,45000,200,230,133.0,0,original
23.11.2025 14:43:46,26.719995,51.680931,45000,350,403,79.0,0,original
23.11.2025 14:43:48,26.719595,51.686466,45000,491,565,99.0,0,original
23.11.2025 14:43:50,26.718245,51.691914,45000,270,311,113.0,0,original
23.11.2025 14:43:52,26.716223,51.695927,45000,433,498,116.0,0,original
23.11.2025 14:43:54,26.715193,51.700878,45000,459,528,108.0,0,original
23.11.2025 14:43:56,26.714315,51.705952,45000,472,543,105.0,0,original
23.11.2025 14:43:58,26.71286,51.710346,45000,470,541,106.0,0,original
23.11.2025 14:44:00,26.710987,51.714333,45000,453,521,109.0,0,original
23.11.2025 14:44:02,26.709736,51.718838,45000,454,522,108.0,0,original
23.11.2025 14:44:04,26.708242,51.723309,45000,457,526,109.0,0,original
23.11.2025 14:44:06,26.706875,51.727898,45000,458,527,109.0,0,original
23.11.2025 14:44:08,26.705801,51.732544,45000,462,532,107.0,0,original
23.11.2025 14:44:10,26.704538,51.738125,45000,470,541,106.0,0,original
23.11.2025 14:44:12,26.702911,51.74239,45000,465,535,108.0,0,original
23.11.2025 14:44:14,26.701584,51.746307,45000,460,529,108.0,0,original
23.11.2025 14:44:17,26.700106,51.751221,45000,456,525,108.0,0,original
23.11.2025 14:44:19,26.698736,51.755753,45000,459,528,108.0,0,original
23.11.2025 14:44:21,26.697666,51.760483,45000,464,534,107.0,0,original
23.11.2025 14:44:23,26.696203,51.764954,45000,463,533,107.0,0,original
23.11.2025 14:44:25,26.694601,51.769493,45000,458,527,109.0,0,original
23.11.2025 14:44:27,26.693213,51.774044,45000,463,533,108.0,0,original
23.11.2025 14:44:29,26.691877,51.778545,45000,462,532,108.0,0,original
23.11.2025 14:44:31,26.690575,51.783016,45000,456,525,108.0,0,original
23.11.2025 14:45:02,26.669779,51.852322,45000,458,527,108.0,0,original
23.11.2025 14:45:32,26.648573,51.920681,45000,458,527,109.0,0,original
23.11.2025 14:45:47,26.639742,51.955433,45000,520,598,63.0,0,original
23.11.2025 14:45:49,26.636383,51.958225,45000,454,522,109.0,0,original
23.11.2025 14:45:51,26.63513,51.962246,45000,455,524,109.0,0,original
23.11.2025 14:45:53,26.634804,51.966808,45000,320,368,94.0,0,original
23.11.2025 14:45:55,26.632391,51.971081,45000,450,518,104.0,0,original
23.11.2025 14:45:57,26.630495,51.975712,45000,452,520,110.0,0,original
23.11.2025 14:45:59,26.629181,51.979958,45000,444,511,107.0,0,original
23.11.2025 14:46:01,26.627846,51.984238,45000,455,524,108.0,0,original
23.11.2025 14:46:03,26.62624,51.988686,45000,458,527,110.0,0,original
23.11.2025 14:46:05,26.624842,51.993053,45000,452,520,110.0,0,original
23.11.2025 14:46:07,26.623175,51.997826,45000,456,525,110.0,0,original
23.11.2025 14:46:09,26.621864,52.002087,45000,456,525,109.0,0,original
23.11.2025 14:46:11,26.620295,52.006859,45000,456,525,110.0,0,original
23.11.2025 14:46:13,26.618942,52.011299,45000,458,527,109.0,0,original
23.11.2025 14:46:15,26.617537,52.015636,45000,250,288,110.0,0,original
23.11.2025 14:46:17,26.615833,52.020206,45000,462,532,113.0,0,original
23.11.2025 14:46:19,26.614433,52.024597,45000,453,521,110.0,0,original
23.11.2025 14:46:21,26.612745,52.029446,45000,451,519,110.0,0,original
23.11.2025 14:46:23,26.611422,52.033909,45000,451,519,109.0,0,original
23.11.2025 14:46:25,26.60976,52.038651,45000,280,322,111.0,0,original
23.11.2025 14:46:27,26.608416,52.04274,45000,445,512,112.0,0,original
23.11.2025 14:46:30,26.606955,52.047443,45000,455,524,110.0,0,original
23.11.2025 14:46:32,26.605463,52.051876,45000,458,527,110.0,0,original
23.11.2025 14:46:34,26.603968,52.05621,45000,453,521,110.0,0,original
23.11.2025 14:46:36,26.602514,52.060642,45000,454,522,110.0,0,original
23.11.2025 14:46:38,26.60095,52.065598,45000,452,520,109.0,0,original
23.11.2025 14:46:40,26.599411,52.06995,45000,450,518,110.0,0,original
23.11.2025 14:46:42,26.597969,52.074371,45000,454,522,110.0,0,original
23.11.2025 14:46:44,26.596464,52.078819,45000,458,527,110.0,0,original
23.11.2025 14:46:46,26.595051,52.083191,45000,452,520,110.0,0,original
23.11.2025 14:47:15,26.573996,52.148037,45000,340,391,85.0,0,original
23.11.2025 14:47:17,26.572565,52.152428,45000,447,514,108.0,0,original
23.11.2025 14:47:19,26.571005,52.156918,45000,460,529,111.0,0,original
23.11.2025 14:47:21,26.569771,52.16135,45000,450,518,108.0,0,original
23.11.2025 14:47:23,26.568382,52.165718,45000,450,518,109.0,0,original
23.11.2025 14:47:26,26.566923,52.170174,45000,449,517,109.0,0,original
23.11.2025 14:47:28,26.565491,52.17461,45000,450,518,109.0,0,original
23.11.2025 14:47:30,26.564043,52.179096,45000,449,517,109.0,0,original
23.11.2025 14:47:32,26.562624,52.183453,45000,450,518,109.0,0,original
23.11.2025 14:47:34,26.561247,52.18779,45000,448,516,109.0,0,original
23.11.2025 14:47:36,26.559547,52.193008,45000,449,517,109.0,0,original
23.11.2025 14:47:38,26.557844,52.197495,45000,340,391,112.0,0,original
23.11.2025 14:47:40,26.556765,52.201504,45000,290,334,106.0,0,original
23.11.2025 14:47:42,26.555138,52.206066,45000,300,345,110.0,0,original
23.11.2025 14:47:44,26.553732,52.210148,45000,450,518,110.0,0,original
23.11.2025 14:47:46,26.552385,52.214577,45000,453,521,109.0,0,original
23.11.2025 14:47:48,26.550947,52.218868,45000,447,514,109.0,0,original
23.11.2025 14:47:50,26.550299,52.222424,45000,130,150,81.0,0,original
23.11.2025 14:47:52,26.548023,52.227577,45000,450,518,110.0,0,original
23.11.2025 14:47:54,26.54661,52.231907,45000,447,514,110.0,0,original
23.11.2025 14:47:56,26.54513,52.236176,45000,446,513,110.0,0,original
23.11.2025 14:47:58,26.543688,52.240635,45000,451,519,110.0,0,original
23.11.2025 14:48:00,26.542238,52.245125,45000,449,517,110.0,0,original
23.11.2025 14:48:02,26.540827,52.24947,45000,449,517,109.0,0,original
23.11.2025 14:48:04,26.539421,52.253857,45000,449,517,109.0,0,original
23.11.2025 14:48:06,26.538136,52.258205,45000,453,521,67.0,0,original
23.11.2025 14:48:08,26.536568,52.262695,45000,453,521,110.0,0,original
23.11.2025 14:48:10,26.535175,52.266933,45000,448,516,110.0,0,original
23.11.2025 14:48:12,26.533737,52.271271,45000,449,517,110.0,0,original
23.11.2025 14:48:14,26.531612,52.277775,45000,370,426,109.0,0,original
23.11.2025 14:48:17,26.530409,52.283131,45000,310,357,79.0,0,original
23.11.2025 14:48:19,26.52832,52.28767,45000,449,517,110.0,0,original
23.11.2025 14:48:22,26.526733,52.292259,45000,447,514,110.0,0,original
23.11.2025 14:48:24,26.525528,52.296474,45000,270,311,102.0,0,original
23.11.2025 14:48:26,26.523769,52.300858,45000,438,504,114.0,0,original
23.11.2025 14:48:28,26.522594,52.304981,45000,260,299,106.0,0,original
23.11.2025 14:48:30,26.521099,52.309666,45000,450,518,109.0,0,original
23.11.2025 14:48:32,26.519777,52.313873,45000,449,517,109.0,0,original
23.11.2025 14:48:34,26.518251,52.318367,45000,446,513,110.0,0,original
23.11.2025 14:48:36,26.516764,52.322777,45000,448,516,110.0,0,original
23.11.2025 14:48:38,26.51528,52.327354,45000,448,516,110.0,0,original
23.11.2025 14:48:40,26.513819,52.331818,45000,447,514,110.0,0,original
23.11.2025 14:48:42,26.512421,52.336143,45000,444,511,110.0,0,original
23.11.2025 14:48:44,26.51096,52.340572,45000,446,513,110.0,0,original
23.11.2025 14:48:46,26.509527,52.344902,45000,446,513,110.0,0,original
23.11.2025 14:48:48,26.508194,52.34927,45000,447,514,109.0,0,original
23.11.2025 14:48:50,26.506748,52.353577,45000,446,513,110.0,0,original
23.11.2025 14:48:52,26.50528,52.357925,45000,447,514,110.0,0,original
23.11.2025 14:48:54,26.50383,52.362259,45000,449,517,110.0,0,original
23.11.2025 14:48:56,26.50263,52.366676,45000,441,507,103.0,0,original
23.11.2025 14:48:58,26.500576,52.371067,45000,260,299,119.0,0,original
23.11.2025 14:49:00,26.499397,52.375393,45000,446,513,111.0,0,original
23.11.2025 14:49:02,26.498098,52.379852,45000,447,514,109.0,0,original
23.11.2025 14:49:04,26.496552,52.384136,45000,448,516,110.0,0,original
23.11.2025 14:49:06,26.494783,52.389004,45000,448,516,111.0,0,original
23.11.2025 14:49:08,26.493423,52.393501,45000,220,253,105.0,0,original
23.11.2025 14:49:11,26.491964,52.398064,45000,447,514,108.0,0,original
23.11.2025 14:49:13,26.490572,52.402451,45000,447,514,109.0,0,original
23.11.2025 14:49:15,26.48905,52.406883,45000,448,516,109.0,0,original
23.11.2025 14:49:17,26.48772,52.41119,45000,443,510,109.0,0,original
23.11.2025 14:49:19,26.486248,52.415722,45000,450,518,109.0,0,original
23.11.2025 14:49:21,26.484848,52.419888,45000,445,512,110.0,0,original
23.11.2025 14:49:23,26.483326,52.42445,45000,443,510,110.0,0,original
23.11.2025 14:49:25,26.481974,52.428761,45000,447,514,109.0,0,original
23.11.2025 14:49:27,26.480532,52.43314,45000,446,513,109.0,0,original
23.11.2025 14:49:29,26.479017,52.437614,45000,446,513,110.0,0,original
23.11.2025 14:49:31,26.477579,52.44199,45000,445,512,110.0,0,original
23.11.2025 14:49:33,26.476101,52.446388,45000,443,510,110.0,0,original
23.11.2025 14:49:35,26.474705,52.450676,45000,260,299,108.0,0,original
23.11.2025 14:49:45,26.467529,52.472977,45000,430,495,120.0,0,original
23.11.2025 14:49:47,26.46637,52.476818,45000,260,299,106.0,0,original
23.11.2025 14:49:49,26.464857,52.481464,45000,444,511,109.0,0,original
23.11.2025 14:49:51,26.463331,52.485817,45000,449,517,110.0,0,original
23.11.2025 14:49:53,26.461914,52.490128,45000,446,513,110.0,0,original
23.11.2025 14:49:55,26.460526,52.494205,45000,441,507,110.0,0,original
23.11.2025 14:49:57,26.458778,52.499176,45000,438,504,110.0,0,original
23.11.2025 14:49:59,26.45718,52.503494,45000,290,334,107.0,0,original
23.11.2025 14:50:02,26.456202,52.508018,45000,432,497,106.0,0,original
23.11.2025 14:50:04,26.45471,52.512867,45000,320,368,104.0,0,original
23.11.2025 14:50:09,26.450981,52.523258,45000,443,510,108.0,0,original
23.11.2025 14:50:11,26.44949,52.528027,45000,448,516,109.0,0,original
23.11.2025 14:50:13,26.448002,52.532284,45000,447,514,109.0,0,original
23.11.2025 14:50:15,26.446453,52.537052,45000,446,513,109.0,0,original
23.11.2025 14:50:17,26.444668,52.541035,45000,300,345,120.0,0,original
23.11.2025 14:50:19,26.443739,52.545128,45000,427,491,107.0,0,original
23.11.2025 14:50:21,26.442215,52.549992,45000,443,510,108.0,0,original
23.11.2025 14:50:23,26.440794,52.554104,45000,446,513,109.0,0,original
23.11.2025 14:50:25,26.439306,52.558472,45000,449,517,110.0,0,original
23.11.2025 14:50:27,26.437868,52.562859,45000,447,514,110.0,0,original
23.11.2025 14:50:29,26.436344,52.567375,44975,448,516,110.0,0,original
23.11.2025 14:50:31,26.434883,52.571724,44950,448,516,110.0,0,original
23.11.2025 14:50:33,26.433273,52.575939,44925,452,520,114.0,0,original
23.11.2025 14:50:35,26.43202,52.580399,44900,450,518,108.0,0,original
23.11.2025 14:50:37,26.430449,52.584949,44850,455,524,109.0,0,original
23.11.2025 14:50:39,26.429035,52.589317,44800,250,288,109.0,0,original
23.11.2025 14:50:41,26.427603,52.593822,44775,447,514,108.0,0,original
23.11.2025 14:50:43,26.425804,52.598991,44725,452,520,110.0,0,original
23.11.2025 14:50:46,26.4244,52.60347,44675,454,522,109.0,0,original
23.11.2025 14:50:48,26.422922,52.607937,44650,453,521,109.0,0,original
23.11.2025 14:50:50,26.421478,52.612282,44600,453,521,110.0,0,original
23.11.2025 14:50:52,26.42013,52.616711,44550,454,522,109.0,0,original
23.11.2025 14:50:54,26.418653,52.621174,44500,456,525,109.0,0,original
23.11.2025 14:50:56,26.41707,52.625721,44450,456,525,110.0,0,original
23.11.2025 14:50:58,26.415495,52.630142,44400,454,522,110.0,0,original
23.11.2025 14:51:00,26.414167,52.634541,44350,451,519,109.0,0,original
23.11.2025 14:51:02,26.41267,52.639164,44300,454,522,109.0,0,original
23.11.2025 14:51:33,26.389849,52.707489,43450,457,526,110.0,0,original
23.11.2025 14:51:47,26.379446,52.739059,42825,457,526,110.0,0,original
23.11.2025 14:51:59,26.37009,52.76577,42350,465,535,113.0,0,original
23.11.2025 14:52:01,26.368885,52.770157,42275,459,528,110.0,0,original
23.11.2025 14:52:03,26.367195,52.775108,42175,458,527,110.0,0,original
23.11.2025 14:52:05,26.365488,52.779987,42100,456,525,110.0,0,original
23.11.2025 14:52:07,26.364294,52.783779,42025,458,527,110.0,0,original
23.11.2025 14:52:09,26.362762,52.78886,41925,270,311,89.0,0,original
23.11.2025 14:52:12,26.360498,52.792675,41825,150,173,147.0,0,original
23.11.2025 14:52:14,26.359747,52.797928,41750,458,527,107.0,0,original
23.11.2025 14:52:16,26.358206,52.802288,41675,457,526,109.0,0,original
23.11.2025 14:52:18,26.35677,52.806755,41575,459,528,109.0,0,original
23.11.2025 14:52:20,26.355177,52.811134,41500,459,528,110.0,0,original
23.11.2025 14:52:22,26.354189,52.815876,41425,290,334,96.0,0,original
23.11.2025 14:52:25,26.352478,52.823257,41275,200,230,109.0,0,original
23.11.2025 14:52:28,26.349146,52.829258,41150,480,552,74.0,0,original
23.11.2025 14:52:30,26.348488,52.833805,41075,330,380,99.0,0,original
23.11.2025 14:52:32,26.347675,52.838093,40975,180,207,89.0,0,original
23.11.2025 14:52:34,26.345018,52.843227,40900,453,521,97.0,0,original
23.11.2025 14:52:36,26.343306,52.847649,40800,453,521,110.0,0,original
23.11.2025 14:52:38,26.341822,52.852028,40700,458,527,110.0,0,original
23.11.2025 14:52:40,26.340384,52.856407,40600,458,527,110.0,0,original
23.11.2025 14:52:42,26.338919,52.860851,40525,459,528,110.0,0,original
23.11.2025 14:52:44,26.337465,52.865269,40425,455,524,110.0,0,original
23.11.2025 14:52:46,26.336031,52.869804,40350,457,526,109.0,0,original
23.11.2025 14:52:48,26.334641,52.874153,40250,456,525,109.0,0,original
23.11.2025 14:52:50,26.333099,52.87862,40150,480,552,114.0,0,original
23.11.2025 14:52:52,26.331972,52.883087,40075,456,525,105.0,0,original
23.11.2025 14:52:54,26.33033,52.887589,39975,457,526,110.0,0,original
23.11.2025 14:52:56,26.328779,52.891968,39900,160,184,101.0,0,original
23.11.2025 14:52:58,26.327377,52.896435,39800,453,521,108.0,0,original
23.11.2025 14:53:00,26.3256,52.901657,39700,455,524,109.0,0,original
23.11.2025 14:53:03,26.32402,52.906055,39625,461,531,110.0,0,original
23.11.2025 14:53:05,26.322557,52.91058,39525,460,529,110.0,0,original
23.11.2025 14:53:07,26.320942,52.915195,39425,458,527,110.0,0,original
23.11.2025 14:53:09,26.31946,52.919628,39350,456,525,110.0,0,original
23.11.2025 14:53:11,26.317854,52.924183,39250,460,529,110.0,0,original
23.11.2025 14:53:13,26.316277,52.928585,39150,459,528,111.0,0,original
23.11.2025 14:53:15,26.314268,52.932735,39075,459,528,87.0,0,original
23.11.2025 14:53:17,26.313509,52.938076,38950,456,525,104.0,0,original
23.11.2025 14:53:19,26.311577,52.942726,38875,270,311,110.0,0,original
23.11.2025 14:53:21,26.310101,52.946762,38800,456,525,112.0,0,original
23.11.2025 14:53:23,26.30854,52.952389,38675,390,449,105.0,0,original
23.11.2025 14:53:25,26.304419,52.956089,38600,450,518,143.0,0,original
23.11.2025 14:53:27,26.305468,52.959892,38500,140,161,105.0,0,original
23.11.2025 14:53:29,26.304419,52.964504,38400,445,512,107.0,0,original
23.11.2025 14:53:31,26.302433,52.96962,38325,380,437,116.0,0,original
23.11.2025 14:53:33,26.301052,52.973438,38225,280,322,120.0,0,original
23.11.2025 14:53:35,26.299852,52.977772,38150,444,511,109.0,0,original
23.11.2025 14:53:37,26.297966,52.98325,38050,451,519,110.0,0,original
23.11.2025 14:53:39,26.296736,52.987659,37950,340,391,103.0,0,original
23.11.2025 14:53:41,26.295088,52.991947,37850,448,516,110.0,0,original
23.11.2025 14:53:43,26.293724,52.99601,37775,456,525,110.0,0,original
23.11.2025 14:53:48,26.290705,53.005154,37575,260,299,104.0,0,original
23.11.2025 14:53:50,26.289276,53.009411,37500,130,150,96.0,0,original
23.11.2025 14:53:53,26.28623,53.016834,37350,690,794,239.0,0,original
23.11.2025 14:53:55,26.284634,53.022221,37275,300,345,118.0,0,original
23.11.2025 14:53:57,26.282768,53.025063,37175,490,564,89.0,0,original
23.11.2025 14:53:59,26.282501,53.02956,37075,290,334,103.0,0,original
23.11.2025 14:54:02,26.278608,53.035404,36950,370,426,138.0,0,original
23.11.2025 14:54:04,26.278696,53.040401,36875,456,525,114.0,0,original
23.11.2025 14:54:06,26.277298,53.045139,36775,454,522,110.0,0,original
23.11.2025 14:54:08,26.275892,53.049442,36675,456,525,110.0,0,original
23.11.2025 14:54:10,26.27417,53.054363,36600,452,520,110.0,0,original
23.11.2025 14:54:12,26.272881,53.058365,36500,451,519,110.0,0,original
23.11.2025 14:54:14,26.27116,53.063293,36400,390,449,91.0,0,original
23.11.2025 14:54:16,26.269796,53.067547,36325,320,368,109.0,0,original
23.11.2025 14:54:18,26.265406,53.059494,36225,320,368,89.0,0,original
23.11.2025 14:54:23,26.264404,53.083206,36000,320,368,90.0,0,original
23.11.2025 14:54:27,26.263136,53.099857,35800,690,794,94.0,0,original
23.11.2025 14:54:36,26.257074,53.115345,35425,360,414,113.0,0,original
23.11.2025 14:54:38,26.266527,53.156094,35325,360,414,76.0,0,original
23.11.2025 14:54:49,26.245378,53.140457,34825,250,288,92.0,0,original
23.11.2025 14:54:55,26.24061,53.153427,34575,710,817,84.0,0,original
23.11.2025 14:54:59,26.238623,53.161507,34375,710,817,89.0,0,original
23.11.2025 14:55:01,26.237251,53.16782,34275,470,541,103.0,0,original
23.11.2025 14:55:03,26.23514,53.171398,34175,420,483,118.0,0,original
23.11.2025 14:55:06,26.233265,53.176807,34050,240,276,104.0,0,original
23.11.2025 14:55:09,26.231712,53.183456,33900,400,460,91.0,0,original
23.11.2025 14:55:12,26.229263,53.188957,33825,180,207,125.0,0,original
23.11.2025 14:55:15,26.227747,53.195461,33675,260,299,94.0,0,original
23.11.2025 14:55:17,26.227192,53.205471,33600,840,967,85.0,0,original
23.11.2025 14:55:20,26.22323,53.206806,33450,110,127,95.0,0,original
23.11.2025 14:55:22,26.221453,53.212368,33350,550,633,102.0,0,original
23.11.2025 14:55:25,26.21965,53.216888,33225,30,35,93.0,0,original
23.11.2025 14:55:29,26.21697,53.225773,33050,30,35,90.0,0,original
23.11.2025 14:55:32,26.21468,53.232746,32900,350,403,110.0,0,original
23.11.2025 14:55:34,26.212769,53.237431,32825,300,345,127.0,0,original
23.11.2025 14:55:42,26.206459,53.255688,32450,430,495,113.0,0,original
23.11.2025 14:55:46,26.203575,53.265076,32250,360,414,107.0,0,original
23.11.2025 14:55:50,26.200495,53.273369,32075,470,541,112.0,0,original
23.11.2025 14:55:55,26.196833,53.284283,31850,390,449,110.0,0,original
23.11.2025 14:55:58,26.196482,53.287983,31750,250,288,96.0,0,original
23.11.2025 14:56:00,26.193756,53.292072,31650,370,426,147.0,0,original
23.11.2025 14:56:02,26.193521,53.296757,31600,100,115,128.0,0,original
23.11.2025 14:56:04,26.191656,53.300613,31525,230,265,131.0,0,original
23.11.2025 14:56:06,26.190493,53.304962,31475,150,173,105.0,0,original
23.11.2025 14:56:08,26.18833,53.310158,31425,260,299,102.0,0,original
23.11.2025 14:56:10,26.187504,53.313644,31400,160,184,100.0,0,original
23.11.2025 14:56:12,26.185711,53.318325,31350,240,276,109.0,0,original
23.11.2025 14:56:14,26.183466,53.322826,31300,350,403,122.0,0,original
23.11.2025 14:56:16,26.183069,53.327518,31250,360,414,98.0,0,original
23.11.2025 14:56:18,26.181271,53.331547,31200,250,288,118.0,0,original
23.11.2025 14:56:20,26.179466,53.335739,31125,210,242,123.0,0,original
23.11.2025 14:56:22,26.178661,53.340221,31100,300,345,101.0,0,original
23.11.2025 14:56:25,26.175306,53.346516,31000,220,253,120.0,0,original
23.11.2025 14:56:27,26.174246,53.351017,30925,270,311,101.0,0,original
23.11.2025 14:56:29,26.172384,53.356071,30875,360,414,103.0,0,original
23.11.2025 14:56:31,26.170248,53.359474,30825,270,311,133.0,0,original
23.11.2025 14:56:34,26.167063,53.368282,30750,500,575,111.0,0,original
23.11.2025 14:56:36,26.165689,53.37291,30700,270,311,98.0,0,original
23.11.2025 14:56:38,26.163555,53.377068,30650,420,483,125.0,0,original
23.11.2025 14:56:41,26.161312,53.383831,30550,320,368,105.0,0,original
23.11.2025 14:56:43,26.160484,53.386784,30500,40,46,102.0,0,original
23.11.2025 14:56:47,26.156658,53.394989,30400,320,368,112.0,0,original
23.11.2025 14:56:50,26.153477,53.40118,30325,340,391,120.0,0,original
23.11.2025 14:56:52,26.153112,53.412403,30275,920,1059,85.0,0,original
23.11.2025 14:56:54,26.149765,53.410397,30200,140,161,110.0,0,original
23.11.2025 14:56:56,26.147898,53.415184,30150,320,368,111.0,0,original
23.11.2025 14:56:58,26.146233,53.419842,30100,360,414,111.0,0,original
23.11.2025 14:57:00,26.144169,53.424404,30050,20,23,117.0,0,original
23.11.2025 14:57:04,26.140648,53.433083,29925,390,449,114.0,0,original
23.11.2025 14:57:06,26.138477,53.43977,29875,450,518,103.0,0,original
23.11.2025 14:57:09,26.136021,53.44445,29800,320,368,119.0,0,original
23.11.2025 14:57:11,26.133625,53.448792,29750,360,414,121.0,0,original
23.11.2025 14:57:13,26.131315,53.454479,29700,300,345,116.0,0,original
23.11.2025 14:57:18,26.127512,53.463428,29575,390,449,125.0,0,original
23.11.2025 14:57:20,26.126451,53.468147,29525,280,322,95.0,0,original
23.11.2025 14:57:22,26.123814,53.473309,29475,430,495,119.0,0,original
23.11.2025 14:57:25,26.120365,53.480164,29400,230,265,142.0,0,original
23.11.2025 14:57:28,26.118158,53.486645,29325,350,403,106.0,0,original
23.11.2025 14:57:30,26.116316,53.491425,29275,370,426,113.0,0,original
23.11.2025 14:57:32,26.114422,53.495739,29225,290,334,102.0,0,original
23.11.2025 14:57:37,26.109543,53.506516,29100,290,334,78.0,0,original
23.11.2025 14:57:40,26.106573,53.515408,29025,340,391,110.0,0,original
23.11.2025 14:57:48,26.099842,53.531132,28825,310,357,118.0,0,original
23.11.2025 14:57:54,26.093313,53.546158,28650,480,552,115.0,0,original
23.11.2025 14:58:02,26.086691,53.562046,28525,430,495,114.0,0,original
23.11.2025 14:58:07,26.082666,53.572411,28450,350,403,113.0,0,original
23.11.2025 14:58:10,26.079693,53.57954,28400,370,426,111.0,0,original
23.11.2025 14:58:12,26.077852,53.583488,28375,290,334,117.0,0,original
23.11.2025 14:58:20,26.070324,53.602226,28225,410,472,112.0,0,original
23.11.2025 14:58:24,26.066574,53.61124,28150,400,460,114.0,0,original
23.11.2025 14:58:26,26.063663,53.617531,28100,510,587,117.0,0,original
23.11.2025 14:58:28,26.062159,53.621418,28075,300,345,115.0,0,original
23.11.2025 14:58:44,26.048115,53.657547,27825,300,345,94.0,0,original
23.11.2025 14:58:46,26.046728,53.660538,27775,220,253,117.0,0,original
23.11.2025 14:58:50,26.042923,53.669704,27725,370,426,116.0,0,original
23.11.2025 14:58:53,26.04034,53.676563,27675,360,414,114.0,0,original
23.11.2025 14:58:55,26.03756,53.682037,27625,450,518,119.0,0,original
23.11.2025 14:58:59,26.035067,53.690193,27550,360,414,108.0,0,original
23.11.2025 14:59:02,26.031647,53.69556,27525,450,518,125.0,0,original
23.11.2025 14:59:05,26.029163,53.703213,27475,430,495,109.0,0,original
23.11.2025 14:59:07,26.027527,53.707394,27425,370,426,111.0,0,original
23.11.2025 14:59:17,26.018312,53.72937,27275,483,556,114.0,0,original
23.11.2025 14:59:20,26.015099,53.736912,27225,481,554,114.0,0,original
23.11.2025 14:59:26,26.010517,53.748573,27125,482,555,114.0,0,original
23.11.2025 14:59:39,25.998657,53.779266,26900,400,460,118.0,0,original
23.11.2025 14:59:45,25.993923,53.792233,26800,400,460,112.0,0,original
23.11.2025 14:59:48,25.990437,53.801373,26750,485,558,112.0,0,original
23.11.2025 14:59:54,25.985153,53.814655,26625,390,449,113.0,0,original
23.11.2025 14:59:57,25.982271,53.822399,26525,400,460,106.0,0,original
23.11.2025 15:00:00,25.979631,53.827938,26400,320,368,117.0,0,original
23.11.2025 15:00:02,25.977974,53.833641,26325,420,483,107.0,0,original
23.11.2025 15:00:05,25.975803,53.837948,26250,330,380,119.0,0,original
23.11.2025 15:00:07,25.974766,53.842953,26175,370,426,102.0,0,original
23.11.2025 15:00:09,25.973,53.847652,26125,260,299,109.0,0,original
23.11.2025 15:00:11,25.971302,53.852207,26050,360,414,112.0,0,original
23.11.2025 15:00:16,25.96661,53.863735,25900,410,472,113.0,0,original
23.11.2025 15:00:18,25.964634,53.868423,25825,70,81,127.0,0,original
23.11.2025 15:00:20,25.962336,53.875179,25775,440,506,110.0,0,original
23.11.2025 15:00:22,25.961283,53.878174,25700,230,265,111.0,0,original
23.11.2025 15:00:25,25.958229,53.885757,25600,440,506,114.0,0,original
23.11.2025 15:00:31,25.952257,53.900425,25400,370,426,113.0,0,original
23.11.2025 15:01:01,25.92926,54.006767,24400,710,817,103.0,0,original
23.11.2025 15:01:11,25.916037,53.991028,24050,90,104,157.0,0,original
23.11.2025 15:01:14,25.909941,53.996918,23950,430,495,231.0,0,original
23.11.2025 15:01:18,25.908688,54.006794,23825,220,253,159.0,0,original
23.11.2025 15:01:43,25.885141,54.060795,23000,390,449,116.0,0,original
23.11.2025 15:01:45,25.883572,54.064846,22950,300,345,113.0,0,original
23.11.2025 15:02:05,25.863899,54.106335,22250,300,345,98.0,0,original
23.11.2025 15:02:08,25.862343,54.112007,22175,370,426,106.0,0,original
23.11.2025 15:02:10,25.86685,54.120956,22100,470,541,76.0,0,original
23.11.2025 15:02:12,25.860458,54.122959,22025,280,322,42.0,0,original
23.11.2025 15:02:20,25.851009,54.138382,21750,270,311,107.0,0,original
23.11.2025 15:02:23,25.848734,54.145847,21650,465,535,106.0,0,original
23.11.2025 15:02:25,25.846741,54.150303,21575,120,138,127.0,0,original
23.11.2025 15:02:27,25.84547,54.155777,21525,470,541,104.0,0,original
23.11.2025 15:02:29,25.845251,54.159935,21475,180,207,91.0,0,original
23.11.2025 15:02:33,25.842037,54.17046,21325,460,529,108.0,0,original
23.11.2025 15:02:39,25.839508,54.184505,21125,380,437,101.0,0,original
23.11.2025 15:02:42,25.839085,54.19183,21025,290,334,86.0,0,original
23.11.2025 15:02:44,25.836985,54.196808,20950,450,518,54.0,0,original
23.11.2025 15:02:46,25.835924,54.201233,20875,330,380,104.0,0,original
23.11.2025 15:02:59,25.810951,54.210243,20450,430,495,161.0,0,original
23.11.2025 15:03:05,25.809072,54.224171,20250,130,150,96.0,0,original
23.11.2025 15:03:09,25.807856,54.235065,20100,457,526,97.0,0,original
23.11.2025 15:03:12,25.807249,54.240818,20025,458,527,96.0,0,original
23.11.2025 15:03:18,25.805157,54.2542,19825,250,288,101.0,0,original
23.11.2025 15:03:29,25.821514,54.299145,19475,473,544,65.0,0,original
23.11.2025 15:03:36,25.818754,54.315617,19225,370,426,101.0,0,original
23.11.2025 15:03:38,25.818024,54.32093,19150,380,437,98.0,0,original
23.11.2025 15:03:42,25.816595,54.330128,19000,350,403,99.0,0,original
23.11.2025 15:04:12,25.80634812,54.38493512,18298,349,402,99.72,0,interpolated
23.11.2025 15:04:42,25.79610124,54.43974224,17596,347,399,100.44,0,interpolated
23.11.2025 15:05:12,25.78585436,54.49454936,16894,346,398,101.16,0,interpolated
23.11.2025 15:05:42,25.775607479999998,54.54935648,16192,345,397,101.88,0,interpolated
23.11.2025 15:06:12,25.7653606,54.6041636,15490,344,396,102.6,0,interpolated
23.11.2025 15:06:42,25.75511372,54.65897072,14788,342,394,103.32,0,interpolated
23.11.2025 15:07:12,25.74486684,54.71377784,14086,341,392,104.04,0,interpolated
23.11.2025 15:07:42,25.73461996,54.76858496,13384,340,391,104.76,0,interpolated
23.11.2025 15:08:12,25.72437308,54.82339208,12682,338,389,105.48,0,interpolated
23.11.2025 15:08:42,25.7141262,54.8781992,11980,337,388,106.2,0,interpolated
23.11.2025 15:09:12,25.70387932,54.93300632,11278,336,387,106.92,0,interpolated
23.11.2025 15:09:42,25.69363244,54.98781344,10576,335,386,107.64,0,interpolated
23.11.2025 15:09:57,25.688509,55.015217,10225,334,384,108.0,0,original
23.11.2025 15:10:18,25.676252,55.046272,10050,322,371,113.0,0,original
23.11.2025 15:10:25,25.670887,55.056156,9950,318,366,224.0,0,original
23.11.2025 15:10:35,25.663225,55.070847,9850,314,361,120.0,0,original
23.11.2025 15:10:47,25.654192,55.087395,9700,310,357,31.0,0,original
23.11.2025 15:11:21,25.629349,55.131454,9300,302,348,121.0,0,original
23.11.2025 15:11:33,25.620697,55.147778,9150,300,345,129.0,0,original
23.11.2025 15:11:36,25.618876,55.152733,9125,300,345,112.0,0,original
23.11.2025 15:12:08,25.595772,55.195702,8725,302,348,119.0,0,original
23.11.2025 15:12:25,25.58433,55.217957,8575,302,348,120.0,0,original
23.11.2025 15:12:31,25.579788,55.226498,8500,302,348,123.0,0,original
23.11.2025 15:12:34,25.578398,55.229256,8475,302,348,123.0,0,original
23.11.2025 15:12:36,25.576744,55.231956,8450,302,348,123.0,0,original
23.11.2025 15:12:38,25.573038,55.236393,8425,302,348,132.0,0,original
23.11.2025 15:12:40,25.572529,55.238602,8400,302,348,104.0,0,original
23.11.2025 15:12:42,25.57181,55.241516,8375,302,348,103.0,0,original
23.11.2025 15:12:48,25.568178,55.248993,8325,302,348,118.0,0,original
23.11.2025 15:12:50,25.566231,55.251415,8300,300,345,138.0,0,original
23.11.2025 15:12:52,25.562956,55.254578,8275,300,345,161.0,0,original
23.11.2025 15:12:54,25.564884,55.256996,8250,298,343,146.0,0,original
23.11.2025 15:12:56,25.561831,55.259777,8225,296,341,155.0,0,original
23.11.2025 15:12:58,25.560524,55.262672,8200,294,338,96.0,0,original
23.11.2025 15:13:02,25.562321,55.26614,8175,292,336,28.0,0,original
23.11.2025 15:13:04,25.557198,55.268425,8150,290,334,114.0,0,original
23.11.2025 15:13:06,25.555914,55.271515,8125,286,329,174.0,0,original
23.11.2025 15:13:09,25.554386,55.275551,8100,282,325,154.0,0,original
23.11.2025 15:13:12,25.552954,55.279133,8050,278,320,152.0,0,original
23.11.2025 15:13:14,25.549709,55.281803,8050,278,320,143.0,0,original
23.11.2025 15:13:17,25.549454,55.285679,8000,272,313,138.0,0,original
23.11.2025 15:13:20,25.545643,55.289738,7975,270,311,134.0,0,original
23.11.2025 15:13:22,25.544607,55.29187,7950,266,306,149.0,0,original
23.11.2025 15:13:24,25.547213,55.294205,7950,264,304,70.0,0,original
23.11.2025 15:13:26,25.545856,55.296673,7950,262,302,51.0,0,original
23.11.2025 15:13:29,25.543728,55.300228,7925,260,299,23.0,0,original
23.11.2025 15:13:31,25.541073,55.302166,7925,260,299,15.0,0,original
23.11.2025 15:13:33,25.53898,55.304985,7925,258,297,26.0,0,original
23.11.2025 15:13:35,25.537157,55.307232,7925,258,297,131.0,0,original
23.11.2025 15:13:37,25.537477,55.309998,7925,258,297,128.0,0,original
23.11.2025 15:13:39,25.536064,55.311874,7925,256,295,150.0,0,original
23.11.2025 15:13:42,25.534073,55.315037,7925,256,295,159.0,0,original
23.11.2025 15:13:44,25.533754,55.317642,7925,256,295,94.0,0,original
23.11.2025 15:13:46,25.530363,55.319744,7925,256,295,154.0,0,original
23.11.2025 15:13:49,25.530645,55.322453,7925,256,295,127.0,0,original
23.11.2025 15:13:52,25.527092,55.325951,7925,256,295,24.0,0,original
23.11.2025 15:13:54,25.524818,55.32819,7925,254,292,128.0,0,original
23.11.2025 15:13:56,25.524412,55.330708,7925,254,292,155.0,0,original
23.11.2025 15:13:58,25.523237,55.332954,7925,254,292,147.0,0,original
23.11.2025 15:14:00,25.522001,55.335056,7925,254,292,161.0,0,original
23.11.2025 15:14:02,25.522411,55.337769,7925,254,292,66.0,0,original
23.11.2025 15:14:04,25.519974,55.339855,7925,254,292,29.0,0,original
23.11.2025 15:14:06,25.522955,55.342579,7925,252,290,20.0,0,original
23.11.2025 15:14:09,25.51795,55.345238,7925,252,290,156.0,0,original
23.11.2025 15:14:11,25.515841,55.347687,7925,252,290,118.0,0,original
23.11.2025 15:14:14,25.51615,55.351303,7925,252,290,76.0,0,original
23.11.2025 15:14:16,25.512648,55.353569,7925,252,290,90.0,0,original
23.11.2025 15:14:18,25.511496,55.355354,7925,252,290,15.0,0,original
23.11.2025 15:14:23,25.507008,55.360569,7925,252,290,154.0,0,original
23.11.2025 15:14:25,25.504177,55.362835,7925,252,290,163.0,0,original
23.11.2025 15:14:27,25.505442,55.365555,7925,254,292,154.0,0,original
23.11.2025 15:14:30,25.505886,55.368568,7925,254,292,141.0,0,original
23.11.2025 15:14:34,25.500563,55.372887,7925,252,290,143.0,0,original
23.11.2025 15:14:37,25.495781,55.375435,7925,254,292,154.0,0,original
23.11.2025 15:14:40,25.489677,55.378273,7925,254,292,180.0,0,original
23.11.2025 15:14:43,25.492716,55.381222,7925,254,292,30.0,0,original
23.11.2025 15:14:45,25.488907,55.382725,7925,254,292,163.0,0,original
23.11.2025 15:14:48,25.491795,55.386753,7925,254,292,124.0,0,original
23.11.2025 15:14:51,25.486593,55.389744,7925,254,292,152.0,0,original
23.11.2025 15:14:53,25.487917,55.393188,7925,254,292,119.0,0,original
23.11.2025 15:15:21,25.460493,55.418461,7925,256,295,130.0,0,original
23.11.2025 15:16:05,25.444149,55.471695,7925,260,299,108.0,0,original
23.11.2025 15:16:38,25.421165,55.503532,7825,258,297,126.0,0,original
23.11.2025 15:16:43,25.420488,55.512455,7750,258,297,75.0,0,original
