{
  "type": "FeatureCollection",
  "features": [
    {
      "type": "Feature",
      "geometry": {
        "type": "LineString",
        "coordinates": [
          [
            39.795391,
            40.38813
          ],
          [
            39.85076585714286,
            40.34117295238095
          ],
          [
            39.90614071428572,
            40.2942159047619
          ],
          [
            39.96151557142857,
            40.24725885714285
          ],
          [
            40.01689042857143,
            40.20030180952381
          ],
          [
            40.07226528571429,
            40.15334476190476
          ],
          [
            40.127640142857146,
            40.10638771428571
          ],
          [
            40.183015,
            40.059430666666664
          ],
          [
            40.238389857142856,
            40.01247361904762
          ],
          [
            40.293764714285714,
            39.965516571428566
          ],
          [
            40.34913957142857,
            39.91855952380952
          ],
          [
            40.376827,
            39.895081
          ],
          [
            40.382065,
            39.890778
          ],
          [
            40.384449,
            39.888863
          ],
          [
            40.388542,
            39.885422
          ],
          [
            40.393417,
            39.881184
          ],
          [
            40.398022,
            39.877369
          ],
          [
            40.409817,
            39.867756
          ],
          [
            40.456429,
            39.826767
          ],
          [
            40.461964,
            39.822159
          ],
          [
            40.538551,
            39.757122
          ],
          [
            40.665909,
            39.646706
          ],
          [
            40.686543,
            39.628906
          ],
          [
            40.693741,
            39.622822
          ],
          [
            40.698288,
            39.61887
          ],
          [
            40.702736,
            39.615002
          ],
          [
            40.708809,
            39.609924
          ],
          [
            40.715275,
            39.60442
          ],
          [
            40.718376,
            39.601589
          ],
          [
            40.721775,
            39.598442
          ],
          [
            40.728947,
            39.592354
          ],
          [
            40.731819,
            39.590031
          ],
          [
            40.736248,
            39.586021
          ],
          [
            40.740696,
            39.581921
          ],
          [
            40.74577,
            39.577583
          ],
          [
            40.749363,
            39.574547
          ],
          [
            40.751453,
            39.57262
          ],
          [
            40.756222,
            39.568619
          ],
          [
            40.763885,
            39.561848
          ],
          [
            40.766109,
            39.55994
          ],
          [
            40.773315,
            39.553608
          ],
          [
            40.777542,
            39.549934
          ],
          [
            40.78257,
            39.545322
          ],
          [
            40.796673,
            39.533226
          ],
          [
            40.801441,
            39.528702
          ],
          [
            40.810413,
            39.521
          ],
          [
            40.82431,
            39.508854
          ],
          [
            40.830418,
            39.503719
          ],
          [
            40.836628,
            39.498329
          ],
          [
            40.838676,
            39.496536
          ],
          [
            40.846066,
            39.490303
          ],
          [
            40.850288,
            39.486649
          ],
          [
            40.853893,
            39.483589
          ],
          [
            40.857403,
            39.48056
          ],
          [
            40.862026,
            39.476501
          ],
          [
            40.866051,
            39.473148
          ],
          [
            40.871994,
            39.468025
          ],
          [
            40.878029,
            39.462746
          ],
          [
            40.882736,
            39.458694
          ],
          [
            40.889294,
            39.453156
          ],
          [
            40.931435,
            39.415661
          ],
          [
            40.936924,
            39.411133
          ],
          [
            40.941803,
            39.406651
          ],
          [
            40.945454,
            39.403416
          ],
          [
            40.949684,
            39.399693
          ],
          [
            40.955269,
            39.394878
          ],
          [
            40.962906,
            39.388153
          ],
          [
            40.999287,
            39.38298
          ],
          [
            41.00811,
            39.375015
          ],
          [
            41.015762,
            39.368969
          ],
          [
            41.072819,
            39.337677
          ],
          [
            41.057629,
            39.332077
          ],
          [
            41.065113,
            39.325054
          ],
          [
            41.080498,
            39.28495
          ],
          [
            41.088181,
            39.278446
          ],
          [
            41.092674,
            39.274284
          ],
          [
            41.097713,
            39.269592
          ],
          [
            41.103371,
            39.264599
          ],
          [
            41.108707,
            39.259972
          ],
          [
            41.126785,
            39.244495
          ],
          [
            41.132122,
            39.239529
          ],
          [
            41.136475,
            39.235733
          ],
          [
            41.140869,
            39.231968
          ],
          [
            41.149639,
            39.225075
          ],
          [
            41.153522,
            39.222103
          ],
          [
            41.158646,
            39.218075
          ],
          [
            41.173534,
            39.206726
          ],
          [
            41.179157,
            39.202793
          ],
          [
            41.219097,
            39.175133
          ],
          [
            41.221603,
            39.173347
          ],
          [
            41.228027,
            39.168991
          ],
          [
            41.238071,
            39.162327
          ],
          [
            41.246361,
            39.156693
          ],
          [
            41.24984,
            39.154385
          ],
          [
            41.254166,
            39.151524
          ],
          [
            41.26033,
            39.147758
          ],
          [
            41.266407,
            39.143677
          ],
          [
            41.27219,
            39.139694
          ],
          [
            41.276405,
            39.136822
          ],
          [
            41.28244,
            39.132816
          ],
          [
            41.290638,
            39.127369
          ],
          [
            41.2929,
            39.125931
          ],
          [
            41.300495,
            39.120911
          ],
          [
            41.305042,
            39.117844
          ],
          [
            41.310013,
            39.11446
          ],
          [
            41.316128,
            39.110207
          ],
          [
            41.3657,
            39.076534
          ],
          [
            41.371925,
            39.072269
          ],
          [
            41.376942,
            39.068832
          ],
          [
            41.381554,
            39.06559
          ],
          [
            41.387615,
            39.061516
          ],
          [
            41.397919,
            39.054367
          ],
          [
            41.404518,
            39.04969
          ],
          [
            41.407715,
            39.047543
          ],
          [
            41.41378,
            39.043331
          ],
          [
            41.416138,
            39.041805
          ],
          [
            41.42223,
            39.037773
          ],
          [
            41.427601,
            39.033646
          ],
          [
            41.435112,
            39.028828
          ],
          [
            41.440887,
            39.02449
          ],
          [
            41.444031,
            39.022289
          ],
          [
            41.463654,
            39.009209
          ],
          [
            41.466995,
            39.006649
          ],
          [
            41.472626,
            39.003117
          ],
          [
            41.47578,
            39.000755
          ],
          [
            41.481617,
            38.996742
          ],
          [
            41.483841,
            38.995232
          ],
          [
            41.493008,
            38.989067
          ],
          [
            41.498203,
            38.985561
          ],
          [
            41.503139,
            38.982185
          ],
          [
            41.50843,
            38.978519
          ],
          [
            41.51535,
            38.973866
          ],
          [
            41.51823,
            38.971828
          ],
          [
            41.524445,
            38.967468
          ],
          [
            41.531761,
            38.962479
          ],
          [
            41.596622,
            38.917236
          ],
          [
            41.673435,
            38.864433
          ],
          [
            41.723751,
            38.829418
          ],
          [
            41.727798,
            38.826473
          ],
          [
            41.733143,
            38.822941
          ],
          [
            41.737129,
            38.820068
          ],
          [
            41.74485,
            38.81477
          ],
          [
            41.747936,
            38.812668
          ],
          [
            41.753319,
            38.808899
          ],
          [
            41.759426,
            38.804718
          ],
          [
            41.774708,
            38.794086
          ],
          [
            41.785965,
            38.78616
          ],
          [
            41.793373,
            38.780754
          ],
          [
            41.798958,
            38.777069
          ],
          [
            41.794788,
            38.780434
          ],
          [
            41.823914,
            38.759399
          ],
          [
            41.827595,
            38.757133
          ],
          [
            41.843895,
            38.752163
          ],
          [
            41.842392,
            38.746841
          ],
          [
            41.849384,
            38.741848
          ],
          [
            41.852119,
            38.740032
          ],
          [
            41.855015,
            38.738205
          ],
          [
            41.86795,
            38.728664
          ],
          [
            41.871418,
            38.726582
          ],
          [
            41.874733,
            38.724545
          ],
          [
            41.881508,
            38.719673
          ],
          [
            41.885742,
            38.716728
          ],
          [
            41.890179,
            38.713634
          ],
          [
            41.896126,
            38.709408
          ],
          [
            41.901478,
            38.70565
          ],
          [
            41.905396,
            38.702911
          ],
          [
            41.910816,
            38.699108
          ],
          [
            41.917103,
            38.694767
          ],
          [
            41.922215,
            38.691113
          ],
          [
            41.926643,
            38.688171
          ],
          [
            41.931648,
            38.6847
          ],
          [
            41.955158,
            38.668518
          ],
          [
            41.958656,
            38.665909
          ],
          [
            41.964443,
            38.661919
          ],
          [
            41.970184,
            38.657761
          ],
          [
            41.973431,
            38.655437
          ],
          [
            41.978195,
            38.652081
          ],
          [
            41.98436,
            38.650303
          ],
          [
            41.986778,
            38.646141
          ],
          [
            41.991055,
            38.643047
          ],
          [
            41.998062,
            38.638081
          ],
          [
            42.00082,
            38.636158
          ],
          [
            42.009281,
            38.630547
          ],
          [
            42.015846,
            38.625523
          ],
          [
            42.016842,
            38.625172
          ],
          [
            42.021976,
            38.621536
          ],
          [
            42.025097,
            38.61932
          ],
          [
            42.033844,
            38.613045
          ],
          [
            42.033928,
            38.61338
          ],
          [
            42.038906,
            38.610054
          ],
          [
            42.046951,
            38.604092
          ],
          [
            42.052261,
            38.600273
          ],
          [
            42.059906,
            38.5947
          ],
          [
            42.062347,
            38.593025
          ],
          [
            42.067261,
            38.589664
          ],
          [
            42.074371,
            38.58469
          ],
          [
            42.080078,
            38.580372
          ],
          [
            42.090744,
            38.57246
          ],
          [
            42.095009,
            38.569424
          ],
          [
            42.09655,
            38.569309
          ],
          [
            42.09996,
            38.567001
          ],
          [
            42.106361,
            38.562382
          ],
          [
            42.112,
            38.558182
          ],
          [
            42.119831,
            38.552826
          ],
          [
            42.12244,
            38.551197
          ],
          [
            42.12743,
            38.547577
          ],
          [
            42.135208,
            38.54208
          ],
          [
            42.140526,
            38.538048
          ],
          [
            42.14687,
            38.533756
          ],
          [
            42.151405,
            38.530479
          ],
          [
            42.155609,
            38.527531
          ],
          [
            42.161354,
            38.523293
          ],
          [
            42.166843,
            38.519604
          ],
          [
            42.169537,
            38.517773
          ],
          [
            42.173725,
            38.515118
          ],
          [
            42.181,
            38.509487
          ],
          [
            42.186302,
            38.505703
          ],
          [
            42.190575,
            38.502594
          ],
          [
            42.197166,
            38.497974
          ],
          [
            42.20245,
            38.494331
          ],
          [
            42.2029,
            38.494396
          ],
          [
            42.206715,
            38.491821
          ],
          [
            42.211975,
            38.488071
          ],
          [
            42.215607,
            38.485592
          ],
          [
            42.227421,
            38.476574
          ],
          [
            42.231785,
            38.473415
          ],
          [
            42.236031,
            38.470539
          ],
          [
            42.238144,
            38.469429
          ],
          [
            42.243893,
            38.465233
          ],
          [
            42.245453,
            38.464466
          ],
          [
            42.250763,
            38.460594
          ],
          [
            42.256653,
            38.456203
          ],
          [
            42.262852,
            38.451893
          ],
          [
            42.267929,
            38.44595
          ],
          [
            42.269871,
            38.447094
          ],
          [
            42.279449,
            38.439827
          ],
          [
            42.282452,
            38.437874
          ],
          [
            42.284523,
            38.436848
          ],
          [
            42.289227,
            38.433281
          ],
          [
            42.295055,
            38.429333
          ],
          [
            42.301605,
            38.424553
          ],
          [
            42.308075,
            38.420074
          ],
          [
            42.313839,
            38.415951
          ],
          [
            42.318317,
            38.412914
          ],
          [
            42.323666,
            38.408886
          ],
          [
            42.331413,
            38.403366
          ],
          [
            42.334087,
            38.401859
          ],
          [
            42.337299,
            38.39986
          ],
          [
            42.345188,
            38.39407
          ],
          [
            42.351864,
            38.389202
          ],
          [
            42.356712,
            38.385498
          ],
          [
            42.361454,
            38.382256
          ],
          [
            42.365532,
            38.379398
          ],
          [
            42.371593,
            38.375092
          ],
          [
            42.375912,
            38.37188
          ],
          [
            42.381271,
            38.367878
          ],
          [
            42.386204,
            38.364388
          ],
          [
            42.392082,
            38.360218
          ],
          [
            42.394932,
            38.358276
          ],
          [
            42.401466,
            38.353558
          ],
          [
            42.403728,
            38.351974
          ],
          [
            42.410149,
            38.347523
          ],
          [
            42.414864,
            38.34425
          ],
          [
            42.434479,
            38.330341
          ],
          [
            42.456745,
            38.314621
          ],
          [
            42.461208,
            38.311298
          ],
          [
            42.466442,
            38.307579
          ],
          [
            42.472736,
            38.302944
          ],
          [
            42.476418,
            38.300621
          ],
          [
            42.481667,
            38.296967
          ],
          [
            42.48629,
            38.293686
          ],
          [
            42.490257,
            38.290833
          ],
          [
            42.496056,
            38.286541
          ],
          [
            42.501984,
            38.282536
          ],
          [
            42.507465,
            38.278561
          ],
          [
            42.516315,
            38.272251
          ],
          [
            42.524761,
            38.266148
          ],
          [
            42.531063,
            38.261616
          ],
          [
            42.535763,
            38.258419
          ],
          [
            42.540104,
            38.255257
          ],
          [
            42.55518,
            38.244804
          ],
          [
            42.56773,
            38.23547
          ],
          [
            42.572613,
            38.231899
          ],
          [
            42.576344,
            38.229504
          ],
          [
            42.583576,
            38.224285
          ],
          [
            42.588047,
            38.221153
          ],
          [
            42.595619,
            38.215572
          ],
          [
            42.599838,
            38.212536
          ],
          [
            42.604218,
            38.209408
          ],
          [
            42.60886,
            38.206047
          ],
          [
            42.614651,
            38.2019
          ],
          [
            42.618858,
            38.198944
          ],
          [
            42.625751,
            38.194042
          ],
          [
            42.635876,
            38.186768
          ],
          [
            42.656841,
            38.172756
          ],
          [
            42.66143,
            38.168591
          ],
          [
            42.665482,
            38.165627
          ],
          [
            42.67086,
            38.161785
          ],
          [
            42.681137,
            38.154606
          ],
          [
            42.697765,
            38.142811
          ],
          [
            42.701054,
            38.140457
          ],
          [
            42.706451,
            38.136528
          ],
          [
            42.713604,
            38.1315
          ],
          [
            42.717457,
            38.128654
          ],
          [
            42.77774,
            38.085262
          ],
          [
            42.846031,
            38.03574
          ],
          [
            42.863056,
            38.023651
          ],
          [
            42.86795,
            38.020176
          ],
          [
            42.87339,
            38.016247
          ],
          [
            42.878067,
            38.013065
          ],
          [
            42.882004,
            38.010395
          ],
          [
            42.88784,
            38.006096
          ],
          [
            42.891861,
            38.003242
          ],
          [
            42.900948,
            37.996689
          ],
          [
            42.906223,
            37.993114
          ],
          [
            42.91053,
            37.990051
          ],
          [
            42.913673,
            37.987778
          ],
          [
            42.918728,
            37.984161
          ],
          [
            42.924572,
            37.980026
          ],
          [
            42.927933,
            37.977627
          ],
          [
            42.931576,
            37.975044
          ],
          [
            42.937355,
            37.970924
          ],
          [
            42.94313,
            37.966751
          ],
          [
            42.950829,
            37.961143
          ],
          [
            42.973911,
            37.944618
          ],
          [
            42.979309,
            37.940174
          ],
          [
            42.980778,
            37.939415
          ],
          [
            42.98608,
            37.93544
          ],
          [
            42.990639,
            37.932209
          ],
          [
            42.994759,
            37.929325
          ],
          [
            43.000278,
            37.92524
          ],
          [
            43.005512,
            37.92128
          ],
          [
            43.010063,
            37.91798
          ],
          [
            43.012909,
            37.915131
          ],
          [
            43.018932,
            37.911388
          ],
          [
            43.022259,
            37.909119
          ],
          [
            43.025745,
            37.906284
          ],
          [
            43.030411,
            37.902664
          ],
          [
            43.033539,
            37.900528
          ],
          [
            43.037838,
            37.895802
          ],
          [
            43.042931,
            37.891571
          ],
          [
            43.049187,
            37.889339
          ],
          [
            43.052475,
            37.887024
          ],
          [
            43.057602,
            37.882908
          ],
          [
            43.062294,
            37.879848
          ],
          [
            43.067841,
            37.874569
          ],
          [
            43.073742,
            37.871552
          ],
          [
            43.078388,
            37.868206
          ],
          [
            43.083527,
            37.864475
          ],
          [
            43.087715,
            37.86145
          ],
          [
            43.091457,
            37.858749
          ],
          [
            43.096237,
            37.855259
          ],
          [
            43.100803,
            37.852001
          ],
          [
            43.105186,
            37.848869
          ],
          [
            43.107262,
            37.847298
          ],
          [
            43.115604,
            37.841404
          ],
          [
            43.119778,
            37.838272
          ],
          [
            43.127075,
            37.833012
          ],
          [
            43.129158,
            37.831657
          ],
          [
            43.157143,
            37.810799
          ],
          [
            43.162243,
            37.808201
          ],
          [
            43.16626,
            37.805191
          ],
          [
            43.170166,
            37.802353
          ],
          [
            43.174397,
            37.79924
          ],
          [
            43.179134,
            37.794655
          ],
          [
            43.185524,
            37.790741
          ],
          [
            43.190372,
            37.788158
          ],
          [
            43.193653,
            37.784992
          ],
          [
            43.198044,
            37.781563
          ],
          [
            43.203571,
            37.777729
          ],
          [
            43.206509,
            37.775581
          ],
          [
            43.211212,
            37.772175
          ],
          [
            43.217743,
            37.767517
          ],
          [
            43.221493,
            37.764763
          ],
          [
            43.225292,
            37.762093
          ],
          [
            43.230499,
            37.75798
          ],
          [
            43.234795,
            37.755081
          ],
          [
            43.241554,
            37.751022
          ],
          [
            43.247459,
            37.746319
          ],
          [
            43.253036,
            37.742306
          ],
          [
            43.25547,
            37.739582
          ],
          [
            43.25948,
            37.736763
          ],
          [
            43.264603,
            37.733101
          ],
          [
            43.269962,
            37.729153
          ],
          [
            43.273758,
            37.726418
          ],
          [
            43.279701,
            37.722038
          ],
          [
            43.282326,
            37.720131
          ],
          [
            43.286263,
            37.717308
          ],
          [
            43.292282,
            37.713032
          ],
          [
            43.298313,
            37.708626
          ],
          [
            43.302025,
            37.705986
          ],
          [
            43.306026,
            37.703068
          ],
          [
            43.310238,
            37.700027
          ],
          [
            43.372765,
            37.653976
          ],
          [
            43.397278,
            37.636097
          ],
          [
            43.40197,
            37.632641
          ],
          [
            43.407906,
            37.628052
          ],
          [
            43.411926,
            37.625275
          ],
          [
            43.415871,
            37.622559
          ],
          [
            43.419987,
            37.619099
          ],
          [
            43.425121,
            37.615894
          ],
          [
            43.428448,
            37.613556
          ],
          [
            43.432983,
            37.610218
          ],
          [
            43.438244,
            37.606419
          ],
          [
            43.459885,
            37.591015
          ],
          [
            43.464081,
            37.587769
          ],
          [
            43.469635,
            37.583473
          ],
          [
            43.473888,
            37.580338
          ],
          [
            43.479633,
            37.576084
          ],
          [
            43.483639,
            37.573093
          ],
          [
            43.487362,
            37.570335
          ],
          [
            43.492008,
            37.566956
          ],
          [
            43.496037,
            37.564102
          ],
          [
            43.500916,
            37.56049
          ],
          [
            43.506176,
            37.556595
          ],
          [
            43.510551,
            37.553482
          ],
          [
            43.515972,
            37.549469
          ],
          [
            43.51968,
            37.54668
          ],
          [
            43.526054,
            37.542011
          ],
          [
            43.588936,
            37.49612
          ],
          [
            43.652718,
            37.450321
          ],
          [
            43.718456,
            37.402676
          ],
          [
            43.778606,
            37.358719
          ],
          [
            43.782249,
            37.35667
          ],
          [
            43.786697,
            37.353699
          ],
          [
            43.790234,
            37.350166
          ],
          [
            43.794716,
            37.346619
          ],
          [
            43.799683,
            37.3428
          ],
          [
            43.803806,
            37.340088
          ],
          [
            43.808773,
            37.336365
          ],
          [
            43.815453,
            37.331242
          ],
          [
            43.818966,
            37.328686
          ],
          [
            43.823479,
            37.325741
          ],
          [
            43.827641,
            37.322765
          ],
          [
            43.833603,
            37.318432
          ],
          [
            43.83712,
            37.315693
          ],
          [
            43.84132,
            37.312546
          ],
          [
            43.846039,
            37.309498
          ],
          [
            43.849945,
            37.306145
          ],
          [
            43.85471,
            37.302784
          ],
          [
            43.858326,
            37.299656
          ],
          [
            43.862278,
            37.296673
          ],
          [
            43.866764,
            37.293308
          ],
          [
            43.872101,
            37.287941
          ],
          [
            43.87479,
            37.286087
          ],
          [
            43.880085,
            37.282925
          ],
          [
            43.885201,
            37.279243
          ],
          [
            43.889336,
            37.276253
          ],
          [
            43.894127,
            37.272877
          ],
          [
            43.898701,
            37.269287
          ],
          [
            43.901588,
            37.266815
          ],
          [
            43.906864,
            37.262264
          ],
          [
            43.911217,
            37.257828
          ],
          [
            43.914558,
            37.254517
          ],
          [
            43.918713,
            37.250507
          ],
          [
            43.922489,
            37.245934
          ],
          [
            43.926128,
            37.241959
          ],
          [
            43.928764,
            37.238789
          ],
          [
            43.932621,
            37.233635
          ],
          [
            43.935726,
            37.229866
          ],
          [
            43.937664,
            37.22739
          ],
          [
            43.941151,
            37.22303
          ],
          [
            43.944542,
            37.218704
          ],
          [
            43.946671,
            37.215439
          ],
          [
            43.949833,
            37.20956
          ],
          [
            43.951488,
            37.207085
          ],
          [
            43.954506,
            37.202152
          ],
          [
            43.956539,
            37.197849
          ],
          [
            43.95969,
            37.193516
          ],
          [
            43.964798,
            37.184017
          ],
          [
            43.966854,
            37.180866
          ],
          [
            43.969532,
            37.175591
          ],
          [
            43.971684,
            37.172264
          ],
          [
            43.974476,
            37.168137
          ],
          [
            43.976387,
            37.164242
          ],
          [
            43.978416,
            37.160042
          ],
          [
            43.980701,
            37.155193
          ],
          [
            43.982605,
            37.151299
          ],
          [
            43.98497,
            37.146439
          ],
          [
            43.986797,
            37.142487
          ],
          [
            43.989136,
            37.137367
          ],
          [
            43.991829,
            37.131557
          ],
          [
            43.993179,
            37.128502
          ],
          [
            43.99482,
            37.124786
          ],
          [
            44.023827,
            37.059242
          ],
          [
            44.052567,
            36.995895
          ],
          [
            44.073399,
            36.950596
          ],
          [
            44.077248,
            36.944359
          ],
          [
            44.078598,
            36.94046
          ],
          [
            44.080704,
            36.934727
          ],
          [
            44.082935,
            36.93153
          ],
          [
            44.085686,
            36.925484
          ],
          [
            44.086884,
            36.922874
          ],
          [
            44.089748,
            36.917198
          ],
          [
            44.091351,
            36.913639
          ],
          [
            44.093243,
            36.909779
          ],
          [
            44.095161,
            36.905476
          ],
          [
            44.097691,
            36.899704
          ],
          [
            44.100067,
            36.893978
          ],
          [
            44.102947,
            36.887806
          ],
          [
            44.104321,
            36.885193
          ],
          [
            44.107155,
            36.879089
          ],
          [
            44.108517,
            36.87595
          ],
          [
            44.110989,
            36.870373
          ],
          [
            44.137928,
            36.808029
          ],
          [
            44.165337,
            36.745182
          ],
          [
            44.186852,
            36.694599
          ],
          [
            44.188843,
            36.689575
          ],
          [
            44.190392,
            36.685513
          ],
          [
            44.192032,
            36.680458
          ],
          [
            44.19577,
            36.671612
          ],
          [
            44.196949,
            36.6679
          ],
          [
            44.198982,
            36.663548
          ],
          [
            44.200554,
            36.659752
          ],
          [
            44.201862,
            36.655556
          ],
          [
            44.203636,
            36.650673
          ],
          [
            44.205143,
            36.646694
          ],
          [
            44.207096,
            36.641319
          ],
          [
            44.208382,
            36.63871
          ],
          [
            44.209801,
            36.634628
          ],
          [
            44.211788,
            36.630833
          ],
          [
            44.213264,
            36.626984
          ],
          [
            44.214607,
            36.62265
          ],
          [
            44.216526,
            36.618435
          ],
          [
            44.218529,
            36.613754
          ],
          [
            44.220764,
            36.608234
          ],
          [
            44.222141,
            36.604961
          ],
          [
            44.224133,
            36.59951
          ],
          [
            44.225445,
            36.596798
          ],
          [
            44.227901,
            36.59132
          ],
          [
            44.229565,
            36.587318
          ],
          [
            44.231346,
            36.582993
          ],
          [
            44.233311,
            36.578503
          ],
          [
            44.259644,
            36.51965
          ],
          [
            44.288647,
            36.456596
          ],
          [
            44.317471,
            36.395668
          ],
          [
            44.347374,
            36.332569
          ],
          [
            44.377888,
            36.269997
          ],
          [
            44.408524,
            36.204586
          ],
          [
            44.436077,
            36.142925
          ],
          [
            44.463135,
            36.082279
          ],
          [
            44.487301,
            36.028648
          ],
          [
            44.491455,
            36.021435
          ],
          [
            44.494698,
            36.01535
          ],
          [
            44.49662,
            36.011703
          ],
          [
            44.498718,
            36.007816
          ],
          [
            44.500801,
            36.003616
          ],
          [
            44.50296,
            35.99934
          ],
          [
            44.505379,
            35.995068
          ],
          [
            44.50803,
            35.990311
          ],
          [
            44.510357,
            35.985989
          ],
          [
            44.512959,
            35.981682
          ],
          [
            44.515278,
            35.977772
          ],
          [
            44.518211,
            35.972801
          ],
          [
            44.520767,
            35.968769
          ],
          [
            44.523365,
            35.964405
          ],
          [
            44.526493,
            35.959408
          ],
          [
            44.529106,
            35.955242
          ],
          [
            44.531559,
            35.951385
          ],
          [
            44.565117,
            35.891533
          ],
          [
            44.590721,
            35.829655
          ],
          [
            44.618919,
            35.765423
          ],
          [
            44.644951,
            35.698208
          ],
          [
            44.661674,
            35.634544
          ],
          [
            44.670322,
            35.608425
          ],
          [
            44.671932,
            35.604012
          ],
          [
            44.673466,
            35.599632
          ],
          [
            44.675003,
            35.595406
          ],
          [
            44.676163,
            35.591499
          ],
          [
            44.678146,
            35.586414
          ],
          [
            44.679932,
            35.582188
          ],
          [
            44.682011,
            35.576988
          ],
          [
            44.684002,
            35.572079
          ],
          [
            44.685417,
            35.567898
          ],
          [
            44.686508,
            35.564438
          ],
          [
            44.687912,
            35.56057
          ],
          [
            44.689472,
            35.556332
          ],
          [
            44.691143,
            35.552002
          ],
          [
            44.692722,
            35.547977
          ],
          [
            44.694309,
            35.544128
          ],
          [
            44.696434,
            35.538815
          ],
          [
            44.698437,
            35.534008
          ],
          [
            44.700039,
            35.529991
          ],
          [
            44.701817,
            35.526073
          ],
          [
            44.703545,
            35.522022
          ],
          [
            44.705776,
            35.517155
          ],
          [
            44.707577,
            35.512779
          ],
          [
            44.709209,
            35.5089
          ],
          [
            44.727276,
            35.465656
          ],
          [
            44.729256,
            35.460838
          ],
          [
            44.731739,
            35.454998
          ],
          [
            44.73344,
            35.451061
          ],
          [
            44.735577,
            35.446224
          ],
          [
            44.737129,
            35.44239
          ],
          [
            44.738609,
            35.438805
          ],
          [
            44.74683,
            35.426586
          ],
          [
            44.742191,
            35.430096
          ],
          [
            44.74387,
            35.425526
          ],
          [
            44.745808,
            35.421124
          ],
          [
            44.747826,
            35.416878
          ],
          [
            44.749729,
            35.412266
          ],
          [
            44.751236,
            35.408546
          ],
          [
            44.753178,
            35.403751
          ],
          [
            44.754864,
            35.399815
          ],
          [
            44.756138,
            35.396603
          ],
          [
            44.757824,
            35.392315
          ],
          [
            44.759865,
            35.38731
          ],
          [
            44.761524,
            35.383236
          ],
          [
            44.763229,
            35.379169
          ],
          [
            44.76516,
            35.3745
          ],
          [
            44.766792,
            35.370354
          ],
          [
            44.769211,
            35.364433
          ],
          [
            44.770893,
            35.36034
          ],
          [
            44.772602,
            35.356373
          ],
          [
            44.774605,
            35.351532
          ],
          [
            44.776012,
            35.348164
          ],
          [
            44.802639,
            35.286804
          ],
          [
            44.828587,
            35.222748
          ],
          [
            44.854511,
            35.157494
          ],
          [
            44.876823,
            35.094791
          ],
          [
            44.897564,
            35.030388
          ],
          [
            44.912746,
            34.966206
          ],
          [
            44.935242,
            34.900135
          ],
          [
            44.963356,
            34.836071
          ],
          [
            44.988266,
            34.770943
          ],
          [
            44.999916,
            34.739635
          ],
          [
            45.001728,
            34.734833
          ],
          [
            45.002953,
            34.731438
          ],
          [
            45.004726,
            34.726662
          ],
          [
            45.006863,
            34.721024
          ],
          [
            45.03154,
            34.656246
          ],
          [
            45.055595,
            34.590633
          ],
          [
            45.078705,
            34.527615
          ],
          [
            45.102226,
            34.462818
          ],
          [
            45.126251,
            34.397961
          ],
          [
            45.15004,
            34.332928
          ],
          [
            45.174088,
            34.266323
          ],
          [
            45.19709,
            34.203308
          ],
          [
            45.219112,
            34.142277
          ],
          [
            45.220806,
            34.138069
          ],
          [
            45.223049,
            34.132137
          ],
          [
            45.22472,
            34.127769
          ],
          [
            45.226711,
            34.122047
          ],
          [
            45.228168,
            34.117737
          ],
          [
            45.229473,
            34.113857
          ],
          [
            45.231113,
            34.10915
          ],
          [
            45.233109,
            34.103806
          ],
          [
            45.235378,
            34.09774
          ],
          [
            45.236294,
            34.095123
          ],
          [
            45.238102,
            34.089764
          ],
          [
            45.239674,
            34.085381
          ],
          [
            45.262257,
            34.023823
          ],
          [
            45.285854,
            33.959091
          ],
          [
            45.308472,
            33.895058
          ],
          [
            45.332363,
            33.829212
          ],
          [
            45.35667,
            33.761963
          ],
          [
            45.378746,
            33.699287
          ],
          [
            45.401962,
            33.635441
          ],
          [
            45.424561,
            33.572578
          ],
          [
            45.447552,
            33.508404
          ],
          [
            45.470516,
            33.443707
          ],
          [
            45.493183,
            33.379517
          ],
          [
            45.530033,
            33.318699
          ],
          [
            45.526569,
            33.313507
          ],
          [
            45.52747,
            33.309521
          ],
          [
            45.525906,
            33.307106
          ],
          [
            45.529114,
            33.298935
          ],
          [
            45.532513,
            33.283875
          ],
          [
            45.533726,
            33.270084
          ],
          [
            45.543716,
            33.258175
          ],
          [
            45.543266,
            33.251797
          ],
          [
            45.552345,
            33.240307
          ],
          [
            45.555698,
            33.229687
          ],
          [
            45.557999,
            33.21785
          ],
          [
            45.56905,
            33.203884
          ],
          [
            45.568882,
            33.190968
          ],
          [
            45.568169,
            33.1847
          ],
          [
            45.574333,
            33.17421
          ],
          [
            45.57711,
            33.165192
          ],
          [
            45.579109,
            33.157494
          ],
          [
            45.579655,
            33.153019
          ],
          [
            45.585491,
            33.147301
          ],
          [
            45.587681,
            33.140762
          ],
          [
            45.587345,
            33.138378
          ],
          [
            45.594788,
            33.123764
          ],
          [
            45.600021,
            33.113544
          ],
          [
            45.598961,
            33.101955
          ],
          [
            45.603497,
            33.093697
          ],
          [
            45.60873,
            33.077904
          ],
          [
            45.613182,
            33.066441
          ],
          [
            45.611599,
            33.052937
          ],
          [
            45.612679,
            33.05022
          ],
          [
            45.627872,
            33.03315
          ],
          [
            45.631851,
            33.026905
          ],
          [
            45.633636,
            33.021477
          ],
          [
            45.636772,
            33.014782
          ],
          [
            45.639011,
            33.011875
          ],
          [
            45.643494,
            33.005619
          ],
          [
            45.667942,
            32.975002
          ],
          [
            45.676487,
            32.959339
          ],
          [
            45.686607,
            32.950333
          ],
          [
            45.691673,
            32.943367
          ],
          [
            45.696892,
            32.936245
          ],
          [
            45.704578,
            32.927799
          ],
          [
            45.710766,
            32.920586
          ],
          [
            45.730003,
            32.903404
          ],
          [
            45.737831,
            32.895306
          ],
          [
            45.742279,
            32.888435
          ],
          [
            45.754089,
            32.87735
          ],
          [
            45.756413,
            32.873333
          ],
          [
            45.764545,
            32.864243
          ],
          [
            45.768776,
            32.856632
          ],
          [
            45.835041,
            32.781647
          ],
          [
            45.915264,
            32.69442
          ],
          [
            45.95882,
            32.640663
          ],
          [
            45.955643,
            32.640259
          ],
          [
            45.997051,
            32.59967
          ],
          [
            46.04078319512195,
            32.548908536585365
          ],
          [
            46.0845153902439,
            32.498147073170735
          ],
          [
            46.128247585365855,
            32.4473856097561
          ],
          [
            46.1719797804878,
            32.396624146341466
          ],
          [
            46.176353,
            32.391548
          ],
          [
            46.220089,
            32.341881
          ],
          [
            46.225231,
            32.334793
          ],
          [
            46.233383,
            32.325134
          ],
          [
            46.237331,
            32.320122
          ],
          [
            46.240845,
            32.316555
          ],
          [
            46.247372,
            32.308544
          ],
          [
            46.251659,
            32.303574
          ],
          [
            46.260574,
            32.298775
          ],
          [
            46.260086,
            32.293961
          ],
          [
            46.266064,
            32.287209
          ],
          [
            46.270672,
            32.281887
          ],
          [
            46.274479,
            32.277458
          ],
          [
            46.277275,
            32.274258
          ],
          [
            46.281242,
            32.26981
          ],
          [
            46.285305,
            32.265095
          ],
          [
            46.287235,
            32.262745
          ],
          [
            46.292816,
            32.256359
          ],
          [
            46.302246,
            32.245312
          ],
          [
            46.306553,
            32.240852
          ],
          [
            46.317146,
            32.230988
          ],
          [
            46.321999,
            32.222343
          ],
          [
            46.331005,
            32.212399
          ],
          [
            46.337948,
            32.207008
          ],
          [
            46.340225,
            32.201702
          ],
          [
            46.347599,
            32.195816
          ],
          [
            46.348305,
            32.192516
          ],
          [
            46.355137,
            32.187397
          ],
          [
            46.358791,
            32.180187
          ],
          [
            46.364235,
            32.17659
          ],
          [
            46.37154,
            32.168186
          ],
          [
            46.372528,
            32.164551
          ],
          [
            46.375526,
            32.160637
          ],
          [
            46.381424,
            32.153713
          ],
          [
            46.385582,
            32.149521
          ],
          [
            46.390881,
            32.143253
          ],
          [
            46.39537,
            32.138226
          ],
          [
            46.403923,
            32.133575
          ],
          [
            46.403461,
            32.128479
          ],
          [
            46.407974,
            32.123329
          ],
          [
            46.413059,
            32.117432
          ],
          [
            46.418499,
            32.114479
          ],
          [
            46.420517,
            32.108585
          ],
          [
            46.426685,
            32.101357
          ],
          [
            46.430134,
            32.098179
          ],
          [
            46.439903,
            32.088951
          ],
          [
            46.444286,
            32.08469
          ],
          [
            46.447418,
            32.081055
          ],
          [
            46.450436,
            32.075321
          ],
          [
            46.459785,
            32.066078
          ],
          [
            46.462761,
            32.059933
          ],
          [
            46.46653,
            32.055378
          ],
          [
            46.476147,
            32.044708
          ],
          [
            46.479084,
            32.040165
          ],
          [
            46.487675,
            32.030956
          ],
          [
            46.491524,
            32.026562
          ],
          [
            46.472553,
            32.005688
          ],
          [
            46.483097,
            31.995405
          ],
          [
            46.518215,
            31.996521
          ],
          [
            46.521355,
            31.992302
          ],
          [
            46.524078,
            31.989544
          ],
          [
            46.526291,
            31.986906
          ],
          [
            46.53104,
            31.982309
          ],
          [
            46.534775,
            31.977282
          ],
          [
            46.540379,
            31.970152
          ],
          [
            46.545494,
            31.964384
          ],
          [
            46.548561,
            31.96096
          ],
          [
            46.552509,
            31.955956
          ],
          [
            46.557285,
            31.949245
          ],
          [
            46.559799,
            31.9466
          ],
          [
            46.568314,
            31.944191
          ],
          [
            46.571178,
            31.933844
          ],
          [
            46.581997,
            31.921286
          ],
          [
            46.586304,
            31.917645
          ],
          [
            46.602947,
            31.895926
          ],
          [
            46.600021,
            31.899843
          ],
          [
            46.602779,
            31.895416
          ],
          [
            46.605862,
            31.893606
          ],
          [
            46.610989,
            31.888321
          ],
          [
            46.615688,
            31.883018
          ],
          [
            46.620686,
            31.876072
          ],
          [
            46.623989,
            31.872814
          ],
          [
            46.63921,
            31.857998
          ],
          [
            46.6451,
            31.846146
          ],
          [
            46.652657,
            31.839634
          ],
          [
            46.673077,
            31.816267
          ],
          [
            46.679348,
            31.812717
          ],
          [
            46.673306,
            31.823404
          ],
          [
            46.701611,
            31.782534
          ],
          [
            46.706692,
            31.776831
          ],
          [
            46.740116,
            31.736807
          ],
          [
            46.744156,
            31.732485
          ],
          [
            46.747307,
            31.728979
          ],
          [
            46.751827,
            31.723669
          ],
          [
            46.801418,
            31.665243
          ],
          [
            46.814045,
            31.650785
          ],
          [
            46.819706,
            31.644213
          ],
          [
            46.827621,
            31.635216
          ],
          [
            46.83152,
            31.629879
          ],
          [
            46.834965,
            31.62628
          ],
          [
            46.849766,
            31.607424
          ],
          [
            46.855606,
            31.601355
          ],
          [
            46.864067,
            31.591896
          ],
          [
            46.867741,
            31.587519
          ],
          [
            46.873451,
            31.580553
          ],
          [
            46.880955,
            31.5718
          ],
          [
            46.89632,
            31.570627
          ],
          [
            46.899693,
            31.549385
          ],
          [
            46.905869,
            31.542376
          ],
          [
            46.911934,
            31.535393
          ],
          [
            46.923264,
            31.522226
          ],
          [
            46.934895,
            31.505333
          ],
          [
            46.939518,
            31.50326
          ],
          [
            46.946861,
            31.501722
          ],
          [
            46.977509,
            31.458632
          ],
          [
            46.989281,
            31.444363
          ],
          [
            47.037441,
            31.388023
          ],
          [
            47.042404,
            31.381344
          ],
          [
            47.04649,
            31.376509
          ],
          [
            47.052666,
            31.369785
          ],
          [
            47.068604,
            31.349419
          ],
          [
            47.070789,
            31.345509
          ],
          [
            47.078068,
            31.337902
          ],
          [
            47.083302,
            31.333151
          ],
          [
            47.087467,
            31.326014
          ],
          [
            47.089828,
            31.326189
          ],
          [
            47.097073,
            31.317438
          ],
          [
            47.102779,
            31.309837
          ],
          [
            47.108959,
            31.303244
          ],
          [
            47.11351,
            31.296291
          ],
          [
            47.116322,
            31.295141
          ],
          [
            47.121124,
            31.289099
          ],
          [
            47.127064,
            31.282209
          ],
          [
            47.135124,
            31.272247
          ],
          [
            47.139545,
            31.26705
          ],
          [
            47.145176,
            31.260948
          ],
          [
            47.151207,
            31.253115
          ],
          [
            47.156704,
            31.246561
          ],
          [
            47.168545,
            31.23188
          ],
          [
            47.173203,
            31.226688
          ],
          [
            47.176311,
            31.222939
          ],
          [
            47.186615,
            31.211226
          ],
          [
            47.199238,
            31.196486
          ],
          [
            47.203022,
            31.191217
          ],
          [
            47.206665,
            31.187469
          ],
          [
            47.2108,
            31.183056
          ],
          [
            47.216404,
            31.176786
          ],
          [
            47.22057,
            31.1695
          ],
          [
            47.224815,
            31.166796
          ],
          [
            47.234394,
            31.154642
          ],
          [
            47.240421,
            31.148111
          ],
          [
            47.258179,
            31.127249
          ],
          [
            47.264225,
            31.120853
          ],
          [
            47.268848,
            31.113592
          ],
          [
            47.370846,
            30.99065
          ],
          [
            47.38253,
            30.976969
          ],
          [
            47.388145,
            30.970877
          ],
          [
            47.392128,
            30.967016
          ],
          [
            47.394001,
            30.964741
          ],
          [
            47.397644,
            30.959772
          ],
          [
            47.400604,
            30.9562
          ],
          [
            47.403763,
            30.952549
          ],
          [
            47.408466,
            30.946983
          ],
          [
            47.413456,
            30.941122
          ],
          [
            47.418591,
            30.935104
          ],
          [
            47.421745,
            30.931318
          ],
          [
            47.425121,
            30.927301
          ],
          [
            47.429932,
            30.921696
          ],
          [
            47.431644,
            30.91971
          ],
          [
            47.482929,
            30.855583
          ],
          [
            47.535709,
            30.798965
          ],
          [
            47.555294,
            30.784163
          ],
          [
            47.558453,
            30.780907
          ],
          [
            47.561954,
            30.777697
          ],
          [
            47.568089,
            30.771748
          ],
          [
            47.574306,
            30.76638
          ],
          [
            47.579437,
            30.761591
          ],
          [
            47.582848,
            30.758265
          ],
          [
            47.587135,
            30.753281
          ],
          [
            47.590611,
            30.749964
          ],
          [
            47.593891,
            30.746645
          ],
          [
            47.597904,
            30.743649
          ],
          [
            47.601715,
            30.739706
          ],
          [
            47.609119,
            30.734205
          ],
          [
            47.61359,
            30.725224
          ],
          [
            47.61956,
            30.724855
          ],
          [
            47.620766,
            30.721928
          ],
          [
            47.626144,
            30.718388
          ],
          [
            47.629074,
            30.714531
          ],
          [
            47.632965,
            30.712166
          ],
          [
            47.636147,
            30.702679
          ],
          [
            47.647003,
            30.699066
          ],
          [
            47.652546,
            30.693966
          ],
          [
            47.653904,
            30.69067
          ],
          [
            47.664825,
            30.682056
          ],
          [
            47.672733,
            30.674339
          ],
          [
            47.711658,
            30.631603
          ],
          [
            47.752514,
            30.596861
          ],
          [
            47.756523,
            30.59338
          ],
          [
            47.761589,
            30.588409
          ],
          [
            47.765816,
            30.580603
          ],
          [
            47.783848,
            30.567184
          ],
          [
            47.788311,
            30.562557
          ],
          [
            47.792313,
            30.55867
          ],
          [
            47.795876,
            30.555029
          ],
          [
            47.797714,
            30.547533
          ],
          [
            47.801693,
            30.543545
          ],
          [
            47.816998,
            30.533987
          ],
          [
            47.821556,
            30.529335
          ],
          [
            47.826653,
            30.52496
          ],
          [
            47.830051,
            30.521606
          ],
          [
            47.834969,
            30.518394
          ],
          [
            47.838615,
            30.51388
          ],
          [
            47.845257,
            30.499943
          ],
          [
            47.850739,
            30.502811
          ],
          [
            47.852493,
            30.493879
          ],
          [
            47.856861,
            30.490311
          ],
          [
            47.862732,
            30.483814
          ],
          [
            47.867271,
            30.479431
          ],
          [
            47.872047,
            30.475904
          ],
          [
            47.875767,
            30.472343
          ],
          [
            47.879593,
            30.468523
          ],
          [
            47.883942,
            30.464291
          ],
          [
            47.886765,
            30.461414
          ],
          [
            47.892593,
            30.456045
          ],
          [
            47.89735,
            30.452085
          ],
          [
            47.905296,
            30.44511
          ],
          [
            47.910831,
            30.439739
          ],
          [
            47.914459,
            30.436262
          ],
          [
            47.919563,
            30.431416
          ],
          [
            47.922989,
            30.428314
          ],
          [
            47.929001,
            30.426018
          ],
          [
            47.931843,
            30.41939
          ],
          [
            47.935013,
            30.416931
          ],
          [
            47.940186,
            30.415556
          ],
          [
            47.946999,
            30.40888
          ],
          [
            47.950016,
            30.406393
          ],
          [
            47.957546,
            30.401821
          ],
          [
            47.961906,
            30.394272
          ],
          [
            47.967133,
            30.390005
          ],
          [
            47.97216,
            30.384617
          ],
          [
            47.975517,
            30.381334
          ],
          [
            47.98127,
            30.375776
          ],
          [
            47.986019,
            30.371235
          ],
          [
            47.991032,
            30.366306
          ],
          [
            47.994789,
            30.362648
          ],
          [
            48.010017,
            30.344852
          ],
          [
            48.013382,
            30.341728
          ],
          [
            48.020927,
            30.334641
          ],
          [
            48.023975,
            30.331652
          ],
          [
            48.029961,
            30.325954
          ],
          [
            48.034309,
            30.321583
          ],
          [
            48.037495,
            30.318586
          ],
          [
            48.042545,
            30.313858
          ],
          [
            48.050587,
            30.306246
          ],
          [
            48.058159,
            30.29921
          ],
          [
            48.106743,
            30.253872
          ],
          [
            48.110016,
            30.248915
          ],
          [
            48.118267,
            30.240744
          ],
          [
            48.125065,
            30.23369
          ],
          [
            48.136612,
            30.224312
          ],
          [
            48.140488,
            30.22122
          ],
          [
            48.143612,
            30.216146
          ],
          [
            48.154072,
            30.208288
          ],
          [
            48.160698,
            30.201708
          ],
          [
            48.170929,
            30.192219
          ],
          [
            48.172531,
            30.188366
          ],
          [
            48.177738,
            30.183628
          ],
          [
            48.18528,
            30.175327
          ],
          [
            48.192455,
            30.169012
          ],
          [
            48.207726,
            30.156326
          ],
          [
            48.212902,
            30.15115
          ],
          [
            48.232273,
            30.129772
          ],
          [
            48.285183,
            30.078224
          ],
          [
            48.336876,
            30.028582
          ],
          [
            48.385704,
            29.979389
          ],
          [
            48.428078,
            29.93894
          ],
          [
            48.431801,
            29.935497
          ],
          [
            48.434467,
            29.932661
          ],
          [
            48.440643,
            29.92667
          ],
          [
            48.444859,
            29.922646
          ],
          [
            48.495667,
            29.869055
          ],
          [
            48.526344,
            29.824532
          ],
          [
            48.52771,
            29.820259
          ],
          [
            48.541866,
            29.800631
          ],
          [
            48.545166,
            29.796103
          ],
          [
            48.547802,
            29.784369
          ],
          [
            48.558098,
            29.767618
          ],
          [
            48.56715,
            29.75708
          ],
          [
            48.574024,
            29.738644
          ],
          [
            48.583218,
            29.728617
          ],
          [
            48.586838,
            29.716394
          ],
          [
            48.590939,
            29.713614
          ],
          [
            48.595108,
            29.702267
          ],
          [
            48.600254,
            29.693834
          ],
          [
            48.605961,
            29.683098
          ],
          [
            48.624271,
            29.653542
          ],
          [
            48.626907,
            29.649118
          ],
          [
            48.63047,
            29.643227
          ],
          [
            48.665169,
            29.582018
          ],
          [
            48.694569,
            29.550013
          ],
          [
            48.706188,
            29.512915
          ],
          [
            48.712334,
            29.50106
          ],
          [
            48.721333,
            29.482965
          ],
          [
            48.723072,
            29.477842
          ],
          [
            48.732632,
            29.458971
          ],
          [
            48.737011,
            29.454704
          ],
          [
            48.762764,
            29.408962
          ],
          [
            48.806778,
            29.336533
          ],
          [
            48.841938,
            29.275255
          ],
          [
            48.865704,
            29.231817
          ],
          [
            48.868458,
            29.227238
          ],
          [
            48.870934,
            29.222837
          ],
          [
            48.873016,
            29.219936
          ],
          [
            48.876823,
            29.21381
          ],
          [
            48.879173,
            29.209742
          ],
          [
            48.882042,
            29.204615
          ],
          [
            48.884277,
            29.200794
          ],
          [
            48.886795,
            29.196281
          ],
          [
            48.889767,
            29.190918
          ],
          [
            48.893295,
            29.185108
          ],
          [
            48.895317,
            29.180281
          ],
          [
            48.897903,
            29.17729
          ],
          [
            48.900131,
            29.173664
          ],
          [
            48.903976,
            29.167519
          ],
          [
            48.906162,
            29.164032
          ],
          [
            48.909138,
            29.159758
          ],
          [
            48.912758,
            29.154846
          ],
          [
            48.915764,
            29.15115
          ],
          [
            48.919926,
            29.145954
          ],
          [
            48.924042,
            29.140938
          ],
          [
            48.926357,
            29.13813
          ],
          [
            48.929092,
            29.135061
          ],
          [
            48.934269,
            29.128738
          ],
          [
            48.93642,
            29.126415
          ],
          [
            48.950993,
            29.109131
          ],
          [
            48.957432,
            29.105356
          ],
          [
            48.959923,
            29.100946
          ],
          [
            48.963692,
            29.096861
          ],
          [
            48.967789,
            29.093039
          ],
          [
            48.972378,
            29.088326
          ],
          [
            48.975811,
            29.08486
          ],
          [
            48.982479,
            29.078373
          ],
          [
            48.987282,
            29.073425
          ],
          [
            48.989067,
            29.071444
          ],
          [
            48.9935,
            29.066097
          ],
          [
            48.99939,
            29.060873
          ],
          [
            49.004951,
            29.055279
          ],
          [
            49.008362,
            29.052288
          ],
          [
            49.012939,
            29.048002
          ],
          [
            49.015263,
            29.045597
          ],
          [
            49.01907,
            29.041374
          ],
          [
            49.022888,
            29.037701
          ],
          [
            49.026417,
            29.034653
          ],
          [
            49.030811,
            29.030148
          ],
          [
            49.033833,
            29.027266
          ],
          [
            49.039253,
            29.020767
          ],
          [
            49.046265,
            29.014349
          ],
          [
            49.052158,
            29.007969
          ],
          [
            49.055737,
            29.004234
          ],
          [
            49.060596,
            28.999096
          ],
          [
            49.064228,
            28.995121
          ],
          [
            49.067375,
            28.991646
          ],
          [
            49.072025,
            28.986814
          ],
          [
            49.076103,
            28.98241
          ],
          [
            49.079353,
            28.978901
          ],
          [
            49.083778,
            28.974335
          ],
          [
            49.087036,
            28.971025
          ],
          [
            49.091938,
            28.966072
          ],
          [
            49.096031,
            28.962585
          ],
          [
            49.099274,
            28.958736
          ],
          [
            49.103844,
            28.953913
          ],
          [
            49.107025,
            28.949961
          ],
          [
            49.111679,
            28.94544
          ],
          [
            49.11446,
            28.942747
          ],
          [
            49.117577,
            28.939894
          ],
          [
            49.121777,
            28.935387
          ],
          [
            49.129581,
            28.927603
          ],
          [
            49.132504,
            28.924303
          ],
          [
            49.137024,
            28.919825
          ],
          [
            49.140564,
            28.916153
          ],
          [
            49.143177,
            28.91378
          ],
          [
            49.148342,
            28.908165
          ],
          [
            49.151264,
            28.905518
          ],
          [
            49.156921,
            28.899715
          ],
          [
            49.160786,
            28.896053
          ],
          [
            49.168415,
            28.887678
          ],
          [
            49.173145,
            28.883352
          ],
          [
            49.178188,
            28.878603
          ],
          [
            49.181358,
            28.874474
          ],
          [
            49.183754,
            28.872025
          ],
          [
            49.188148,
            28.867392
          ],
          [
            49.192596,
            28.862608
          ],
          [
            49.197369,
            28.858215
          ],
          [
            49.199265,
            28.85618
          ],
          [
            49.203613,
            28.852354
          ],
          [
            49.206306,
            28.848852
          ],
          [
            49.214447,
            28.843405
          ],
          [
            49.217644,
            28.838512
          ],
          [
            49.220882,
            28.8353
          ],
          [
            49.226162,
            28.830576
          ],
          [
            49.230606,
            28.826479
          ],
          [
            49.23402,
            28.823349
          ],
          [
            49.237167,
            28.820469
          ],
          [
            49.240337,
            28.817411
          ],
          [
            49.244713,
            28.813087
          ],
          [
            49.250038,
            28.807497
          ],
          [
            49.251522,
            28.805101
          ],
          [
            49.260147,
            28.79837
          ],
          [
            49.263508,
            28.795353
          ],
          [
            49.26749,
            28.791092
          ],
          [
            49.272072,
            28.789494
          ],
          [
            49.274334,
            28.784908
          ],
          [
            49.277802,
            28.781319
          ],
          [
            49.283245,
            28.775846
          ],
          [
            49.286201,
            28.772871
          ],
          [
            49.289917,
            28.769291
          ],
          [
            49.294804,
            28.764879
          ],
          [
            49.297115,
            28.762581
          ],
          [
            49.30172,
            28.758081
          ],
          [
            49.304726,
            28.755127
          ],
          [
            49.308594,
            28.751331
          ],
          [
            49.312057,
            28.747934
          ],
          [
            49.318054,
            28.741043
          ],
          [
            49.324646,
            28.736927
          ],
          [
            49.3269,
            28.733555
          ],
          [
            49.330444,
            28.729683
          ],
          [
            49.334953,
            28.725224
          ],
          [
            49.340263,
            28.719883
          ],
          [
            49.346718,
            28.713184
          ],
          [
            49.354458,
            28.706741
          ],
          [
            49.358063,
            28.701738
          ],
          [
            49.368191,
            28.691942
          ],
          [
            49.371716,
            28.688616
          ],
          [
            49.373936,
            28.6868
          ],
          [
            49.378231,
            28.682323
          ],
          [
            49.381413,
            28.678862
          ],
          [
            49.387913,
            28.673214
          ],
          [
            49.391106,
            28.669729
          ],
          [
            49.398598,
            28.66457
          ],
          [
            49.403934,
            28.657495
          ],
          [
            49.407604,
            28.654406
          ],
          [
            49.41264,
            28.649181
          ],
          [
            49.416817,
            28.643883
          ],
          [
            49.423042,
            28.638535
          ],
          [
            49.426594,
            28.63438
          ],
          [
            49.431068,
            28.632593
          ],
          [
            49.435127,
            28.628111
          ],
          [
            49.439594,
            28.624199
          ],
          [
            49.44466,
            28.620123
          ],
          [
            49.451767,
            28.614532
          ],
          [
            49.456249,
            28.61141
          ],
          [
            49.461044,
            28.608109
          ],
          [
            49.466129,
            28.604654
          ],
          [
            49.471462,
            28.601023
          ],
          [
            49.47699,
            28.598049
          ],
          [
            49.482071,
            28.594944
          ],
          [
            49.486431,
            28.591787
          ],
          [
            49.492146,
            28.588665
          ],
          [
            49.496498,
            28.586149
          ],
          [
            49.502155,
            28.582497
          ],
          [
            49.506355,
            28.580019
          ],
          [
            49.512455,
            28.576408
          ],
          [
            49.519188,
            28.572618
          ],
          [
            49.521477,
            28.571379
          ],
          [
            49.526081,
            28.568766
          ],
          [
            49.53196,
            28.56617
          ],
          [
            49.536457,
            28.563396
          ],
          [
            49.542728,
            28.559385
          ],
          [
            49.549355,
            28.556635
          ],
          [
            49.552891,
            28.55542
          ],
          [
            49.557945,
            28.55228
          ],
          [
            49.564823,
            28.548424
          ],
          [
            49.567303,
            28.547058
          ],
          [
            49.572304,
            28.544428
          ],
          [
            49.577728,
            28.541479
          ],
          [
            49.58511,
            28.537601
          ],
          [
            49.590755,
            28.53476
          ],
          [
            49.595352,
            28.532421
          ],
          [
            49.598694,
            28.530804
          ],
          [
            49.605892,
            28.527313
          ],
          [
            49.613647,
            28.522955
          ],
          [
            49.618935,
            28.520325
          ],
          [
            49.625023,
            28.517189
          ],
          [
            49.631176,
            28.513821
          ],
          [
            49.636391,
            28.51133
          ],
          [
            49.641869,
            28.508419
          ],
          [
            49.646568,
            28.505939
          ],
          [
            49.65276,
            28.502798
          ],
          [
            49.656906,
            28.500517
          ],
          [
            49.66346,
            28.496943
          ],
          [
            49.668861,
            28.493889
          ],
          [
            49.674347,
            28.490917
          ],
          [
            49.678959,
            28.488449
          ],
          [
            49.685192,
            28.485073
          ],
          [
            49.689117,
            28.482986
          ],
          [
            49.69384,
            28.480553
          ],
          [
            49.699162,
            28.477152
          ],
          [
            49.709171,
            28.471947
          ],
          [
            49.715794,
            28.468653
          ],
          [
            49.719818,
            28.466335
          ],
          [
            49.72813,
            28.46139
          ],
          [
            49.733646,
            28.458721
          ],
          [
            49.737335,
            28.456743
          ],
          [
            49.744595,
            28.452841
          ],
          [
            49.749428,
            28.450081
          ],
          [
            49.755405,
            28.447027
          ],
          [
            49.758827,
            28.445156
          ],
          [
            49.766293,
            28.440998
          ],
          [
            49.774288,
            28.43535
          ],
          [
            49.778744,
            28.43247
          ],
          [
            49.783646,
            28.429314
          ],
          [
            49.791019,
            28.424265
          ],
          [
            49.795261,
            28.420704
          ],
          [
            49.799809,
            28.417145
          ],
          [
            49.803825,
            28.413765
          ],
          [
            49.808735,
            28.409542
          ],
          [
            49.812622,
            28.406116
          ],
          [
            49.815845,
            28.403112
          ],
          [
            49.819588,
            28.39917
          ],
          [
            49.821957,
            28.396214
          ],
          [
            49.826675,
            28.391985
          ],
          [
            49.829708,
            28.388561
          ],
          [
            49.83453,
            28.383362
          ],
          [
            49.836899,
            28.380745
          ],
          [
            49.84087,
            28.376347
          ],
          [
            49.844055,
            28.372652
          ],
          [
            49.848248,
            28.367895
          ],
          [
            49.851185,
            28.364412
          ],
          [
            49.854702,
            28.360378
          ],
          [
            49.857628,
            28.35697
          ],
          [
            49.861221,
            28.352961
          ],
          [
            49.864731,
            28.348637
          ],
          [
            49.870628,
            28.34127
          ],
          [
            49.887302,
            28.319302
          ],
          [
            49.891434,
            28.314211
          ],
          [
            49.89325,
            28.311644
          ],
          [
            49.896732,
            28.307196
          ],
          [
            49.901161,
            28.301563
          ],
          [
            49.903946,
            28.297379
          ],
          [
            49.906841,
            28.293432
          ],
          [
            49.909706,
            28.290379
          ],
          [
            49.912128,
            28.286304
          ],
          [
            49.917709,
            28.279957
          ],
          [
            49.919807,
            28.277227
          ],
          [
            49.922962,
            28.272102
          ],
          [
            49.926819,
            28.267
          ],
          [
            49.929764,
            28.263203
          ],
          [
            49.935379,
            28.255976
          ],
          [
            49.937332,
            28.251877
          ],
          [
            49.941326,
            28.247585
          ],
          [
            49.944576,
            28.243095
          ],
          [
            49.948227,
            28.238485
          ],
          [
            49.95182,
            28.234243
          ],
          [
            49.955639,
            28.228964
          ],
          [
            49.958145,
            28.224682
          ],
          [
            49.961224,
            28.22044
          ],
          [
            49.965034,
            28.215767
          ],
          [
            49.968464,
            28.211306
          ],
          [
            49.972015,
            28.206781
          ],
          [
            49.976311,
            28.200802
          ],
          [
            49.980183,
            28.195589
          ],
          [
            49.984074,
            28.190252
          ],
          [
            49.98856,
            28.184481
          ],
          [
            50.021992,
            28.14126
          ],
          [
            50.024681,
            28.138159
          ],
          [
            50.031555,
            28.127216
          ],
          [
            50.036007,
            28.121666
          ],
          [
            50.041485,
            28.115431
          ],
          [
            50.043964,
            28.110725
          ],
          [
            50.047485,
            28.10784
          ],
          [
            50.050404,
            28.10323
          ],
          [
            50.053955,
            28.098768
          ],
          [
            50.056854,
            28.095072
          ],
          [
            50.059704,
            28.090435
          ],
          [
            50.06255,
            28.087934
          ],
          [
            50.066929,
            28.081623
          ],
          [
            50.070774,
            28.077316
          ],
          [
            50.073799,
            28.072969
          ],
          [
            50.078335,
            28.066471
          ],
          [
            50.079987,
            28.064476
          ],
          [
            50.084808,
            28.057674
          ],
          [
            50.089367,
            28.052666
          ],
          [
            50.092091,
            28.049324
          ],
          [
            50.094593,
            28.045872
          ],
          [
            50.098202,
            28.040894
          ],
          [
            50.102043,
            28.035618
          ],
          [
            50.105328,
            28.031307
          ],
          [
            50.109097,
            28.026363
          ],
          [
            50.111237,
            28.024063
          ],
          [
            50.115047,
            28.018595
          ],
          [
            50.11808,
            28.014467
          ],
          [
            50.121716,
            28.009867
          ],
          [
            50.124706,
            28.005945
          ],
          [
            50.12743,
            28.002659
          ],
          [
            50.130817,
            27.997292
          ],
          [
            50.136166,
            27.990372
          ],
          [
            50.139393,
            27.986118
          ],
          [
            50.142776,
            27.981668
          ],
          [
            50.145729,
            27.977772
          ],
          [
            50.14901,
            27.973581
          ],
          [
            50.152737,
            27.96841
          ],
          [
            50.15464,
            27.965664
          ],
          [
            50.158527,
            27.961609
          ],
          [
            50.1623,
            27.956617
          ],
          [
            50.163898,
            27.953661
          ],
          [
            50.167255,
            27.948864
          ],
          [
            50.169617,
            27.945709
          ],
          [
            50.174763,
            27.939539
          ],
          [
            50.178741,
            27.934244
          ],
          [
            50.180241,
            27.932249
          ],
          [
            50.183262,
            27.927982
          ],
          [
            50.187233,
            27.922714
          ],
          [
            50.189789,
            27.919464
          ],
          [
            50.193844,
            27.914371
          ],
          [
            50.195847,
            27.911413
          ],
          [
            50.199085,
            27.907421
          ],
          [
            50.203613,
            27.901445
          ],
          [
            50.205166,
            27.899426
          ],
          [
            50.208637,
            27.89473
          ],
          [
            50.211723,
            27.890705
          ],
          [
            50.215515,
            27.885908
          ],
          [
            50.218372,
            27.881439
          ],
          [
            50.221653,
            27.876928
          ],
          [
            50.223469,
            27.874413
          ],
          [
            50.226452,
            27.870428
          ],
          [
            50.229843,
            27.865913
          ],
          [
            50.249023,
            27.840464
          ],
          [
            50.251987,
            27.837181
          ],
          [
            50.255875,
            27.833113
          ],
          [
            50.257648,
            27.830536
          ],
          [
            50.260937,
            27.826263
          ],
          [
            50.264229,
            27.821791
          ],
          [
            50.267014,
            27.817936
          ],
          [
            50.270153,
            27.813618
          ],
          [
            50.273502,
            27.810072
          ],
          [
            50.276367,
            27.805124
          ],
          [
            50.28252,
            27.797043
          ],
          [
            50.285404,
            27.793148
          ],
          [
            50.290157,
            27.786545
          ],
          [
            50.292572,
            27.783289
          ],
          [
            50.295673,
            27.778791
          ],
          [
            50.29937,
            27.773993
          ],
          [
            50.301552,
            27.771467
          ],
          [
            50.304119,
            27.76775
          ],
          [
            50.307644,
            27.762918
          ],
          [
            50.310616,
            27.758806
          ],
          [
            50.314213,
            27.754013
          ],
          [
            50.317329,
            27.74971
          ],
          [
            50.319847,
            27.7463
          ],
          [
            50.322662,
            27.742599
          ],
          [
            50.326,
            27.738224
          ],
          [
            50.330009,
            27.733042
          ],
          [
            50.332306,
            27.730047
          ],
          [
            50.369286,
            27.681429
          ],
          [
            50.371838,
            27.678093
          ],
          [
            50.374466,
            27.674425
          ],
          [
            50.377377,
            27.670582
          ],
          [
            50.380463,
            27.666786
          ],
          [
            50.382992,
            27.66259
          ],
          [
            50.386211,
            27.658651
          ],
          [
            50.389095,
            27.654715
          ],
          [
            50.392864,
            27.649675
          ],
          [
            50.395405,
            27.646215
          ],
          [
            50.398758,
            27.641338
          ],
          [
            50.400963,
            27.638565
          ],
          [
            50.403721,
            27.634939
          ],
          [
            50.407204,
            27.630373
          ],
          [
            50.410007,
            27.626619
          ],
          [
            50.41259,
            27.623009
          ],
          [
            50.41552,
            27.618959
          ],
          [
            50.417923,
            27.6157
          ],
          [
            50.42078,
            27.61187
          ],
          [
            50.465,
            27.555758
          ],
          [
            50.506489,
            27.501503
          ],
          [
            50.549232,
            27.445799
          ],
          [
            50.590473,
            27.391073
          ],
          [
            50.631508,
            27.337099
          ],
          [
            50.675602,
            27.280222
          ],
          [
            50.71595,
            27.226477
          ],
          [
            50.75972,
            27.169857
          ],
          [
            50.811115,
            27.116688
          ],
          [
            50.866943,
            27.067968
          ],
          [
            50.918926,
            27.022432
          ],
          [
            50.948288,
            27.000534
          ],
          [
            50.956562,
            26.99501
          ],
          [
            50.965958,
            26.989082
          ],
          [
            50.978497,
            26.981472
          ],
          [
            50.981331,
            26.979866
          ],
          [
            50.985126,
            26.977592
          ],
          [
            51.055347,
            26.938793
          ],
          [
            51.121006,
            26.903069
          ],
          [
            51.186901,
            26.871056
          ],
          [
            51.191498,
            26.869362
          ],
          [
            51.195831,
            26.867807
          ],
          [
            51.200848,
            26.865948
          ],
          [
            51.20554,
            26.864286
          ],
          [
            51.210163,
            26.86274
          ],
          [
            51.214909,
            26.861143
          ],
          [
            51.219585,
            26.859667
          ],
          [
            51.290585,
            26.838329
          ],
          [
            51.361073,
            26.818672
          ],
          [
            51.374737,
            26.814022
          ],
          [
            51.37944,
            26.812376
          ],
          [
            51.384022,
            26.810965
          ],
          [
            51.388622,
            26.809532
          ],
          [
            51.393204,
            26.808151
          ],
          [
            51.39777,
            26.806814
          ],
          [
            51.40237,
            26.805368
          ],
          [
            51.406704,
            26.803873
          ],
          [
            51.411301,
            26.802391
          ],
          [
            51.415981,
            26.801041
          ],
          [
            51.420822,
            26.799553
          ],
          [
            51.490498,
            26.778799
          ],
          [
            51.53278,
            26.766682
          ],
          [
            51.536926,
            26.765285
          ],
          [
            51.541851,
            26.764126
          ],
          [
            51.546967,
            26.762835
          ],
          [
            51.551422,
            26.761808
          ],
          [
            51.555958,
            26.760773
          ],
          [
            51.560963,
            26.759506
          ],
          [
            51.565907,
            26.757727
          ],
          [
            51.570786,
            26.756174
          ],
          [
            51.57518,
            26.754795
          ],
          [
            51.579849,
            26.753351
          ],
          [
            51.584259,
            26.752048
          ],
          [
            51.588478,
            26.750063
          ],
          [
            51.593307,
            26.749043
          ],
          [
            51.59745,
            26.74711
          ],
          [
            51.601501,
            26.745169
          ],
          [
            51.606159,
            26.743856
          ],
          [
            51.611122,
            26.742464
          ],
          [
            51.615273,
            26.741201
          ],
          [
            51.620201,
            26.739845
          ],
          [
            51.624229,
            26.738207
          ],
          [
            51.629105,
            26.736732
          ],
          [
            51.633686,
            26.735317
          ],
          [
            51.638317,
            26.733919
          ],
          [
            51.643097,
            26.732634
          ],
          [
            51.647621,
            26.731152
          ],
          [
            51.652031,
            26.729633
          ],
          [
            51.656689,
            26.728388
          ],
          [
            51.661144,
            26.726826
          ],
          [
            51.666111,
            26.725353
          ],
          [
            51.670345,
            26.7241
          ],
          [
            51.678108,
            26.721811
          ],
          [
            51.680931,
            26.719995
          ],
          [
            51.686466,
            26.719595
          ],
          [
            51.691914,
            26.718245
          ],
          [
            51.695927,
            26.716223
          ],
          [
            51.700878,
            26.715193
          ],
          [
            51.705952,
            26.714315
          ],
          [
            51.710346,
            26.71286
          ],
          [
            51.714333,
            26.710987
          ],
          [
            51.718838,
            26.709736
          ],
          [
            51.723309,
            26.708242
          ],
          [
            51.727898,
            26.706875
          ],
          [
            51.732544,
            26.705801
          ],
          [
            51.738125,
            26.704538
          ],
          [
            51.74239,
            26.702911
          ],
          [
            51.746307,
            26.701584
          ],
          [
            51.751221,
            26.700106
          ],
          [
            51.755753,
            26.698736
          ],
          [
            51.760483,
            26.697666
          ],
          [
            51.764954,
            26.696203
          ],
          [
            51.769493,
            26.694601
          ],
          [
            51.774044,
            26.693213
          ],
          [
            51.778545,
            26.691877
          ],
          [
            51.783016,
            26.690575
          ],
          [
            51.852322,
            26.669779
          ],
          [
            51.920681,
            26.648573
          ],
          [
            51.955433,
            26.639742
          ],
          [
            51.958225,
            26.636383
          ],
          [
            51.962246,
            26.63513
          ],
          [
            51.966808,
            26.634804
          ],
          [
            51.971081,
            26.632391
          ],
          [
            51.975712,
            26.630495
          ],
          [
            51.979958,
            26.629181
          ],
          [
            51.984238,
            26.627846
          ],
          [
            51.988686,
            26.62624
          ],
          [
            51.993053,
            26.624842
          ],
          [
            51.997826,
            26.623175
          ],
          [
            52.002087,
            26.621864
          ],
          [
            52.006859,
            26.620295
          ],
          [
            52.011299,
            26.618942
          ],
          [
            52.015636,
            26.617537
          ],
          [
            52.020206,
            26.615833
          ],
          [
            52.024597,
            26.614433
          ],
          [
            52.029446,
            26.612745
          ],
          [
            52.033909,
            26.611422
          ],
          [
            52.038651,
            26.60976
          ],
          [
            52.04274,
            26.608416
          ],
          [
            52.047443,
            26.606955
          ],
          [
            52.051876,
            26.605463
          ],
          [
            52.05621,
            26.603968
          ],
          [
            52.060642,
            26.602514
          ],
          [
            52.065598,
            26.60095
          ],
          [
            52.06995,
            26.599411
          ],
          [
            52.074371,
            26.597969
          ],
          [
            52.078819,
            26.596464
          ],
          [
            52.083191,
            26.595051
          ],
          [
            52.148037,
            26.573996
          ],
          [
            52.152428,
            26.572565
          ],
          [
            52.156918,
            26.571005
          ],
          [
            52.16135,
            26.569771
          ],
          [
            52.165718,
            26.568382
          ],
          [
            52.170174,
            26.566923
          ],
          [
            52.17461,
            26.565491
          ],
          [
            52.179096,
            26.564043
          ],
          [
            52.183453,
            26.562624
          ],
          [
            52.18779,
            26.561247
          ],
          [
            52.193008,
            26.559547
          ],
          [
            52.197495,
            26.557844
          ],
          [
            52.201504,
            26.556765
          ],
          [
            52.206066,
            26.555138
          ],
          [
            52.210148,
            26.553732
          ],
          [
            52.214577,
            26.552385
          ],
          [
            52.218868,
            26.550947
          ],
          [
            52.222424,
            26.550299
          ],
          [
            52.227577,
            26.548023
          ],
          [
            52.231907,
            26.54661
          ],
          [
            52.236176,
            26.54513
          ],
          [
            52.240635,
            26.543688
          ],
          [
            52.245125,
            26.542238
          ],
          [
            52.24947,
            26.540827
          ],
          [
            52.253857,
            26.539421
          ],
          [
            52.258205,
            26.538136
          ],
          [
            52.262695,
            26.536568
          ],
          [
            52.266933,
            26.535175
          ],
          [
            52.271271,
            26.533737
          ],
          [
            52.277775,
            26.531612
          ],
          [
            52.283131,
            26.530409
          ],
          [
            52.28767,
            26.52832
          ],
          [
            52.292259,
            26.526733
          ],
          [
            52.296474,
            26.525528
          ],
          [
            52.300858,
            26.523769
          ],
          [
            52.304981,
            26.522594
          ],
          [
            52.309666,
            26.521099
          ],
          [
            52.313873,
            26.519777
          ],
          [
            52.318367,
            26.518251
          ],
          [
            52.322777,
            26.516764
          ],
          [
            52.327354,
            26.51528
          ],
          [
            52.331818,
            26.513819
          ],
          [
            52.336143,
            26.512421
          ],
          [
            52.340572,
            26.51096
          ],
          [
            52.344902,
            26.509527
          ],
          [
            52.34927,
            26.508194
          ],
          [
            52.353577,
            26.506748
          ],
          [
            52.357925,
            26.50528
          ],
          [
            52.362259,
            26.50383
          ],
          [
            52.366676,
            26.50263
          ],
          [
            52.371067,
            26.500576
          ],
          [
            52.375393,
            26.499397
          ],
          [
            52.379852,
            26.498098
          ],
          [
            52.384136,
            26.496552
          ],
          [
            52.389004,
            26.494783
          ],
          [
            52.393501,
            26.493423
          ],
          [
            52.398064,
            26.491964
          ],
          [
            52.402451,
            26.490572
          ],
          [
            52.406883,
            26.48905
          ],
          [
            52.41119,
            26.48772
          ],
          [
            52.415722,
            26.486248
          ],
          [
            52.419888,
            26.484848
          ],
          [
            52.42445,
            26.483326
          ],
          [
            52.428761,
            26.481974
          ],
          [
            52.43314,
            26.480532
          ],
          [
            52.437614,
            26.479017
          ],
          [
            52.44199,
            26.477579
          ],
          [
            52.446388,
            26.476101
          ],
          [
            52.450676,
            26.474705
          ],
          [
            52.472977,
            26.467529
          ],
          [
            52.476818,
            26.46637
          ],
          [
            52.481464,
            26.464857
          ],
          [
            52.485817,
            26.463331
          ],
          [
            52.490128,
            26.461914
          ],
          [
            52.494205,
            26.460526
          ],
          [
            52.499176,
            26.458778
          ],
          [
            52.503494,
            26.45718
          ],
          [
            52.508018,
            26.456202
          ],
          [
            52.512867,
            26.45471
          ],
          [
            52.523258,
            26.450981
          ],
          [
            52.528027,
            26.44949
          ],
          [
            52.532284,
            26.448002
          ],
          [
            52.537052,
            26.446453
          ],
          [
            52.541035,
            26.444668
          ],
          [
            52.545128,
            26.443739
          ],
          [
            52.549992,
            26.442215
          ],
          [
            52.554104,
            26.440794
          ],
          [
            52.558472,
            26.439306
          ],
          [
            52.562859,
            26.437868
          ],
          [
            52.567375,
            26.436344
          ],
          [
            52.571724,
            26.434883
          ],
          [
            52.575939,
            26.433273
          ],
          [
            52.580399,
            26.43202
          ],
          [
            52.584949,
            26.430449
          ],
          [
            52.589317,
            26.429035
          ],
          [
            52.593822,
            26.427603
          ],
          [
            52.598991,
            26.425804
          ],
          [
            52.60347,
            26.4244
          ],
          [
            52.607937,
            26.422922
          ],
          [
            52.612282,
            26.421478
          ],
          [
            52.616711,
            26.42013
          ],
          [
            52.621174,
            26.418653
          ],
          [
            52.625721,
            26.41707
          ],
          [
            52.630142,
            26.415495
          ],
          [
            52.634541,
            26.414167
          ],
          [
            52.639164,
            26.41267
          ],
          [
            52.707489,
            26.389849
          ],
          [
            52.739059,
            26.379446
          ],
          [
            52.76577,
            26.37009
          ],
          [
            52.770157,
            26.368885
          ],
          [
            52.775108,
            26.367195
          ],
          [
            52.779987,
            26.365488
          ],
          [
            52.783779,
            26.364294
          ],
          [
            52.78886,
            26.362762
          ],
          [
            52.792675,
            26.360498
          ],
          [
            52.797928,
            26.359747
          ],
          [
            52.802288,
            26.358206
          ],
          [
            52.806755,
            26.35677
          ],
          [
            52.811134,
            26.355177
          ],
          [
            52.815876,
            26.354189
          ],
          [
            52.823257,
            26.352478
          ],
          [
            52.829258,
            26.349146
          ],
          [
            52.833805,
            26.348488
          ],
          [
            52.838093,
            26.347675
          ],
          [
            52.843227,
            26.345018
          ],
          [
            52.847649,
            26.343306
          ],
          [
            52.852028,
            26.341822
          ],
          [
            52.856407,
            26.340384
          ],
          [
            52.860851,
            26.338919
          ],
          [
            52.865269,
            26.337465
          ],
          [
            52.869804,
            26.336031
          ],
          [
            52.874153,
            26.334641
          ],
          [
            52.87862,
            26.333099
          ],
          [
            52.883087,
            26.331972
          ],
          [
            52.887589,
            26.33033
          ],
          [
            52.891968,
            26.328779
          ],
          [
            52.896435,
            26.327377
          ],
          [
            52.901657,
            26.3256
          ],
          [
            52.906055,
            26.32402
          ],
          [
            52.91058,
            26.322557
          ],
          [
            52.915195,
            26.320942
          ],
          [
            52.919628,
            26.31946
          ],
          [
            52.924183,
            26.317854
          ],
          [
            52.928585,
            26.316277
          ],
          [
            52.932735,
            26.314268
          ],
          [
            52.938076,
            26.313509
          ],
          [
            52.942726,
            26.311577
          ],
          [
            52.946762,
            26.310101
          ],
          [
            52.952389,
            26.30854
          ],
          [
            52.956089,
            26.304419
          ],
          [
            52.959892,
            26.305468
          ],
          [
            52.964504,
            26.304419
          ],
          [
            52.96962,
            26.302433
          ],
          [
            52.973438,
            26.301052
          ],
          [
            52.977772,
            26.299852
          ],
          [
            52.98325,
            26.297966
          ],
          [
            52.987659,
            26.296736
          ],
          [
            52.991947,
            26.295088
          ],
          [
            52.99601,
            26.293724
          ],
          [
            53.005154,
            26.290705
          ],
          [
            53.009411,
            26.289276
          ],
          [
            53.016834,
            26.28623
          ],
          [
            53.022221,
            26.284634
          ],
          [
            53.025063,
            26.282768
          ],
          [
            53.02956,
            26.282501
          ],
          [
            53.035404,
            26.278608
          ],
          [
            53.040401,
            26.278696
          ],
          [
            53.045139,
            26.277298
          ],
          [
            53.049442,
            26.275892
          ],
          [
            53.054363,
            26.27417
          ],
          [
            53.058365,
            26.272881
          ],
          [
            53.063293,
            26.27116
          ],
          [
            53.067547,
            26.269796
          ],
          [
            53.059494,
            26.265406
          ],
          [
            53.083206,
            26.264404
          ],
          [
            53.099857,
            26.263136
          ],
          [
            53.115345,
            26.257074
          ],
          [
            53.156094,
            26.266527
          ],
          [
            53.140457,
            26.245378
          ],
          [
            53.153427,
            26.24061
          ],
          [
            53.161507,
            26.238623
          ],
          [
            53.16782,
            26.237251
          ],
          [
            53.171398,
            26.23514
          ],
          [
            53.176807,
            26.233265
          ],
          [
            53.183456,
            26.231712
          ],
          [
            53.188957,
            26.229263
          ],
          [
            53.195461,
            26.227747
          ],
          [
            53.205471,
            26.227192
          ],
          [
            53.206806,
            26.22323
          ],
          [
            53.212368,
            26.221453
          ],
          [
            53.216888,
            26.21965
          ],
          [
            53.225773,
            26.21697
          ],
          [
            53.232746,
            26.21468
          ],
          [
            53.237431,
            26.212769
          ],
          [
            53.255688,
            26.206459
          ],
          [
            53.265076,
            26.203575
          ],
          [
            53.273369,
            26.200495
          ],
          [
            53.284283,
            26.196833
          ],
          [
            53.287983,
            26.196482
          ],
          [
            53.292072,
            26.193756
          ],
          [
            53.296757,
            26.193521
          ],
          [
            53.300613,
            26.191656
          ],
          [
            53.304962,
            26.190493
          ],
          [
            53.310158,
            26.18833
          ],
          [
            53.313644,
            26.187504
          ],
          [
            53.318325,
            26.185711
          ],
          [
            53.322826,
            26.183466
          ],
          [
            53.327518,
            26.183069
          ],
          [
            53.331547,
            26.181271
          ],
          [
            53.335739,
            26.179466
          ],
          [
            53.340221,
            26.178661
          ],
          [
            53.346516,
            26.175306
          ],
          [
            53.351017,
            26.174246
          ],
          [
            53.356071,
            26.172384
          ],
          [
            53.359474,
            26.170248
          ],
          [
            53.368282,
            26.167063
          ],
          [
            53.37291,
            26.165689
          ],
          [
            53.377068,
            26.163555
          ],
          [
            53.383831,
            26.161312
          ],
          [
            53.386784,
            26.160484
          ],
          [
            53.394989,
            26.156658
          ],
          [
            53.40118,
            26.153477
          ],
          [
            53.412403,
            26.153112
          ],
          [
            53.410397,
            26.149765
          ],
          [
            53.415184,
            26.147898
          ],
          [
            53.419842,
            26.146233
          ],
          [
            53.424404,
            26.144169
          ],
          [
            53.433083,
            26.140648
          ],
          [
            53.43977,
            26.138477
          ],
          [
            53.44445,
            26.136021
          ],
          [
            53.448792,
            26.133625
          ],
          [
            53.454479,
            26.131315
          ],
          [
            53.463428,
            26.127512
          ],
          [
            53.468147,
            26.126451
          ],
          [
            53.473309,
            26.123814
          ],
          [
            53.480164,
            26.120365
          ],
          [
            53.486645,
            26.118158
          ],
          [
            53.491425,
            26.116316
          ],
          [
            53.495739,
            26.114422
          ],
          [
            53.506516,
            26.109543
          ],
          [
            53.515408,
            26.106573
          ],
          [
            53.531132,
            26.099842
          ],
          [
            53.546158,
            26.093313
          ],
          [
            53.562046,
            26.086691
          ],
          [
            53.572411,
            26.082666
          ],
          [
            53.57954,
            26.079693
          ],
          [
            53.583488,
            26.077852
          ],
          [
            53.602226,
            26.070324
          ],
          [
            53.61124,
            26.066574
          ],
          [
            53.617531,
            26.063663
          ],
          [
            53.621418,
            26.062159
          ],
          [
            53.657547,
            26.048115
          ],
          [
            53.660538,
            26.046728
          ],
          [
            53.669704,
            26.042923
          ],
          [
            53.676563,
            26.04034
          ],
          [
            53.682037,
            26.03756
          ],
          [
            53.690193,
            26.035067
          ],
          [
            53.69556,
            26.031647
          ],
          [
            53.703213,
            26.029163
          ],
          [
            53.707394,
            26.027527
          ],
          [
            53.72937,
            26.018312
          ],
          [
            53.736912,
            26.015099
          ],
          [
            53.748573,
            26.010517
          ],
          [
            53.779266,
            25.998657
          ],
          [
            53.792233,
            25.993923
          ],
          [
            53.801373,
            25.990437
          ],
          [
            53.814655,
            25.985153
          ],
          [
            53.822399,
            25.982271
          ],
          [
            53.827938,
            25.979631
          ],
          [
            53.833641,
            25.977974
          ],
          [
            53.837948,
            25.975803
          ],
          [
            53.842953,
            25.974766
          ],
          [
            53.847652,
            25.973
          ],
          [
            53.852207,
            25.971302
          ],
          [
            53.863735,
            25.96661
          ],
          [
            53.868423,
            25.964634
          ],
          [
            53.875179,
            25.962336
          ],
          [
            53.878174,
            25.961283
          ],
          [
            53.885757,
            25.958229
          ],
          [
            53.900425,
            25.952257
          ],
          [
            54.006767,
            25.92926
          ],
          [
            53.991028,
            25.916037
          ],
          [
            53.996918,
            25.909941
          ],
          [
            54.006794,
            25.908688
          ],
          [
            54.060795,
            25.885141
          ],
          [
            54.064846,
            25.883572
          ],
          [
            54.106335,
            25.863899
          ],
          [
            54.112007,
            25.862343
          ],
          [
            54.120956,
            25.86685
          ],
          [
            54.122959,
            25.860458
          ],
          [
            54.138382,
            25.851009
          ],
          [
            54.145847,
            25.848734
          ],
          [
            54.150303,
            25.846741
          ],
          [
            54.155777,
            25.84547
          ],
          [
            54.159935,
            25.845251
          ],
          [
            54.17046,
            25.842037
          ],
          [
            54.184505,
            25.839508
          ],
          [
            54.19183,
            25.839085
          ],
          [
            54.196808,
            25.836985
          ],
          [
            54.201233,
            25.835924
          ],
          [
            54.210243,
            25.810951
          ],
          [
            54.224171,
            25.809072
          ],
          [
            54.235065,
            25.807856
          ],
          [
            54.240818,
            25.807249
          ],
          [
            54.2542,
            25.805157
          ],
          [
            54.299145,
            25.821514
          ],
          [
            54.315617,
            25.818754
          ],
          [
            54.32093,
            25.818024
          ],
          [
            54.330128,
            25.816595
          ],
          [
            54.38493512,
            25.80634812
          ],
          [
            54.43974224,
            25.79610124
          ],
          [
            54.49454936,
            25.78585436
          ],
          [
            54.54935648,
            25.775607479999998
          ],
          [
            54.6041636,
            25.7653606
          ],
          [
            54.65897072,
            25.75511372
          ],
          [
            54.71377784,
            25.74486684
          ],
          [
            54.76858496,
            25.73461996
          ],
          [
            54.82339208,
            25.72437308
          ],
          [
            54.8781992,
            25.7141262
          ],
          [
            54.93300632,
            25.70387932
          ],
          [
            54.98781344,
            25.69363244
          ],
          [
            55.015217,
            25.688509
          ],
          [
            55.046272,
            25.676252
          ],
          [
            55.056156,
            25.670887
          ],
          [
            55.070847,
            25.663225
          ],
          [
            55.087395,
            25.654192
          ],
          [
            55.131454,
            25.629349
          ],
          [
            55.147778,
            25.620697
          ],
          [
            55.152733,
            25.618876
          ],
          [
            55.195702,
            25.595772
          ],
          [
            55.217957,
            25.58433
          ],
          [
            55.226498,
            25.579788
          ],
          [
            55.229256,
            25.578398
          ],
          [
            55.231956,
            25.576744
          ],
          [
            55.236393,
            25.573038
          ],
          [
            55.238602,
            25.572529
          ],
          [
            55.241516,
            25.57181
          ],
          [
            55.248993,
            25.568178
          ],
          [
            55.251415,
            25.566231
          ],
          [
            55.254578,
            25.562956
          ],
          [
            55.256996,
            25.564884
          ],
          [
            55.259777,
            25.561831
          ],
          [
            55.262672,
            25.560524
          ],
          [
            55.26614,
            25.562321
          ],
          [
            55.268425,
            25.557198
          ],
          [
            55.271515,
            25.555914
          ],
          [
            55.275551,
            25.554386
          ],
          [
            55.279133,
            25.552954
          ],
          [
            55.281803,
            25.549709
          ],
          [
            55.285679,
            25.549454
          ],
          [
            55.289738,
            25.545643
          ],
          [
            55.29187,
            25.544607
          ],
          [
            55.294205,
            25.547213
          ],
          [
            55.296673,
            25.545856
          ],
          [
            55.300228,
            25.543728
          ],
          [
            55.302166,
            25.541073
          ],
          [
            55.304985,
            25.53898
          ],
          [
            55.307232,
            25.537157
          ],
          [
            55.309998,
            25.537477
          ],
          [
            55.311874,
            25.536064
          ],
          [
            55.315037,
            25.534073
          ],
          [
            55.317642,
            25.533754
          ],
          [
            55.319744,
            25.530363
          ],
          [
            55.322453,
            25.530645
          ],
          [
            55.325951,
            25.527092
          ],
          [
            55.32819,
            25.524818
          ],
          [
            55.330708,
            25.524412
          ],
          [
            55.332954,
            25.523237
          ],
          [
            55.335056,
            25.522001
          ],
          [
            55.337769,
            25.522411
          ],
          [
            55.339855,
            25.519974
          ],
          [
            55.342579,
            25.522955
          ],
          [
            55.345238,
            25.51795
          ],
          [
            55.347687,
            25.515841
          ],
          [
            55.351303,
            25.51615
          ],
          [
            55.353569,
            25.512648
          ],
          [
            55.355354,
            25.511496
          ],
          [
            55.360569,
            25.507008
          ],
          [
            55.362835,
            25.504177
          ],
          [
            55.365555,
            25.505442
          ],
          [
            55.368568,
            25.505886
          ],
          [
            55.372887,
            25.500563
          ],
          [
            55.375435,
            25.495781
          ],
          [
            55.378273,
            25.489677
          ],
          [
            55.381222,
            25.492716
          ],
          [
            55.382725,
            25.488907
          ],
          [
            55.386753,
            25.491795
          ],
          [
            55.389744,
            25.486593
          ],
          [
            55.393188,
            25.487917
          ],
          [
            55.418461,
            25.460493
          ],
          [
            55.471695,
            25.444149
          ],
          [
            55.503532,
            25.421165
          ],
          [
            55.512455,
            25.420488
          ]
        ]
      },
      "properties": {
        "time_europe_berlin": [
          "23.11.2025 12:28:58",
          "23.11.2025 12:29:28",
          "23.11.2025 12:29:58",
          "23.11.2025 12:30:28",
          "23.11.2025 12:30:58",
          "23.11.2025 12:31:28",
          "23.11.2025 12:31:58",
          "23.11.2025 12:32:28",
          "23.11.2025 12:32:58",
          "23.11.2025 12:33:28",
          "23.11.2025 12:33:58",
          "23.11.2025 12:34:13",
          "23.11.2025 12:34:15",
          "23.11.2025 12:34:17",
          "23.11.2025 12:34:20",
          "23.11.2025 12:34:22",
          "23.11.2025 12:34:24",
          "23.11.2025 12:34:30",
          "23.11.2025 12:34:57",
          "23.11.2025 12:35:01",
          "23.11.2025 12:35:42",
          "23.11.2025 12:36:54",
          "23.11.2025 12:37:06",
          "23.11.2025 12:37:09",
          "23.11.2025 12:37:13",
          "23.11.2025 12:37:16",
          "23.11.2025 12:37:18",
          "23.11.2025 12:37:20",
          "23.11.2025 12:37:23",
          "23.11.2025 12:37:26",
          "23.11.2025 12:37:29",
          "23.11.2025 12:37:31",
          "23.11.2025 12:37:33",
          "23.11.2025 12:37:35",
          "23.11.2025 12:37:38",
          "23.11.2025 12:37:40",
          "23.11.2025 12:37:42",
          "23.11.2025 12:37:45",
          "23.11.2025 12:37:48",
          "23.11.2025 12:37:50",
          "23.11.2025 12:37:54",
          "23.11.2025 12:37:56",
          "23.11.2025 12:37:58",
          "23.11.2025 12:38:07",
          "23.11.2025 12:38:09",
          "23.11.2025 12:38:14",
          "23.11.2025 12:38:22",
          "23.11.2025 12:38:25",
          "23.11.2025 12:38:28",
          "23.11.2025 12:38:31",
          "23.11.2025 12:38:34",
          "23.11.2025 12:38:36",
          "23.11.2025 12:38:39",
          "23.11.2025 12:38:41",
          "23.11.2025 12:38:43",
          "23.11.2025 12:38:45",
          "23.11.2025 12:38:48",
          "23.11.2025 12:38:51",
          "23.11.2025 12:38:54",
          "23.11.2025 12:38:58",
          "23.11.2025 12:39:22",
          "23.11.2025 12:39:25",
          "23.11.2025 12:39:27",
          "23.11.2025 12:39:30",
          "23.11.2025 12:39:32",
          "23.11.2025 12:39:34",
          "23.11.2025 12:39:39",
          "23.11.2025 12:40:00",
          "23.11.2025 12:40:04",
          "23.11.2025 12:40:08",
          "23.11.2025 12:40:28",
          "23.11.2025 12:40:32",
          "23.11.2025 12:40:36",
          "23.11.2025 12:40:45",
          "23.11.2025 12:40:49",
          "23.11.2025 12:40:52",
          "23.11.2025 12:40:55",
          "23.11.2025 12:40:59",
          "23.11.2025 12:41:01",
          "23.11.2025 12:41:12",
          "23.11.2025 12:41:14",
          "23.11.2025 12:41:17",
          "23.11.2025 12:41:19",
          "23.11.2025 12:41:24",
          "23.11.2025 12:41:26",
          "23.11.2025 12:41:29",
          "23.11.2025 12:41:38",
          "23.11.2025 12:41:40",
          "23.11.2025 12:41:59",
          "23.11.2025 12:42:01",
          "23.11.2025 12:42:05",
          "23.11.2025 12:42:09",
          "23.11.2025 12:42:12",
          "23.11.2025 12:42:15",
          "23.11.2025 12:42:17",
          "23.11.2025 12:42:20",
          "23.11.2025 12:42:22",
          "23.11.2025 12:42:26",
          "23.11.2025 12:42:28",
          "23.11.2025 12:42:30",
          "23.11.2025 12:42:34",
          "23.11.2025 12:42:36",
          "23.11.2025 12:42:38",
          "23.11.2025 12:42:41",
          "23.11.2025 12:42:44",
          "23.11.2025 12:42:47",
          "23.11.2025 12:43:12",
          "23.11.2025 12:43:14",
          "23.11.2025 12:43:17",
          "23.11.2025 12:43:19",
          "23.11.2025 12:43:23",
          "23.11.2025 12:43:28",
          "23.11.2025 12:43:30",
          "23.11.2025 12:43:32",
          "23.11.2025 12:43:35",
          "23.11.2025 12:43:37",
          "23.11.2025 12:43:40",
          "23.11.2025 12:43:42",
          "23.11.2025 12:43:46",
          "23.11.2025 12:43:48",
          "23.11.2025 12:43:50",
          "23.11.2025 12:43:59",
          "23.11.2025 12:44:02",
          "23.11.2025 12:44:04",
          "23.11.2025 12:44:06",
          "23.11.2025 12:44:08",
          "23.11.2025 12:44:10",
          "23.11.2025 12:44:15",
          "23.11.2025 12:44:17",
          "23.11.2025 12:44:20",
          "23.11.2025 12:44:23",
          "23.11.2025 12:44:25",
          "23.11.2025 12:44:28",
          "23.11.2025 12:44:30",
          "23.11.2025 12:44:34",
          "23.11.2025 12:45:05",
          "23.11.2025 12:45:43",
          "23.11.2025 12:46:09",
          "23.11.2025 12:46:11",
          "23.11.2025 12:46:13",
          "23.11.2025 12:46:16",
          "23.11.2025 12:46:18",
          "23.11.2025 12:46:21",
          "23.11.2025 12:46:24",
          "23.11.2025 12:46:26",
          "23.11.2025 12:46:34",
          "23.11.2025 12:46:38",
          "23.11.2025 12:46:41",
          "23.11.2025 12:46:44",
          "23.11.2025 12:46:46",
          "23.11.2025 12:46:57",
          "23.11.2025 12:47:01",
          "23.11.2025 12:47:06",
          "23.11.2025 12:47:08",
          "23.11.2025 12:47:10",
          "23.11.2025 12:47:13",
          "23.11.2025 12:47:15",
          "23.11.2025 12:47:19",
          "23.11.2025 12:47:22",
          "23.11.2025 12:47:25",
          "23.11.2025 12:47:27",
          "23.11.2025 12:47:29",
          "23.11.2025 12:47:31",
          "23.11.2025 12:47:34",
          "23.11.2025 12:47:37",
          "23.11.2025 12:47:39",
          "23.11.2025 12:47:42",
          "23.11.2025 12:47:44",
          "23.11.2025 12:47:47",
          "23.11.2025 12:47:50",
          "23.11.2025 12:47:52",
          "23.11.2025 12:48:04",
          "23.11.2025 12:48:06",
          "23.11.2025 12:48:08",
          "23.11.2025 12:48:11",
          "23.11.2025 12:48:13",
          "23.11.2025 12:48:15",
          "23.11.2025 12:48:17",
          "23.11.2025 12:48:20",
          "23.11.2025 12:48:22",
          "23.11.2025 12:48:24",
          "23.11.2025 12:48:27",
          "23.11.2025 12:48:30",
          "23.11.2025 12:48:32",
          "23.11.2025 12:48:35",
          "23.11.2025 12:48:37",
          "23.11.2025 12:48:40",
          "23.11.2025 12:48:42",
          "23.11.2025 12:48:44",
          "23.11.2025 12:48:48",
          "23.11.2025 12:48:50",
          "23.11.2025 12:48:52",
          "23.11.2025 12:48:55",
          "23.11.2025 12:48:57",
          "23.11.2025 12:48:59",
          "23.11.2025 12:49:03",
          "23.11.2025 12:49:05",
          "23.11.2025 12:49:09",
          "23.11.2025 12:49:11",
          "23.11.2025 12:49:15",
          "23.11.2025 12:49:18",
          "23.11.2025 12:49:20",
          "23.11.2025 12:49:22",
          "23.11.2025 12:49:26",
          "23.11.2025 12:49:28",
          "23.11.2025 12:49:30",
          "23.11.2025 12:49:34",
          "23.11.2025 12:49:36",
          "23.11.2025 12:49:38",
          "23.11.2025 12:49:41",
          "23.11.2025 12:49:43",
          "23.11.2025 12:49:46",
          "23.11.2025 12:49:48",
          "23.11.2025 12:49:50",
          "23.11.2025 12:49:54",
          "23.11.2025 12:49:56",
          "23.11.2025 12:49:58",
          "23.11.2025 12:50:00",
          "23.11.2025 12:50:04",
          "23.11.2025 12:50:06",
          "23.11.2025 12:50:08",
          "23.11.2025 12:50:11",
          "23.11.2025 12:50:14",
          "23.11.2025 12:50:16",
          "23.11.2025 12:50:18",
          "23.11.2025 12:50:21",
          "23.11.2025 12:50:23",
          "23.11.2025 12:50:25",
          "23.11.2025 12:50:27",
          "23.11.2025 12:50:30",
          "23.11.2025 12:50:32",
          "23.11.2025 12:50:34",
          "23.11.2025 12:50:37",
          "23.11.2025 12:50:39",
          "23.11.2025 12:50:42",
          "23.11.2025 12:50:44",
          "23.11.2025 12:50:46",
          "23.11.2025 12:50:48",
          "23.11.2025 12:50:51",
          "23.11.2025 12:50:54",
          "23.11.2025 12:50:58",
          "23.11.2025 12:51:00",
          "23.11.2025 12:51:02",
          "23.11.2025 12:51:06",
          "23.11.2025 12:51:08",
          "23.11.2025 12:51:11",
          "23.11.2025 12:51:13",
          "23.11.2025 12:51:16",
          "23.11.2025 12:51:19",
          "23.11.2025 12:51:22",
          "23.11.2025 12:51:25",
          "23.11.2025 12:51:27",
          "23.11.2025 12:51:29",
          "23.11.2025 12:51:32",
          "23.11.2025 12:51:34",
          "23.11.2025 12:51:37",
          "23.11.2025 12:51:39",
          "23.11.2025 12:51:42",
          "23.11.2025 12:51:44",
          "23.11.2025 12:51:46",
          "23.11.2025 12:51:48",
          "23.11.2025 12:51:51",
          "23.11.2025 12:51:53",
          "23.11.2025 12:52:03",
          "23.11.2025 12:52:15",
          "23.11.2025 12:52:17",
          "23.11.2025 12:52:19",
          "23.11.2025 12:52:22",
          "23.11.2025 12:52:24",
          "23.11.2025 12:52:27",
          "23.11.2025 12:52:29",
          "23.11.2025 12:52:31",
          "23.11.2025 12:52:34",
          "23.11.2025 12:52:37",
          "23.11.2025 12:52:39",
          "23.11.2025 12:52:45",
          "23.11.2025 12:52:48",
          "23.11.2025 12:52:52",
          "23.11.2025 12:52:54",
          "23.11.2025 12:52:56",
          "23.11.2025 12:53:03",
          "23.11.2025 12:53:10",
          "23.11.2025 12:53:12",
          "23.11.2025 12:53:14",
          "23.11.2025 12:53:18",
          "23.11.2025 12:53:20",
          "23.11.2025 12:53:23",
          "23.11.2025 12:53:26",
          "23.11.2025 12:53:28",
          "23.11.2025 12:53:30",
          "23.11.2025 12:53:33",
          "23.11.2025 12:53:35",
          "23.11.2025 12:53:39",
          "23.11.2025 12:53:43",
          "23.11.2025 12:53:54",
          "23.11.2025 12:53:56",
          "23.11.2025 12:53:59",
          "23.11.2025 12:54:02",
          "23.11.2025 12:54:07",
          "23.11.2025 12:54:15",
          "23.11.2025 12:54:18",
          "23.11.2025 12:54:20",
          "23.11.2025 12:54:23",
          "23.11.2025 12:54:25",
          "23.11.2025 12:54:56",
          "23.11.2025 12:55:30",
          "23.11.2025 12:55:39",
          "23.11.2025 12:55:42",
          "23.11.2025 12:55:44",
          "23.11.2025 12:55:47",
          "23.11.2025 12:55:49",
          "23.11.2025 12:55:51",
          "23.11.2025 12:55:53",
          "23.11.2025 12:55:58",
          "23.11.2025 12:56:00",
          "23.11.2025 12:56:03",
          "23.11.2025 12:56:05",
          "23.11.2025 12:56:07",
          "23.11.2025 12:56:10",
          "23.11.2025 12:56:12",
          "23.11.2025 12:56:14",
          "23.11.2025 12:56:17",
          "23.11.2025 12:56:19",
          "23.11.2025 12:56:24",
          "23.11.2025 12:56:34",
          "23.11.2025 12:56:36",
          "23.11.2025 12:56:38",
          "23.11.2025 12:56:41",
          "23.11.2025 12:56:43",
          "23.11.2025 12:56:46",
          "23.11.2025 12:56:48",
          "23.11.2025 12:56:51",
          "23.11.2025 12:56:53",
          "23.11.2025 12:56:55",
          "23.11.2025 12:56:57",
          "23.11.2025 12:56:59",
          "23.11.2025 12:57:01",
          "23.11.2025 12:57:04",
          "23.11.2025 12:57:06",
          "23.11.2025 12:57:09",
          "23.11.2025 12:57:11",
          "23.11.2025 12:57:13",
          "23.11.2025 12:57:16",
          "23.11.2025 12:57:18",
          "23.11.2025 12:57:20",
          "23.11.2025 12:57:23",
          "23.11.2025 12:57:26",
          "23.11.2025 12:57:28",
          "23.11.2025 12:57:30",
          "23.11.2025 12:57:32",
          "23.11.2025 12:57:35",
          "23.11.2025 12:57:37",
          "23.11.2025 12:57:40",
          "23.11.2025 12:57:42",
          "23.11.2025 12:57:44",
          "23.11.2025 12:57:47",
          "23.11.2025 12:57:50",
          "23.11.2025 12:57:52",
          "23.11.2025 12:57:54",
          "23.11.2025 12:58:08",
          "23.11.2025 12:58:10",
          "23.11.2025 12:58:12",
          "23.11.2025 12:58:14",
          "23.11.2025 12:58:17",
          "23.11.2025 12:58:19",
          "23.11.2025 12:58:22",
          "23.11.2025 12:58:24",
          "23.11.2025 12:58:26",
          "23.11.2025 12:58:29",
          "23.11.2025 12:58:31",
          "23.11.2025 12:58:33",
          "23.11.2025 12:58:35",
          "23.11.2025 12:58:38",
          "23.11.2025 12:58:40",
          "23.11.2025 12:58:42",
          "23.11.2025 12:58:45",
          "23.11.2025 12:58:47",
          "23.11.2025 12:58:51",
          "23.11.2025 12:58:53",
          "23.11.2025 12:58:56",
          "23.11.2025 12:58:58",
          "23.11.2025 12:59:00",
          "23.11.2025 12:59:03",
          "23.11.2025 12:59:05",
          "23.11.2025 12:59:07",
          "23.11.2025 12:59:09",
          "23.11.2025 12:59:11",
          "23.11.2025 12:59:14",
          "23.11.2025 12:59:16",
          "23.11.2025 12:59:19",
          "23.11.2025 12:59:21",
          "23.11.2025 12:59:23",
          "23.11.2025 12:59:26",
          "23.11.2025 12:59:57",
          "23.11.2025 13:00:10",
          "23.11.2025 13:00:12",
          "23.11.2025 13:00:14",
          "23.11.2025 13:00:17",
          "23.11.2025 13:00:19",
          "23.11.2025 13:00:21",
          "23.11.2025 13:00:23",
          "23.11.2025 13:00:26",
          "23.11.2025 13:00:28",
          "23.11.2025 13:00:30",
          "23.11.2025 13:00:41",
          "23.11.2025 13:00:44",
          "23.11.2025 13:00:46",
          "23.11.2025 13:00:49",
          "23.11.2025 13:00:51",
          "23.11.2025 13:00:53",
          "23.11.2025 13:00:55",
          "23.11.2025 13:00:58",
          "23.11.2025 13:01:00",
          "23.11.2025 13:01:03",
          "23.11.2025 13:01:05",
          "23.11.2025 13:01:08",
          "23.11.2025 13:01:10",
          "23.11.2025 13:01:12",
          "23.11.2025 13:01:15",
          "23.11.2025 13:01:47",
          "23.11.2025 13:02:19",
          "23.11.2025 13:02:52",
          "23.11.2025 13:03:22",
          "23.11.2025 13:03:24",
          "23.11.2025 13:03:26",
          "23.11.2025 13:03:29",
          "23.11.2025 13:03:31",
          "23.11.2025 13:03:33",
          "23.11.2025 13:03:36",
          "23.11.2025 13:03:38",
          "23.11.2025 13:03:41",
          "23.11.2025 13:03:43",
          "23.11.2025 13:03:46",
          "23.11.2025 13:03:48",
          "23.11.2025 13:03:50",
          "23.11.2025 13:03:52",
          "23.11.2025 13:03:55",
          "23.11.2025 13:03:57",
          "23.11.2025 13:03:59",
          "23.11.2025 13:04:01",
          "23.11.2025 13:04:03",
          "23.11.2025 13:04:05",
          "23.11.2025 13:04:08",
          "23.11.2025 13:04:10",
          "23.11.2025 13:04:12",
          "23.11.2025 13:04:14",
          "23.11.2025 13:04:17",
          "23.11.2025 13:04:19",
          "23.11.2025 13:04:21",
          "23.11.2025 13:04:23",
          "23.11.2025 13:04:25",
          "23.11.2025 13:04:28",
          "23.11.2025 13:04:31",
          "23.11.2025 13:04:33",
          "23.11.2025 13:04:36",
          "23.11.2025 13:04:38",
          "23.11.2025 13:04:40",
          "23.11.2025 13:04:42",
          "23.11.2025 13:04:44",
          "23.11.2025 13:04:46",
          "23.11.2025 13:04:48",
          "23.11.2025 13:04:51",
          "23.11.2025 13:04:53",
          "23.11.2025 13:04:55",
          "23.11.2025 13:04:57",
          "23.11.2025 13:05:00",
          "23.11.2025 13:05:02",
          "23.11.2025 13:05:04",
          "23.11.2025 13:05:07",
          "23.11.2025 13:05:11",
          "23.11.2025 13:05:13",
          "23.11.2025 13:05:15",
          "23.11.2025 13:05:18",
          "23.11.2025 13:05:20",
          "23.11.2025 13:05:22",
          "23.11.2025 13:05:24",
          "23.11.2025 13:05:27",
          "23.11.2025 13:05:29",
          "23.11.2025 13:05:31",
          "23.11.2025 13:05:33",
          "23.11.2025 13:05:35",
          "23.11.2025 13:05:38",
          "23.11.2025 13:05:40",
          "23.11.2025 13:05:42",
          "23.11.2025 13:06:15",
          "23.11.2025 13:06:47",
          "23.11.2025 13:07:10",
          "23.11.2025 13:07:13",
          "23.11.2025 13:07:15",
          "23.11.2025 13:07:18",
          "23.11.2025 13:07:20",
          "23.11.2025 13:07:22",
          "23.11.2025 13:07:24",
          "23.11.2025 13:07:27",
          "23.11.2025 13:07:29",
          "23.11.2025 13:07:31",
          "23.11.2025 13:07:34",
          "23.11.2025 13:07:37",
          "23.11.2025 13:07:39",
          "23.11.2025 13:07:41",
          "23.11.2025 13:07:44",
          "23.11.2025 13:07:46",
          "23.11.2025 13:07:48",
          "23.11.2025 13:07:51",
          "23.11.2025 13:08:22",
          "23.11.2025 13:08:54",
          "23.11.2025 13:09:20",
          "23.11.2025 13:09:22",
          "23.11.2025 13:09:24",
          "23.11.2025 13:09:27",
          "23.11.2025 13:09:31",
          "23.11.2025 13:09:33",
          "23.11.2025 13:09:35",
          "23.11.2025 13:09:37",
          "23.11.2025 13:09:39",
          "23.11.2025 13:09:41",
          "23.11.2025 13:09:43",
          "23.11.2025 13:09:45",
          "23.11.2025 13:09:48",
          "23.11.2025 13:09:50",
          "23.11.2025 13:09:52",
          "23.11.2025 13:09:54",
          "23.11.2025 13:09:56",
          "23.11.2025 13:09:58",
          "23.11.2025 13:10:00",
          "23.11.2025 13:10:02",
          "23.11.2025 13:10:05",
          "23.11.2025 13:10:07",
          "23.11.2025 13:10:09",
          "23.11.2025 13:10:11",
          "23.11.2025 13:10:14",
          "23.11.2025 13:10:16",
          "23.11.2025 13:10:18",
          "23.11.2025 13:10:48",
          "23.11.2025 13:11:19",
          "23.11.2025 13:11:51",
          "23.11.2025 13:12:23",
          "23.11.2025 13:12:55",
          "23.11.2025 13:13:27",
          "23.11.2025 13:13:59",
          "23.11.2025 13:14:29",
          "23.11.2025 13:14:56",
          "23.11.2025 13:14:59",
          "23.11.2025 13:15:02",
          "23.11.2025 13:15:04",
          "23.11.2025 13:15:07",
          "23.11.2025 13:15:09",
          "23.11.2025 13:15:11",
          "23.11.2025 13:15:13",
          "23.11.2025 13:15:15",
          "23.11.2025 13:15:18",
          "23.11.2025 13:15:20",
          "23.11.2025 13:15:22",
          "23.11.2025 13:15:24",
          "23.11.2025 13:15:27",
          "23.11.2025 13:15:29",
          "23.11.2025 13:15:32",
          "23.11.2025 13:15:34",
          "23.11.2025 13:15:36",
          "23.11.2025 13:16:07",
          "23.11.2025 13:16:37",
          "23.11.2025 13:17:10",
          "23.11.2025 13:17:41",
          "23.11.2025 13:18:14",
          "23.11.2025 13:18:27",
          "23.11.2025 13:18:29",
          "23.11.2025 13:18:31",
          "23.11.2025 13:18:33",
          "23.11.2025 13:18:35",
          "23.11.2025 13:18:37",
          "23.11.2025 13:18:39",
          "23.11.2025 13:18:42",
          "23.11.2025 13:18:44",
          "23.11.2025 13:18:46",
          "23.11.2025 13:18:48",
          "23.11.2025 13:18:50",
          "23.11.2025 13:18:53",
          "23.11.2025 13:18:55",
          "23.11.2025 13:18:57",
          "23.11.2025 13:18:59",
          "23.11.2025 13:19:01",
          "23.11.2025 13:19:03",
          "23.11.2025 13:19:06",
          "23.11.2025 13:19:08",
          "23.11.2025 13:19:10",
          "23.11.2025 13:19:12",
          "23.11.2025 13:19:14",
          "23.11.2025 13:19:16",
          "23.11.2025 13:19:38",
          "23.11.2025 13:19:40",
          "23.11.2025 13:19:42",
          "23.11.2025 13:19:44",
          "23.11.2025 13:19:47",
          "23.11.2025 13:19:49",
          "23.11.2025 13:19:51",
          "23.11.2025 13:19:53",
          "23.11.2025 13:19:55",
          "23.11.2025 13:19:58",
          "23.11.2025 13:20:00",
          "23.11.2025 13:20:02",
          "23.11.2025 13:20:04",
          "23.11.2025 13:20:06",
          "23.11.2025 13:20:08",
          "23.11.2025 13:20:10",
          "23.11.2025 13:20:12",
          "23.11.2025 13:20:14",
          "23.11.2025 13:20:16",
          "23.11.2025 13:20:18",
          "23.11.2025 13:20:20",
          "23.11.2025 13:20:23",
          "23.11.2025 13:20:25",
          "23.11.2025 13:20:27",
          "23.11.2025 13:20:30",
          "23.11.2025 13:20:32",
          "23.11.2025 13:20:34",
          "23.11.2025 13:20:36",
          "23.11.2025 13:21:06",
          "23.11.2025 13:21:38",
          "23.11.2025 13:22:10",
          "23.11.2025 13:22:41",
          "23.11.2025 13:23:12",
          "23.11.2025 13:23:43",
          "23.11.2025 13:24:16",
          "23.11.2025 13:24:48",
          "23.11.2025 13:25:20",
          "23.11.2025 13:25:35",
          "23.11.2025 13:25:37",
          "23.11.2025 13:25:39",
          "23.11.2025 13:25:42",
          "23.11.2025 13:25:45",
          "23.11.2025 13:26:17",
          "23.11.2025 13:26:49",
          "23.11.2025 13:27:20",
          "23.11.2025 13:27:52",
          "23.11.2025 13:28:24",
          "23.11.2025 13:28:55",
          "23.11.2025 13:29:28",
          "23.11.2025 13:29:59",
          "23.11.2025 13:30:29",
          "23.11.2025 13:30:31",
          "23.11.2025 13:30:34",
          "23.11.2025 13:30:37",
          "23.11.2025 13:30:39",
          "23.11.2025 13:30:41",
          "23.11.2025 13:30:43",
          "23.11.2025 13:30:46",
          "23.11.2025 13:30:48",
          "23.11.2025 13:30:50",
          "23.11.2025 13:30:53",
          "23.11.2025 13:30:55",
          "23.11.2025 13:30:57",
          "23.11.2025 13:31:28",
          "23.11.2025 13:32:00",
          "23.11.2025 13:32:31",
          "23.11.2025 13:33:03",
          "23.11.2025 13:33:37",
          "23.11.2025 13:34:07",
          "23.11.2025 13:34:38",
          "23.11.2025 13:35:09",
          "23.11.2025 13:35:42",
          "23.11.2025 13:36:14",
          "23.11.2025 13:36:45",
          "23.11.2025 13:37:10",
          "23.11.2025 13:37:14",
          "23.11.2025 13:37:17",
          "23.11.2025 13:37:19",
          "23.11.2025 13:37:23",
          "23.11.2025 13:37:30",
          "23.11.2025 13:37:39",
          "23.11.2025 13:37:43",
          "23.11.2025 13:37:46",
          "23.11.2025 13:37:50",
          "23.11.2025 13:37:57",
          "23.11.2025 13:38:02",
          "23.11.2025 13:38:06",
          "23.11.2025 13:38:14",
          "23.11.2025 13:38:19",
          "23.11.2025 13:38:23",
          "23.11.2025 13:38:28",
          "23.11.2025 13:38:32",
          "23.11.2025 13:38:34",
          "23.11.2025 13:38:36",
          "23.11.2025 13:38:39",
          "23.11.2025 13:38:41",
          "23.11.2025 13:38:46",
          "23.11.2025 13:38:51",
          "23.11.2025 13:38:59",
          "23.11.2025 13:39:02",
          "23.11.2025 13:39:10",
          "23.11.2025 13:39:16",
          "23.11.2025 13:39:25",
          "23.11.2025 13:39:27",
          "23.11.2025 13:39:31",
          "23.11.2025 13:39:34",
          "23.11.2025 13:39:38",
          "23.11.2025 13:39:42",
          "23.11.2025 13:39:44",
          "23.11.2025 13:39:46",
          "23.11.2025 13:40:02",
          "23.11.2025 13:40:15",
          "23.11.2025 13:40:17",
          "23.11.2025 13:40:23",
          "23.11.2025 13:40:28",
          "23.11.2025 13:40:34",
          "23.11.2025 13:40:37",
          "23.11.2025 13:40:42",
          "23.11.2025 13:40:47",
          "23.11.2025 13:40:54",
          "23.11.2025 13:40:58",
          "23.11.2025 13:41:01",
          "23.11.2025 13:41:07",
          "23.11.2025 13:41:15",
          "23.11.2025 13:41:58",
          "23.11.2025 13:42:42",
          "23.11.2025 13:43:18",
          "23.11.2025 13:43:25",
          "23.11.2025 13:43:39",
          "23.11.2025 13:44:09",
          "23.11.2025 13:44:39",
          "23.11.2025 13:45:09",
          "23.11.2025 13:45:39",
          "23.11.2025 13:45:42",
          "23.11.2025 13:46:11",
          "23.11.2025 13:46:15",
          "23.11.2025 13:46:20",
          "23.11.2025 13:46:23",
          "23.11.2025 13:46:25",
          "23.11.2025 13:46:30",
          "23.11.2025 13:46:33",
          "23.11.2025 13:46:36",
          "23.11.2025 13:46:38",
          "23.11.2025 13:46:42",
          "23.11.2025 13:46:45",
          "23.11.2025 13:46:48",
          "23.11.2025 13:46:50",
          "23.11.2025 13:46:52",
          "23.11.2025 13:46:54",
          "23.11.2025 13:46:56",
          "23.11.2025 13:47:00",
          "23.11.2025 13:47:07",
          "23.11.2025 13:47:09",
          "23.11.2025 13:47:16",
          "23.11.2025 13:47:19",
          "23.11.2025 13:47:25",
          "23.11.2025 13:47:28",
          "23.11.2025 13:47:32",
          "23.11.2025 13:47:34",
          "23.11.2025 13:47:36",
          "23.11.2025 13:47:40",
          "23.11.2025 13:47:44",
          "23.11.2025 13:47:46",
          "23.11.2025 13:47:50",
          "23.11.2025 13:47:52",
          "23.11.2025 13:47:55",
          "23.11.2025 13:47:58",
          "23.11.2025 13:48:02",
          "23.11.2025 13:48:06",
          "23.11.2025 13:48:08",
          "23.11.2025 13:48:11",
          "23.11.2025 13:48:13",
          "23.11.2025 13:48:16",
          "23.11.2025 13:48:19",
          "23.11.2025 13:48:22",
          "23.11.2025 13:48:25",
          "23.11.2025 13:48:29",
          "23.11.2025 13:48:31",
          "23.11.2025 13:48:36",
          "23.11.2025 13:48:39",
          "23.11.2025 13:48:41",
          "23.11.2025 13:48:44",
          "23.11.2025 13:48:49",
          "23.11.2025 13:48:53",
          "23.11.2025 13:48:55",
          "23.11.2025 13:49:01",
          "23.11.2025 13:49:03",
          "23.11.2025 13:49:08",
          "23.11.2025 13:49:11",
          "23.11.2025 13:49:18",
          "23.11.2025 13:49:20",
          "23.11.2025 13:49:29",
          "23.11.2025 13:49:31",
          "23.11.2025 13:49:33",
          "23.11.2025 13:49:35",
          "23.11.2025 13:49:38",
          "23.11.2025 13:49:40",
          "23.11.2025 13:49:44",
          "23.11.2025 13:49:47",
          "23.11.2025 13:49:50",
          "23.11.2025 13:49:53",
          "23.11.2025 13:49:55",
          "23.11.2025 13:49:57",
          "23.11.2025 13:50:00",
          "23.11.2025 13:50:06",
          "23.11.2025 13:50:11",
          "23.11.2025 13:50:15",
          "23.11.2025 13:50:19",
          "23.11.2025 13:50:23",
          "23.11.2025 13:50:25",
          "23.11.2025 13:50:28",
          "23.11.2025 13:50:32",
          "23.11.2025 13:50:34",
          "23.11.2025 13:50:38",
          "23.11.2025 13:50:40",
          "23.11.2025 13:50:48",
          "23.11.2025 13:50:53",
          "23.11.2025 13:50:59",
          "23.11.2025 13:51:12",
          "23.11.2025 13:51:14",
          "23.11.2025 13:51:16",
          "23.11.2025 13:51:31",
          "23.11.2025 13:51:35",
          "23.11.2025 13:51:56",
          "23.11.2025 13:51:59",
          "23.11.2025 13:52:01",
          "23.11.2025 13:52:05",
          "23.11.2025 13:52:38",
          "23.11.2025 13:52:46",
          "23.11.2025 13:52:50",
          "23.11.2025 13:52:55",
          "23.11.2025 13:52:58",
          "23.11.2025 13:53:00",
          "23.11.2025 13:53:09",
          "23.11.2025 13:53:13",
          "23.11.2025 13:53:19",
          "23.11.2025 13:53:21",
          "23.11.2025 13:53:25",
          "23.11.2025 13:53:30",
          "23.11.2025 13:53:34",
          "23.11.2025 13:53:42",
          "23.11.2025 13:53:46",
          "23.11.2025 13:53:51",
          "23.11.2025 13:53:58",
          "23.11.2025 13:54:05",
          "23.11.2025 13:54:09",
          "23.11.2025 13:54:12",
          "23.11.2025 13:54:34",
          "23.11.2025 13:54:43",
          "23.11.2025 13:55:14",
          "23.11.2025 13:55:18",
          "23.11.2025 13:55:20",
          "23.11.2025 13:55:25",
          "23.11.2025 13:55:34",
          "23.11.2025 13:55:36",
          "23.11.2025 13:55:40",
          "23.11.2025 13:55:45",
          "23.11.2025 13:55:47",
          "23.11.2025 13:55:49",
          "23.11.2025 13:55:53",
          "23.11.2025 13:55:58",
          "23.11.2025 13:56:01",
          "23.11.2025 13:56:04",
          "23.11.2025 13:56:07",
          "23.11.2025 13:56:11",
          "23.11.2025 13:56:13",
          "23.11.2025 13:56:20",
          "23.11.2025 13:56:22",
          "23.11.2025 13:56:26",
          "23.11.2025 13:56:29",
          "23.11.2025 13:56:34",
          "23.11.2025 13:56:42",
          "23.11.2025 13:56:45",
          "23.11.2025 13:56:47",
          "23.11.2025 13:56:54",
          "23.11.2025 13:57:02",
          "23.11.2025 13:57:05",
          "23.11.2025 13:57:07",
          "23.11.2025 13:57:10",
          "23.11.2025 13:57:13",
          "23.11.2025 13:57:16",
          "23.11.2025 13:57:19",
          "23.11.2025 13:57:25",
          "23.11.2025 13:57:30",
          "23.11.2025 13:57:41",
          "23.11.2025 13:57:44",
          "23.11.2025 13:57:49",
          "23.11.2025 13:58:57",
          "23.11.2025 13:59:05",
          "23.11.2025 13:59:09",
          "23.11.2025 13:59:11",
          "23.11.2025 13:59:13",
          "23.11.2025 13:59:15",
          "23.11.2025 13:59:18",
          "23.11.2025 13:59:20",
          "23.11.2025 13:59:23",
          "23.11.2025 13:59:27",
          "23.11.2025 13:59:29",
          "23.11.2025 13:59:31",
          "23.11.2025 13:59:33",
          "23.11.2025 13:59:36",
          "23.11.2025 13:59:39",
          "23.11.2025 14:00:13",
          "23.11.2025 14:00:45",
          "23.11.2025 14:00:56",
          "23.11.2025 14:00:58",
          "23.11.2025 14:01:01",
          "23.11.2025 14:01:04",
          "23.11.2025 14:01:07",
          "23.11.2025 14:01:10",
          "23.11.2025 14:01:13",
          "23.11.2025 14:01:15",
          "23.11.2025 14:01:17",
          "23.11.2025 14:01:19",
          "23.11.2025 14:01:22",
          "23.11.2025 14:01:24",
          "23.11.2025 14:01:28",
          "23.11.2025 14:01:30",
          "23.11.2025 14:01:33",
          "23.11.2025 14:01:35",
          "23.11.2025 14:01:37",
          "23.11.2025 14:01:39",
          "23.11.2025 14:01:41",
          "23.11.2025 14:01:44",
          "23.11.2025 14:01:49",
          "23.11.2025 14:01:52",
          "23.11.2025 14:01:54",
          "23.11.2025 14:02:00",
          "23.11.2025 14:02:04",
          "23.11.2025 14:02:28",
          "23.11.2025 14:02:51",
          "23.11.2025 14:02:54",
          "23.11.2025 14:02:56",
          "23.11.2025 14:03:00",
          "23.11.2025 14:03:10",
          "23.11.2025 14:03:12",
          "23.11.2025 14:03:15",
          "23.11.2025 14:03:18",
          "23.11.2025 14:03:21",
          "23.11.2025 14:03:24",
          "23.11.2025 14:03:30",
          "23.11.2025 14:03:32",
          "23.11.2025 14:03:35",
          "23.11.2025 14:03:38",
          "23.11.2025 14:03:40",
          "23.11.2025 14:03:42",
          "23.11.2025 14:03:46",
          "23.11.2025 14:03:49",
          "23.11.2025 14:03:51",
          "23.11.2025 14:03:54",
          "23.11.2025 14:03:56",
          "23.11.2025 14:04:00",
          "23.11.2025 14:04:02",
          "23.11.2025 14:04:04",
          "23.11.2025 14:04:07",
          "23.11.2025 14:04:09",
          "23.11.2025 14:04:11",
          "23.11.2025 14:04:14",
          "23.11.2025 14:04:18",
          "23.11.2025 14:04:22",
          "23.11.2025 14:04:25",
          "23.11.2025 14:04:28",
          "23.11.2025 14:04:30",
          "23.11.2025 14:04:33",
          "23.11.2025 14:04:35",
          "23.11.2025 14:04:37",
          "23.11.2025 14:04:40",
          "23.11.2025 14:04:42",
          "23.11.2025 14:04:45",
          "23.11.2025 14:04:47",
          "23.11.2025 14:04:51",
          "23.11.2025 14:04:55",
          "23.11.2025 14:04:58",
          "23.11.2025 14:05:00",
          "23.11.2025 14:05:03",
          "23.11.2025 14:05:06",
          "23.11.2025 14:05:09",
          "23.11.2025 14:05:11",
          "23.11.2025 14:05:14",
          "23.11.2025 14:05:23",
          "23.11.2025 14:05:26",
          "23.11.2025 14:05:29",
          "23.11.2025 14:05:31",
          "23.11.2025 14:05:34",
          "23.11.2025 14:05:38",
          "23.11.2025 14:05:40",
          "23.11.2025 14:05:43",
          "23.11.2025 14:05:48",
          "23.11.2025 14:05:51",
          "23.11.2025 14:06:20",
          "23.11.2025 14:06:22",
          "23.11.2025 14:06:27",
          "23.11.2025 14:06:32",
          "23.11.2025 14:06:37",
          "23.11.2025 14:06:39",
          "23.11.2025 14:06:41",
          "23.11.2025 14:06:47",
          "23.11.2025 14:06:51",
          "23.11.2025 14:06:57",
          "23.11.2025 14:07:00",
          "23.11.2025 14:07:02",
          "23.11.2025 14:07:07",
          "23.11.2025 14:07:11",
          "23.11.2025 14:07:19",
          "23.11.2025 14:07:22",
          "23.11.2025 14:07:35",
          "23.11.2025 14:08:06",
          "23.11.2025 14:08:37",
          "23.11.2025 14:09:08",
          "23.11.2025 14:09:31",
          "23.11.2025 14:09:33",
          "23.11.2025 14:09:36",
          "23.11.2025 14:09:39",
          "23.11.2025 14:09:42",
          "23.11.2025 14:10:13",
          "23.11.2025 14:10:37",
          "23.11.2025 14:10:39",
          "23.11.2025 14:10:51",
          "23.11.2025 14:10:53",
          "23.11.2025 14:10:57",
          "23.11.2025 14:11:06",
          "23.11.2025 14:11:13",
          "23.11.2025 14:11:21",
          "23.11.2025 14:11:27",
          "23.11.2025 14:11:32",
          "23.11.2025 14:11:35",
          "23.11.2025 14:11:40",
          "23.11.2025 14:11:43",
          "23.11.2025 14:11:49",
          "23.11.2025 14:12:05",
          "23.11.2025 14:12:07",
          "23.11.2025 14:12:09",
          "23.11.2025 14:12:41",
          "23.11.2025 14:13:04",
          "23.11.2025 14:13:17",
          "23.11.2025 14:13:24",
          "23.11.2025 14:13:31",
          "23.11.2025 14:13:34",
          "23.11.2025 14:13:43",
          "23.11.2025 14:13:47",
          "23.11.2025 14:14:10",
          "23.11.2025 14:14:48",
          "23.11.2025 14:15:20",
          "23.11.2025 14:15:41",
          "23.11.2025 14:15:44",
          "23.11.2025 14:15:46",
          "23.11.2025 14:15:49",
          "23.11.2025 14:15:51",
          "23.11.2025 14:15:54",
          "23.11.2025 14:15:56",
          "23.11.2025 14:15:58",
          "23.11.2025 14:16:00",
          "23.11.2025 14:16:04",
          "23.11.2025 14:16:06",
          "23.11.2025 14:16:08",
          "23.11.2025 14:16:10",
          "23.11.2025 14:16:13",
          "23.11.2025 14:16:15",
          "23.11.2025 14:16:17",
          "23.11.2025 14:16:20",
          "23.11.2025 14:16:22",
          "23.11.2025 14:16:24",
          "23.11.2025 14:16:27",
          "23.11.2025 14:16:29",
          "23.11.2025 14:16:31",
          "23.11.2025 14:16:34",
          "23.11.2025 14:16:36",
          "23.11.2025 14:16:39",
          "23.11.2025 14:16:48",
          "23.11.2025 14:16:51",
          "23.11.2025 14:16:54",
          "23.11.2025 14:16:56",
          "23.11.2025 14:16:59",
          "23.11.2025 14:17:01",
          "23.11.2025 14:17:04",
          "23.11.2025 14:17:07",
          "23.11.2025 14:17:09",
          "23.11.2025 14:17:12",
          "23.11.2025 14:17:14",
          "23.11.2025 14:17:17",
          "23.11.2025 14:17:21",
          "23.11.2025 14:17:23",
          "23.11.2025 14:17:25",
          "23.11.2025 14:17:27",
          "23.11.2025 14:17:30",
          "23.11.2025 14:17:32",
          "23.11.2025 14:17:34",
          "23.11.2025 14:17:36",
          "23.11.2025 14:17:39",
          "23.11.2025 14:17:42",
          "23.11.2025 14:17:46",
          "23.11.2025 14:17:50",
          "23.11.2025 14:17:52",
          "23.11.2025 14:17:55",
          "23.11.2025 14:17:57",
          "23.11.2025 14:18:00",
          "23.11.2025 14:18:02",
          "23.11.2025 14:18:05",
          "23.11.2025 14:18:07",
          "23.11.2025 14:18:10",
          "23.11.2025 14:18:12",
          "23.11.2025 14:18:15",
          "23.11.2025 14:18:17",
          "23.11.2025 14:18:20",
          "23.11.2025 14:18:22",
          "23.11.2025 14:18:24",
          "23.11.2025 14:18:27",
          "23.11.2025 14:18:29",
          "23.11.2025 14:18:31",
          "23.11.2025 14:18:34",
          "23.11.2025 14:18:38",
          "23.11.2025 14:18:40",
          "23.11.2025 14:18:42",
          "23.11.2025 14:18:45",
          "23.11.2025 14:18:47",
          "23.11.2025 14:18:50",
          "23.11.2025 14:18:52",
          "23.11.2025 14:18:55",
          "23.11.2025 14:18:57",
          "23.11.2025 14:19:03",
          "23.11.2025 14:19:05",
          "23.11.2025 14:19:07",
          "23.11.2025 14:19:09",
          "23.11.2025 14:19:12",
          "23.11.2025 14:19:14",
          "23.11.2025 14:19:17",
          "23.11.2025 14:19:19",
          "23.11.2025 14:19:21",
          "23.11.2025 14:19:24",
          "23.11.2025 14:19:26",
          "23.11.2025 14:19:30",
          "23.11.2025 14:19:32",
          "23.11.2025 14:19:35",
          "23.11.2025 14:19:37",
          "23.11.2025 14:19:39",
          "23.11.2025 14:19:41",
          "23.11.2025 14:19:44",
          "23.11.2025 14:19:46",
          "23.11.2025 14:19:49",
          "23.11.2025 14:19:51",
          "23.11.2025 14:19:53",
          "23.11.2025 14:19:57",
          "23.11.2025 14:19:59",
          "23.11.2025 14:20:01",
          "23.11.2025 14:20:04",
          "23.11.2025 14:20:06",
          "23.11.2025 14:20:09",
          "23.11.2025 14:20:11",
          "23.11.2025 14:20:13",
          "23.11.2025 14:20:15",
          "23.11.2025 14:20:17",
          "23.11.2025 14:20:19",
          "23.11.2025 14:20:22",
          "23.11.2025 14:20:24",
          "23.11.2025 14:20:26",
          "23.11.2025 14:20:29",
          "23.11.2025 14:20:33",
          "23.11.2025 14:20:35",
          "23.11.2025 14:20:37",
          "23.11.2025 14:20:40",
          "23.11.2025 14:20:43",
          "23.11.2025 14:20:45",
          "23.11.2025 14:20:49",
          "23.11.2025 14:20:54",
          "23.11.2025 14:20:56",
          "23.11.2025 14:21:02",
          "23.11.2025 14:21:04",
          "23.11.2025 14:21:06",
          "23.11.2025 14:21:08",
          "23.11.2025 14:21:11",
          "23.11.2025 14:21:14",
          "23.11.2025 14:21:16",
          "23.11.2025 14:21:20",
          "23.11.2025 14:21:23",
          "23.11.2025 14:21:25",
          "23.11.2025 14:21:29",
          "23.11.2025 14:21:32",
          "23.11.2025 14:21:35",
          "23.11.2025 14:21:37",
          "23.11.2025 14:21:40",
          "23.11.2025 14:21:43",
          "23.11.2025 14:21:45",
          "23.11.2025 14:21:48",
          "23.11.2025 14:21:51",
          "23.11.2025 14:21:54",
          "23.11.2025 14:21:56",
          "23.11.2025 14:21:58",
          "23.11.2025 14:22:01",
          "23.11.2025 14:22:04",
          "23.11.2025 14:22:06",
          "23.11.2025 14:22:09",
          "23.11.2025 14:22:11",
          "23.11.2025 14:22:14",
          "23.11.2025 14:22:16",
          "23.11.2025 14:22:19",
          "23.11.2025 14:22:21",
          "23.11.2025 14:22:23",
          "23.11.2025 14:22:25",
          "23.11.2025 14:22:28",
          "23.11.2025 14:22:30",
          "23.11.2025 14:22:33",
          "23.11.2025 14:22:35",
          "23.11.2025 14:22:37",
          "23.11.2025 14:22:40",
          "23.11.2025 14:22:43",
          "23.11.2025 14:22:45",
          "23.11.2025 14:22:47",
          "23.11.2025 14:22:49",
          "23.11.2025 14:22:51",
          "23.11.2025 14:22:55",
          "23.11.2025 14:22:57",
          "23.11.2025 14:22:59",
          "23.11.2025 14:23:01",
          "23.11.2025 14:23:05",
          "23.11.2025 14:23:08",
          "23.11.2025 14:23:11",
          "23.11.2025 14:23:14",
          "23.11.2025 14:23:16",
          "23.11.2025 14:23:19",
          "23.11.2025 14:23:21",
          "23.11.2025 14:23:24",
          "23.11.2025 14:23:26",
          "23.11.2025 14:23:28",
          "23.11.2025 14:23:32",
          "23.11.2025 14:23:34",
          "23.11.2025 14:23:37",
          "23.11.2025 14:23:39",
          "23.11.2025 14:23:41",
          "23.11.2025 14:23:44",
          "23.11.2025 14:23:46",
          "23.11.2025 14:23:48",
          "23.11.2025 14:23:53",
          "23.11.2025 14:23:56",
          "23.11.2025 14:23:58",
          "23.11.2025 14:24:01",
          "23.11.2025 14:24:04",
          "23.11.2025 14:24:06",
          "23.11.2025 14:24:10",
          "23.11.2025 14:24:12",
          "23.11.2025 14:24:14",
          "23.11.2025 14:24:16",
          "23.11.2025 14:24:20",
          "23.11.2025 14:24:24",
          "23.11.2025 14:24:26",
          "23.11.2025 14:24:29",
          "23.11.2025 14:24:32",
          "23.11.2025 14:24:35",
          "23.11.2025 14:24:38",
          "23.11.2025 14:24:40",
          "23.11.2025 14:24:42",
          "23.11.2025 14:24:45",
          "23.11.2025 14:24:47",
          "23.11.2025 14:24:49",
          "23.11.2025 14:24:51",
          "23.11.2025 14:24:53",
          "23.11.2025 14:24:55",
          "23.11.2025 14:24:58",
          "23.11.2025 14:25:00",
          "23.11.2025 14:25:02",
          "23.11.2025 14:25:05",
          "23.11.2025 14:25:07",
          "23.11.2025 14:25:09",
          "23.11.2025 14:25:11",
          "23.11.2025 14:25:14",
          "23.11.2025 14:25:16",
          "23.11.2025 14:25:19",
          "23.11.2025 14:25:22",
          "23.11.2025 14:25:34",
          "23.11.2025 14:25:37",
          "23.11.2025 14:25:39",
          "23.11.2025 14:25:41",
          "23.11.2025 14:25:44",
          "23.11.2025 14:25:46",
          "23.11.2025 14:25:48",
          "23.11.2025 14:25:50",
          "23.11.2025 14:25:53",
          "23.11.2025 14:25:56",
          "23.11.2025 14:25:58",
          "23.11.2025 14:26:01",
          "23.11.2025 14:26:03",
          "23.11.2025 14:26:05",
          "23.11.2025 14:26:09",
          "23.11.2025 14:26:11",
          "23.11.2025 14:26:13",
          "23.11.2025 14:26:16",
          "23.11.2025 14:26:18",
          "23.11.2025 14:26:20",
          "23.11.2025 14:26:24",
          "23.11.2025 14:26:26",
          "23.11.2025 14:26:29",
          "23.11.2025 14:26:31",
          "23.11.2025 14:26:34",
          "23.11.2025 14:26:36",
          "23.11.2025 14:26:40",
          "23.11.2025 14:26:42",
          "23.11.2025 14:26:45",
          "23.11.2025 14:26:48",
          "23.11.2025 14:27:12",
          "23.11.2025 14:27:14",
          "23.11.2025 14:27:20",
          "23.11.2025 14:27:23",
          "23.11.2025 14:27:27",
          "23.11.2025 14:27:29",
          "23.11.2025 14:27:31",
          "23.11.2025 14:27:33",
          "23.11.2025 14:27:36",
          "23.11.2025 14:27:38",
          "23.11.2025 14:27:40",
          "23.11.2025 14:27:43",
          "23.11.2025 14:27:46",
          "23.11.2025 14:27:48",
          "23.11.2025 14:27:51",
          "23.11.2025 14:27:53",
          "23.11.2025 14:27:56",
          "23.11.2025 14:27:59",
          "23.11.2025 14:28:01",
          "23.11.2025 14:28:04",
          "23.11.2025 14:28:06",
          "23.11.2025 14:28:09",
          "23.11.2025 14:28:11",
          "23.11.2025 14:28:13",
          "23.11.2025 14:28:16",
          "23.11.2025 14:28:18",
          "23.11.2025 14:28:21",
          "23.11.2025 14:28:23",
          "23.11.2025 14:28:26",
          "23.11.2025 14:28:28",
          "23.11.2025 14:28:30",
          "23.11.2025 14:28:32",
          "23.11.2025 14:28:37",
          "23.11.2025 14:28:39",
          "23.11.2025 14:28:42",
          "23.11.2025 14:28:44",
          "23.11.2025 14:28:47",
          "23.11.2025 14:28:49",
          "23.11.2025 14:28:51",
          "23.11.2025 14:28:53",
          "23.11.2025 14:28:56",
          "23.11.2025 14:28:58",
          "23.11.2025 14:29:00",
          "23.11.2025 14:29:03",
          "23.11.2025 14:29:06",
          "23.11.2025 14:29:08",
          "23.11.2025 14:29:10",
          "23.11.2025 14:29:12",
          "23.11.2025 14:29:15",
          "23.11.2025 14:29:17",
          "23.11.2025 14:29:20",
          "23.11.2025 14:29:22",
          "23.11.2025 14:29:24",
          "23.11.2025 14:29:26",
          "23.11.2025 14:29:29",
          "23.11.2025 14:29:31",
          "23.11.2025 14:29:33",
          "23.11.2025 14:29:36",
          "23.11.2025 14:29:38",
          "23.11.2025 14:29:40",
          "23.11.2025 14:29:42",
          "23.11.2025 14:29:45",
          "23.11.2025 14:29:47",
          "23.11.2025 14:30:01",
          "23.11.2025 14:30:03",
          "23.11.2025 14:30:06",
          "23.11.2025 14:30:08",
          "23.11.2025 14:30:10",
          "23.11.2025 14:30:12",
          "23.11.2025 14:30:15",
          "23.11.2025 14:30:17",
          "23.11.2025 14:30:19",
          "23.11.2025 14:30:22",
          "23.11.2025 14:30:25",
          "23.11.2025 14:30:29",
          "23.11.2025 14:30:32",
          "23.11.2025 14:30:34",
          "23.11.2025 14:30:37",
          "23.11.2025 14:30:39",
          "23.11.2025 14:30:41",
          "23.11.2025 14:30:43",
          "23.11.2025 14:30:46",
          "23.11.2025 14:30:48",
          "23.11.2025 14:30:50",
          "23.11.2025 14:30:52",
          "23.11.2025 14:30:55",
          "23.11.2025 14:30:57",
          "23.11.2025 14:30:59",
          "23.11.2025 14:31:02",
          "23.11.2025 14:31:04",
          "23.11.2025 14:31:31",
          "23.11.2025 14:31:33",
          "23.11.2025 14:31:36",
          "23.11.2025 14:31:38",
          "23.11.2025 14:31:40",
          "23.11.2025 14:31:42",
          "23.11.2025 14:31:44",
          "23.11.2025 14:31:47",
          "23.11.2025 14:31:49",
          "23.11.2025 14:31:51",
          "23.11.2025 14:31:53",
          "23.11.2025 14:31:56",
          "23.11.2025 14:31:58",
          "23.11.2025 14:32:00",
          "23.11.2025 14:32:02",
          "23.11.2025 14:32:04",
          "23.11.2025 14:32:06",
          "23.11.2025 14:32:09",
          "23.11.2025 14:32:11",
          "23.11.2025 14:32:42",
          "23.11.2025 14:33:14",
          "23.11.2025 14:33:45",
          "23.11.2025 14:34:16",
          "23.11.2025 14:34:47",
          "23.11.2025 14:35:19",
          "23.11.2025 14:35:50",
          "23.11.2025 14:36:22",
          "23.11.2025 14:36:55",
          "23.11.2025 14:37:27",
          "23.11.2025 14:37:57",
          "23.11.2025 14:38:13",
          "23.11.2025 14:38:17",
          "23.11.2025 14:38:22",
          "23.11.2025 14:38:27",
          "23.11.2025 14:38:29",
          "23.11.2025 14:38:32",
          "23.11.2025 14:39:05",
          "23.11.2025 14:39:37",
          "23.11.2025 14:40:08",
          "23.11.2025 14:40:10",
          "23.11.2025 14:40:12",
          "23.11.2025 14:40:14",
          "23.11.2025 14:40:16",
          "23.11.2025 14:40:19",
          "23.11.2025 14:40:21",
          "23.11.2025 14:40:23",
          "23.11.2025 14:40:54",
          "23.11.2025 14:41:24",
          "23.11.2025 14:41:30",
          "23.11.2025 14:41:32",
          "23.11.2025 14:41:34",
          "23.11.2025 14:41:37",
          "23.11.2025 14:41:39",
          "23.11.2025 14:41:41",
          "23.11.2025 14:41:43",
          "23.11.2025 14:41:45",
          "23.11.2025 14:41:47",
          "23.11.2025 14:41:49",
          "23.11.2025 14:41:51",
          "23.11.2025 14:42:21",
          "23.11.2025 14:42:40",
          "23.11.2025 14:42:42",
          "23.11.2025 14:42:44",
          "23.11.2025 14:42:46",
          "23.11.2025 14:42:48",
          "23.11.2025 14:42:50",
          "23.11.2025 14:42:52",
          "23.11.2025 14:42:54",
          "23.11.2025 14:42:56",
          "23.11.2025 14:42:58",
          "23.11.2025 14:43:00",
          "23.11.2025 14:43:02",
          "23.11.2025 14:43:04",
          "23.11.2025 14:43:06",
          "23.11.2025 14:43:08",
          "23.11.2025 14:43:10",
          "23.11.2025 14:43:12",
          "23.11.2025 14:43:14",
          "23.11.2025 14:43:16",
          "23.11.2025 14:43:18",
          "23.11.2025 14:43:21",
          "23.11.2025 14:43:23",
          "23.11.2025 14:43:25",
          "23.11.2025 14:43:27",
          "23.11.2025 14:43:29",
          "23.11.2025 14:43:31",
          "23.11.2025 14:43:33",
          "23.11.2025 14:43:35",
          "23.11.2025 14:43:37",
          "23.11.2025 14:43:39",
          "23.11.2025 14:43:41",
          "23.11.2025 14:43:44",
          "23.11.2025 14:43:46",
          "23.11.2025 14:43:48",
          "23.11.2025 14:43:50",
          "23.11.2025 14:43:52",
          "23.11.2025 14:43:54",
          "23.11.2025 14:43:56",
          "23.11.2025 14:43:58",
          "23.11.2025 14:44:00",
          "23.11.2025 14:44:02",
          "23.11.2025 14:44:04",
          "23.11.2025 14:44:06",
          "23.11.2025 14:44:08",
          "23.11.2025 14:44:10",
          "23.11.2025 14:44:12",
          "23.11.2025 14:44:14",
          "23.11.2025 14:44:17",
          "23.11.2025 14:44:19",
          "23.11.2025 14:44:21",
          "23.11.2025 14:44:23",
          "23.11.2025 14:44:25",
          "23.11.2025 14:44:27",
          "23.11.2025 14:44:29",
          "23.11.2025 14:44:31",
          "23.11.2025 14:45:02",
          "23.11.2025 14:45:32",
          "23.11.2025 14:45:47",
          "23.11.2025 14:45:49",
          "23.11.2025 14:45:51",
          "23.11.2025 14:45:53",
          "23.11.2025 14:45:55",
          "23.11.2025 14:45:57",
          "23.11.2025 14:45:59",
          "23.11.2025 14:46:01",
          "23.11.2025 14:46:03",
          "23.11.2025 14:46:05",
          "23.11.2025 14:46:07",
          "23.11.2025 14:46:09",
          "23.11.2025 14:46:11",
          "23.11.2025 14:46:13",
          "23.11.2025 14:46:15",
          "23.11.2025 14:46:17",
          "23.11.2025 14:46:19",
          "23.11.2025 14:46:21",
          "23.11.2025 14:46:23",
          "23.11.2025 14:46:25",
          "23.11.2025 14:46:27",
          "23.11.2025 14:46:30",
          "23.11.2025 14:46:32",
          "23.11.2025 14:46:34",
          "23.11.2025 14:46:36",
          "23.11.2025 14:46:38",
          "23.11.2025 14:46:40",
          "23.11.2025 14:46:42",
          "23.11.2025 14:46:44",
          "23.11.2025 14:46:46",
          "23.11.2025 14:47:15",
          "23.11.2025 14:47:17",
          "23.11.2025 14:47:19",
          "23.11.2025 14:47:21",
          "23.11.2025 14:47:23",
          "23.11.2025 14:47:26",
          "23.11.2025 14:47:28",
          "23.11.2025 14:47:30",
          "23.11.2025 14:47:32",
          "23.11.2025 14:47:34",
          "23.11.2025 14:47:36",
          "23.11.2025 14:47:38",
          "23.11.2025 14:47:40",
          "23.11.2025 14:47:42",
          "23.11.2025 14:47:44",
          "23.11.2025 14:47:46",
          "23.11.2025 14:47:48",
          "23.11.2025 14:47:50",
          "23.11.2025 14:47:52",
          "23.11.2025 14:47:54",
          "23.11.2025 14:47:56",
          "23.11.2025 14:47:58",
          "23.11.2025 14:48:00",
          "23.11.2025 14:48:02",
          "23.11.2025 14:48:04",
          "23.11.2025 14:48:06",
          "23.11.2025 14:48:08",
          "23.11.2025 14:48:10",
          "23.11.2025 14:48:12",
          "23.11.2025 14:48:14",
          "23.11.2025 14:48:17",
          "23.11.2025 14:48:19",
          "23.11.2025 14:48:22",
          "23.11.2025 14:48:24",
          "23.11.2025 14:48:26",
          "23.11.2025 14:48:28",
          "23.11.2025 14:48:30",
          "23.11.2025 14:48:32",
          "23.11.2025 14:48:34",
          "23.11.2025 14:48:36",
          "23.11.2025 14:48:38",
          "23.11.2025 14:48:40",
          "23.11.2025 14:48:42",
          "23.11.2025 14:48:44",
          "23.11.2025 14:48:46",
          "23.11.2025 14:48:48",
          "23.11.2025 14:48:50",
          "23.11.2025 14:48:52",
          "23.11.2025 14:48:54",
          "23.11.2025 14:48:56",
          "23.11.2025 14:48:58",
          "23.11.2025 14:49:00",
          "23.11.2025 14:49:02",
          "23.11.2025 14:49:04",
          "23.11.2025 14:49:06",
          "23.11.2025 14:49:08",
          "23.11.2025 14:49:11",
          "23.11.2025 14:49:13",
          "23.11.2025 14:49:15",
          "23.11.2025 14:49:17",
          "23.11.2025 14:49:19",
          "23.11.2025 14:49:21",
          "23.11.2025 14:49:23",
          "23.11.2025 14:49:25",
          "23.11.2025 14:49:27",
          "23.11.2025 14:49:29",
          "23.11.2025 14:49:31",
          "23.11.2025 14:49:33",
          "23.11.2025 14:49:35",
          "23.11.2025 14:49:45",
          "23.11.2025 14:49:47",
          "23.11.2025 14:49:49",
          "23.11.2025 14:49:51",
          "23.11.2025 14:49:53",
          "23.11.2025 14:49:55",
          "23.11.2025 14:49:57",
          "23.11.2025 14:49:59",
          "23.11.2025 14:50:02",
          "23.11.2025 14:50:04",
          "23.11.2025 14:50:09",
          "23.11.2025 14:50:11",
          "23.11.2025 14:50:13",
          "23.11.2025 14:50:15",
          "23.11.2025 14:50:17",
          "23.11.2025 14:50:19",
          "23.11.2025 14:50:21",
          "23.11.2025 14:50:23",
          "23.11.2025 14:50:25",
          "23.11.2025 14:50:27",
          "23.11.2025 14:50:29",
          "23.11.2025 14:50:31",
          "23.11.2025 14:50:33",
          "23.11.2025 14:50:35",
          "23.11.2025 14:50:37",
          "23.11.2025 14:50:39",
          "23.11.2025 14:50:41",
          "23.11.2025 14:50:43",
          "23.11.2025 14:50:46",
          "23.11.2025 14:50:48",
          "23.11.2025 14:50:50",
          "23.11.2025 14:50:52",
          "23.11.2025 14:50:54",
          "23.11.2025 14:50:56",
          "23.11.2025 14:50:58",
          "23.11.2025 14:51:00",
          "23.11.2025 14:51:02",
          "23.11.2025 14:51:33",
          "23.11.2025 14:51:47",
          "23.11.2025 14:51:59",
          "23.11.2025 14:52:01",
          "23.11.2025 14:52:03",
          "23.11.2025 14:52:05",
          "23.11.2025 14:52:07",
          "23.11.2025 14:52:09",
          "23.11.2025 14:52:12",
          "23.11.2025 14:52:14",
          "23.11.2025 14:52:16",
          "23.11.2025 14:52:18",
          "23.11.2025 14:52:20",
          "23.11.2025 14:52:22",
          "23.11.2025 14:52:25",
          "23.11.2025 14:52:28",
          "23.11.2025 14:52:30",
          "23.11.2025 14:52:32",
          "23.11.2025 14:52:34",
          "23.11.2025 14:52:36",
          "23.11.2025 14:52:38",
          "23.11.2025 14:52:40",
          "23.11.2025 14:52:42",
          "23.11.2025 14:52:44",
          "23.11.2025 14:52:46",
          "23.11.2025 14:52:48",
          "23.11.2025 14:52:50",
          "23.11.2025 14:52:52",
          "23.11.2025 14:52:54",
          "23.11.2025 14:52:56",
          "23.11.2025 14:52:58",
          "23.11.2025 14:53:00",
          "23.11.2025 14:53:03",
          "23.11.2025 14:53:05",
          "23.11.2025 14:53:07",
          "23.11.2025 14:53:09",
          "23.11.2025 14:53:11",
          "23.11.2025 14:53:13",
          "23.11.2025 14:53:15",
          "23.11.2025 14:53:17",
          "23.11.2025 14:53:19",
          "23.11.2025 14:53:21",
          "23.11.2025 14:53:23",
          "23.11.2025 14:53:25",
          "23.11.2025 14:53:27",
          "23.11.2025 14:53:29",
          "23.11.2025 14:53:31",
          "23.11.2025 14:53:33",
          "23.11.2025 14:53:35",
          "23.11.2025 14:53:37",
          "23.11.2025 14:53:39",
          "23.11.2025 14:53:41",
          "23.11.2025 14:53:43",
          "23.11.2025 14:53:48",
          "23.11.2025 14:53:50",
          "23.11.2025 14:53:53",
          "23.11.2025 14:53:55",
          "23.11.2025 14:53:57",
          "23.11.2025 14:53:59",
          "23.11.2025 14:54:02",
          "23.11.2025 14:54:04",
          "23.11.2025 14:54:06",
          "23.11.2025 14:54:08",
          "23.11.2025 14:54:10",
          "23.11.2025 14:54:12",
          "23.11.2025 14:54:14",
          "23.11.2025 14:54:16",
          "23.11.2025 14:54:18",
          "23.11.2025 14:54:23",
          "23.11.2025 14:54:27",
          "23.11.2025 14:54:36",
          "23.11.2025 14:54:38",
          "23.11.2025 14:54:49",
          "23.11.2025 14:54:55",
          "23.11.2025 14:54:59",
          "23.11.2025 14:55:01",
          "23.11.2025 14:55:03",
          "23.11.2025 14:55:06",
          "23.11.2025 14:55:09",
          "23.11.2025 14:55:12",
          "23.11.2025 14:55:15",
          "23.11.2025 14:55:17",
          "23.11.2025 14:55:20",
          "23.11.2025 14:55:22",
          "23.11.2025 14:55:25",
          "23.11.2025 14:55:29",
          "23.11.2025 14:55:32",
          "23.11.2025 14:55:34",
          "23.11.2025 14:55:42",
          "23.11.2025 14:55:46",
          "23.11.2025 14:55:50",
          "23.11.2025 14:55:55",
          "23.11.2025 14:55:58",
          "23.11.2025 14:56:00",
          "23.11.2025 14:56:02",
          "23.11.2025 14:56:04",
          "23.11.2025 14:56:06",
          "23.11.2025 14:56:08",
          "23.11.2025 14:56:10",
          "23.11.2025 14:56:12",
          "23.11.2025 14:56:14",
          "23.11.2025 14:56:16",
          "23.11.2025 14:56:18",
          "23.11.2025 14:56:20",
          "23.11.2025 14:56:22",
          "23.11.2025 14:56:25",
          "23.11.2025 14:56:27",
          "23.11.2025 14:56:29",
          "23.11.2025 14:56:31",
          "23.11.2025 14:56:34",
          "23.11.2025 14:56:36",
          "23.11.2025 14:56:38",
          "23.11.2025 14:56:41",
          "23.11.2025 14:56:43",
          "23.11.2025 14:56:47",
          "23.11.2025 14:56:50",
          "23.11.2025 14:56:52",
          "23.11.2025 14:56:54",
          "23.11.2025 14:56:56",
          "23.11.2025 14:56:58",
          "23.11.2025 14:57:00",
          "23.11.2025 14:57:04",
          "23.11.2025 14:57:06",
          "23.11.2025 14:57:09",
          "23.11.2025 14:57:11",
          "23.11.2025 14:57:13",
          "23.11.2025 14:57:18",
          "23.11.2025 14:57:20",
          "23.11.2025 14:57:22",
          "23.11.2025 14:57:25",
          "23.11.2025 14:57:28",
          "23.11.2025 14:57:30",
          "23.11.2025 14:57:32",
          "23.11.2025 14:57:37",
          "23.11.2025 14:57:40",
          "23.11.2025 14:57:48",
          "23.11.2025 14:57:54",
          "23.11.2025 14:58:02",
          "23.11.2025 14:58:07",
          "23.11.2025 14:58:10",
          "23.11.2025 14:58:12",
          "23.11.2025 14:58:20",
          "23.11.2025 14:58:24",
          "23.11.2025 14:58:26",
          "23.11.2025 14:58:28",
          "23.11.2025 14:58:44",
          "23.11.2025 14:58:46",
          "23.11.2025 14:58:50",
          "23.11.2025 14:58:53",
          "23.11.2025 14:58:55",
          "23.11.2025 14:58:59",
          "23.11.2025 14:59:02",
          "23.11.2025 14:59:05",
          "23.11.2025 14:59:07",
          "23.11.2025 14:59:17",
          "23.11.2025 14:59:20",
          "23.11.2025 14:59:26",
          "23.11.2025 14:59:39",
          "23.11.2025 14:59:45",
          "23.11.2025 14:59:48",
          "23.11.2025 14:59:54",
          "23.11.2025 14:59:57",
          "23.11.2025 15:00:00",
          "23.11.2025 15:00:02",
          "23.11.2025 15:00:05",
          "23.11.2025 15:00:07",
          "23.11.2025 15:00:09",
          "23.11.2025 15:00:11",
          "23.11.2025 15:00:16",
          "23.11.2025 15:00:18",
          "23.11.2025 15:00:20",
          "23.11.2025 15:00:22",
          "23.11.2025 15:00:25",
          "23.11.2025 15:00:31",
          "23.11.2025 15:01:01",
          "23.11.2025 15:01:11",
          "23.11.2025 15:01:14",
          "23.11.2025 15:01:18",
          "23.11.2025 15:01:43",
          "23.11.2025 15:01:45",
          "23.11.2025 15:02:05",
          "23.11.2025 15:02:08",
          "23.11.2025 15:02:10",
          "23.11.2025 15:02:12",
          "23.11.2025 15:02:20",
          "23.11.2025 15:02:23",
          "23.11.2025 15:02:25",
          "23.11.2025 15:02:27",
          "23.11.2025 15:02:29",
          "23.11.2025 15:02:33",
          "23.11.2025 15:02:39",
          "23.11.2025 15:02:42",
          "23.11.2025 15:02:44",
          "23.11.2025 15:02:46",
          "23.11.2025 15:02:59",
          "23.11.2025 15:03:05",
          "23.11.2025 15:03:09",
          "23.11.2025 15:03:12",
          "23.11.2025 15:03:18",
          "23.11.2025 15:03:29",
          "23.11.2025 15:03:36",
          "23.11.2025 15:03:38",
          "23.11.2025 15:03:42",
          "23.11.2025 15:04:12",
          "23.11.2025 15:04:42",
          "23.11.2025 15:05:12",
          "23.11.2025 15:05:42",
          "23.11.2025 15:06:12",
          "23.11.2025 15:06:42",
          "23.11.2025 15:07:12",
          "23.11.2025 15:07:42",
          "23.11.2025 15:08:12",
          "23.11.2025 15:08:42",
          "23.11.2025 15:09:12",
          "23.11.2025 15:09:42",
          "23.11.2025 15:09:57",
          "23.11.2025 15:10:18",
          "23.11.2025 15:10:25",
          "23.11.2025 15:10:35",
          "23.11.2025 15:10:47",
          "23.11.2025 15:11:21",
          "23.11.2025 15:11:33",
          "23.11.2025 15:11:36",
          "23.11.2025 15:12:08",
          "23.11.2025 15:12:25",
          "23.11.2025 15:12:31",
          "23.11.2025 15:12:34",
          "23.11.2025 15:12:36",
          "23.11.2025 15:12:38",
          "23.11.2025 15:12:40",
          "23.11.2025 15:12:42",
          "23.11.2025 15:12:48",
          "23.11.2025 15:12:50",
          "23.11.2025 15:12:52",
          "23.11.2025 15:12:54",
          "23.11.2025 15:12:56",
          "23.11.2025 15:12:58",
          "23.11.2025 15:13:02",
          "23.11.2025 15:13:04",
          "23.11.2025 15:13:06",
          "23.11.2025 15:13:09",
          "23.11.2025 15:13:12",
          "23.11.2025 15:13:14",
          "23.11.2025 15:13:17",
          "23.11.2025 15:13:20",
          "23.11.2025 15:13:22",
          "23.11.2025 15:13:24",
          "23.11.2025 15:13:26",
          "23.11.2025 15:13:29",
          "23.11.2025 15:13:31",
          "23.11.2025 15:13:33",
          "23.11.2025 15:13:35",
          "23.11.2025 15:13:37",
          "23.11.2025 15:13:39",
          "23.11.2025 15:13:42",
          "23.11.2025 15:13:44",
          "23.11.2025 15:13:46",
          "23.11.2025 15:13:49",
          "23.11.2025 15:13:52",
          "23.11.2025 15:13:54",
          "23.11.2025 15:13:56",
          "23.11.2025 15:13:58",
          "23.11.2025 15:14:00",
          "23.11.2025 15:14:02",
          "23.11.2025 15:14:04",
          "23.11.2025 15:14:06",
          "23.11.2025 15:14:09",
          "23.11.2025 15:14:11",
          "23.11.2025 15:14:14",
          "23.11.2025 15:14:16",
          "23.11.2025 15:14:18",
          "23.11.2025 15:14:23",
          "23.11.2025 15:14:25",
          "23.11.2025 15:14:27",
          "23.11.2025 15:14:30",
          "23.11.2025 15:14:34",
          "23.11.2025 15:14:37",
          "23.11.2025 15:14:40",
          "23.11.2025 15:14:43",
          "23.11.2025 15:14:45",
          "23.11.2025 15:14:48",
          "23.11.2025 15:14:51",
          "23.11.2025 15:14:53",
          "23.11.2025 15:15:21",
          "23.11.2025 15:16:05",
          "23.11.2025 15:16:38",
          "23.11.2025 15:16:43"
        ],
        "course_deg_clockwise_from_north": [
          124,
          126,
          128,
          130,
          132,
          134,
          135,
          137,
          139,
          141,
          143,
          144,
          138,
          137,
          137,
          137,
          139,
          136,
          143,
          138,
          137,
          138,
          141,
          138,
          139,
          139,
          137,
          137,
          138,
          141,
          134,
          135,
          142,
          140,
          138,
          138,
          138,
          138,
          138,
          137,
          138,
          137,
          138,
          132,
          141,
          138,
          139,
          158,
          138,
          138,
          136,
          138,
          137,
          137,
          138,
          138,
          138,
          138,
          138,
          138,
          139,
          136,
          140,
          139,
          138,
          138,
          138,
          132,
          138,
          135,
          125,
          140,
          138,
          163,
          137,
          139,
          140,
          139,
          138,
          137,
          140,
          139,
          138,
          135,
          135,
          135,
          133,
          132,
          173,
          137,
          131,
          176,
          130,
          130,
          132,
          128,
          131,
          131,
          133,
          130,
          130,
          130,
          130,
          130,
          130,
          131,
          132,
          131,
          131,
          131,
          131,
          134,
          132,
          131,
          131,
          129,
          129,
          134,
          131,
          134,
          130,
          130,
          136,
          121,
          132,
          131,
          131,
          130,
          130,
          131,
          131,
          130,
          130,
          131,
          131,
          130,
          131,
          131,
          135,
          131,
          134,
          130,
          130,
          135,
          132,
          131,
          133,
          131,
          133,
          318,
          132,
          317,
          81,
          131,
          132,
          132,
          132,
          133,
          132,
          128,
          130,
          132,
          132,
          132,
          132,
          131,
          132,
          131,
          131,
          130,
          131,
          125,
          133,
          132,
          132,
          132,
          132,
          86,
          132,
          133,
          132,
          132,
          127,
          134,
          130,
          132,
          132,
          114,
          133,
          122,
          133,
          133,
          131,
          194,
          168,
          130,
          133,
          133,
          133,
          128,
          131,
          132,
          132,
          133,
          131,
          133,
          129,
          131,
          131,
          132,
          133,
          133,
          133,
          125,
          133,
          134,
          132,
          134,
          131,
          131,
          125,
          131,
          133,
          130,
          134,
          129,
          126,
          132,
          135,
          129,
          133,
          133,
          132,
          153,
          144,
          133,
          129,
          131,
          135,
          131,
          132,
          130,
          132,
          131,
          135,
          131,
          130,
          129,
          133,
          233,
          135,
          131,
          131,
          131,
          132,
          133,
          131,
          132,
          131,
          132,
          132,
          131,
          131,
          132,
          133,
          136,
          132,
          134,
          132,
          131,
          131,
          133,
          133,
          122,
          132,
          131,
          132,
          132,
          131,
          135,
          131,
          133,
          130,
          129,
          132,
          131,
          132,
          132,
          131,
          132,
          134,
          131,
          131,
          132,
          146,
          138,
          132,
          132,
          131,
          131,
          132,
          134,
          131,
          131,
          131,
          133,
          131,
          131,
          132,
          130,
          129,
          132,
          132,
          132,
          130,
          131,
          128,
          131,
          131,
          131,
          131,
          131,
          132,
          132,
          142,
          114,
          126,
          133,
          131,
          131,
          132,
          133,
          132,
          141,
          124,
          130,
          134,
          111,
          130,
          151,
          136,
          121,
          130,
          147,
          133,
          148,
          122,
          132,
          132,
          132,
          132,
          132,
          132,
          132,
          133,
          132,
          132,
          132,
          131,
          126,
          131,
          132,
          132,
          132,
          146,
          137,
          127,
          133,
          134,
          132,
          132,
          132,
          132,
          132,
          132,
          147,
          130,
          124,
          113,
          128,
          135,
          133,
          132,
          132,
          132,
          132,
          132,
          132,
          132,
          132,
          132,
          132,
          132,
          132,
          133,
          132,
          133,
          130,
          135,
          136,
          130,
          132,
          132,
          132,
          130,
          131,
          133,
          133,
          132,
          133,
          133,
          132,
          132,
          132,
          132,
          132,
          132,
          133,
          132,
          132,
          131,
          131,
          133,
          131,
          130,
          133,
          134,
          134,
          132,
          132,
          133,
          132,
          131,
          131,
          131,
          132,
          132,
          131,
          142,
          132,
          134,
          133,
          133,
          137,
          135,
          132,
          132,
          132,
          132,
          132,
          133,
          138,
          141,
          140,
          139,
          135,
          147,
          154,
          147,
          147,
          147,
          147,
          147,
          148,
          143,
          159,
          153,
          176,
          144,
          157,
          151,
          155,
          154,
          153,
          155,
          156,
          157,
          157,
          158,
          158,
          158,
          159,
          159,
          159,
          160,
          160,
          165,
          152,
          172,
          155,
          163,
          159,
          159,
          158,
          159,
          158,
          159,
          159,
          160,
          160,
          159,
          159,
          159,
          160,
          160,
          160,
          167,
          163,
          163,
          169,
          159,
          165,
          162,
          162,
          163,
          163,
          163,
          163,
          167,
          161,
          159,
          161,
          162,
          161,
          161,
          161,
          161,
          162,
          161,
          160,
          161,
          161,
          160,
          160,
          159,
          159,
          159,
          158,
          160,
          160,
          160,
          167,
          156,
          153,
          152,
          154,
          156,
          157,
          156,
          155,
          156,
          155,
          154,
          154,
          153,
          153,
          153,
          153,
          152,
          158,
          161,
          160,
          163,
          168,
          164,
          163,
          163,
          163,
          165,
          163,
          162,
          162,
          161,
          171,
          162,
          163,
          163,
          162,
          162,
          161,
          161,
          161,
          161,
          160,
          160,
          162,
          161,
          161,
          170,
          161,
          160,
          160,
          159,
          158,
          152,
          149,
          161,
          162,
          160,
          159,
          160,
          161,
          165,
          160,
          161,
          161,
          161,
          161,
          161,
          161,
          161,
          161,
          161,
          160,
          161,
          161,
          159,
          161,
          162,
          164,
          166,
          169,
          161,
          161,
          162,
          162,
          162,
          163,
          162,
          162,
          163,
          162,
          163,
          162,
          163,
          162,
          163,
          163,
          169,
          163,
          162,
          162,
          163,
          163,
          163,
          163,
          163,
          163,
          163,
          163,
          163,
          163,
          162,
          163,
          162,
          162,
          164,
          162,
          162,
          163,
          163,
          163,
          132,
          207,
          130,
          119,
          161,
          178,
          191,
          158,
          183,
          145,
          155,
          170,
          148,
          180,
          163,
          153,
          170,
          167,
          174,
          145,
          164,
          186,
          156,
          147,
          190,
          155,
          155,
          161,
          163,
          160,
          140,
          132,
          173,
          150,
          150,
          149,
          146,
          155,
          136,
          143,
          148,
          142,
          143,
          136,
          140,
          141,
          138,
          135,
          142,
          154,
          143,
          142,
          140,
          145,
          138,
          139,
          140,
          142,
          143,
          143,
          127,
          148,
          144,
          146,
          142,
          144,
          144,
          119,
          149,
          142,
          142,
          143,
          143,
          143,
          143,
          143,
          143,
          143,
          132,
          137,
          154,
          142,
          128,
          160,
          145,
          169,
          128,
          156,
          106,
          143,
          166,
          146,
          144,
          131,
          144,
          143,
          122,
          126,
          147,
          162,
          104,
          163,
          144,
          135,
          146,
          162,
          142,
          131,
          134,
          144,
          144,
          142,
          151,
          146,
          208,
          221,
          223,
          145,
          147,
          139,
          144,
          145,
          147,
          144,
          145,
          141,
          146,
          152,
          132,
          108,
          137,
          143,
          134,
          128,
          145,
          152,
          118,
          140,
          142,
          149,
          102,
          95,
          155,
          136,
          140,
          142,
          236,
          145,
          126,
          144,
          141,
          142,
          143,
          145,
          132,
          119,
          143,
          256,
          142,
          146,
          136,
          143,
          136,
          147,
          145,
          83,
          141,
          142,
          144,
          142,
          149,
          117,
          67,
          144,
          144,
          144,
          149,
          145,
          140,
          146,
          167,
          151,
          134,
          160,
          115,
          140,
          149,
          141,
          150,
          139,
          144,
          142,
          145,
          143,
          141,
          131,
          147,
          145,
          142,
          144,
          143,
          150,
          148,
          152,
          141,
          142,
          153,
          126,
          143,
          141,
          143,
          141,
          151,
          144,
          149,
          142,
          138,
          143,
          146,
          145,
          144,
          144,
          144,
          143,
          144,
          144,
          143,
          143,
          143,
          140,
          118,
          140,
          116,
          138,
          134,
          139,
          137,
          143,
          139,
          139,
          135,
          137,
          119,
          130,
          120,
          160,
          112,
          146,
          143,
          163,
          135,
          140,
          137,
          24,
          138,
          141,
          139,
          135,
          138,
          154,
          130,
          109,
          138,
          141,
          243,
          232,
          112,
          140,
          134,
          148,
          112,
          145,
          176,
          130,
          174,
          134,
          138,
          138,
          134,
          135,
          137,
          137,
          138,
          137,
          135,
          135,
          137,
          137,
          137,
          136,
          113,
          171,
          131,
          106,
          118,
          133,
          125,
          149,
          135,
          139,
          139,
          138,
          138,
          138,
          137,
          144,
          135,
          137,
          137,
          137,
          138,
          137,
          137,
          137,
          137,
          126,
          150,
          138,
          140,
          133,
          132,
          151,
          130,
          138,
          136,
          160,
          136,
          150,
          135,
          137,
          139,
          137,
          137,
          137,
          138,
          150,
          140,
          140,
          139,
          138,
          140,
          146,
          151,
          147,
          147,
          169,
          151,
          143,
          161,
          139,
          153,
          127,
          170,
          152,
          155,
          151,
          152,
          152,
          152,
          116,
          151,
          155,
          156,
          174,
          156,
          124,
          153,
          153,
          153,
          149,
          152,
          152,
          151,
          151,
          152,
          152,
          152,
          153,
          153,
          152,
          159,
          144,
          149,
          150,
          150,
          149,
          148,
          147,
          146,
          145,
          145,
          144,
          144,
          143,
          149,
          136,
          141,
          141,
          139,
          139,
          139,
          138,
          139,
          139,
          136,
          134,
          141,
          135,
          136,
          137,
          138,
          137,
          137,
          138,
          138,
          146,
          52,
          137,
          138,
          139,
          142,
          143,
          142,
          141,
          141,
          140,
          136,
          144,
          126,
          143,
          144,
          144,
          146,
          141,
          119,
          140,
          139,
          140,
          139,
          137,
          135,
          141,
          140,
          136,
          134,
          140,
          132,
          136,
          141,
          142,
          151,
          141,
          136,
          140,
          139,
          140,
          125,
          133,
          146,
          137,
          137,
          136,
          136,
          136,
          136,
          141,
          151,
          139,
          135,
          139,
          84,
          163,
          140,
          139,
          139,
          138,
          137,
          137,
          137,
          137,
          137,
          137,
          143,
          124,
          136,
          138,
          138,
          138,
          139,
          202,
          147,
          140,
          136,
          133,
          142,
          144,
          139,
          140,
          61,
          137,
          133,
          139,
          148,
          142,
          145,
          115,
          136,
          135,
          134,
          133,
          131,
          130,
          130,
          129,
          116,
          125,
          126,
          122,
          122,
          123,
          123,
          123,
          123,
          123,
          122,
          116,
          122,
          124,
          117,
          85,
          119,
          121,
          121,
          121,
          121,
          121,
          120,
          120,
          120,
          118,
          122,
          123,
          118,
          127,
          118,
          125,
          124,
          113,
          120,
          121,
          122,
          121,
          121,
          121,
          120,
          119,
          126,
          120,
          119,
          114,
          123,
          119,
          116,
          119,
          120,
          120,
          120,
          121,
          62,
          128,
          125,
          125,
          132,
          131,
          132,
          133,
          133,
          134,
          135,
          144,
          133,
          137,
          139,
          139,
          140,
          141,
          141,
          141,
          142,
          142,
          142,
          142,
          143,
          150,
          144,
          146,
          151,
          145,
          152,
          141,
          140,
          151,
          157,
          154,
          148,
          147,
          146,
          146,
          161,
          140,
          140,
          130,
          141,
          148,
          148,
          147,
          146,
          146,
          145,
          146,
          146,
          146,
          146,
          138,
          142,
          149,
          151,
          142,
          192,
          125,
          147,
          140,
          144,
          147,
          134,
          148,
          138,
          155,
          147,
          145,
          149,
          141,
          143,
          137,
          145,
          146,
          146,
          146,
          148,
          147,
          147,
          146,
          141,
          133,
          150,
          147,
          146,
          146,
          146,
          145,
          146,
          146,
          153,
          139,
          151,
          147,
          147,
          145,
          145,
          145,
          146,
          146,
          145,
          148,
          148,
          145,
          145,
          145,
          146,
          146,
          145,
          147,
          147,
          147,
          146,
          146,
          153,
          151,
          140,
          142,
          144,
          145,
          145,
          146,
          136,
          152,
          144,
          137,
          148,
          142,
          149,
          147,
          145,
          146,
          146,
          146,
          146,
          146,
          146,
          146,
          146,
          145,
          145,
          145,
          143,
          146,
          146,
          123,
          148,
          147,
          146,
          146,
          146,
          149,
          146,
          146,
          146,
          146,
          146,
          146,
          146,
          146,
          144,
          145,
          144,
          145,
          146,
          145,
          146,
          145,
          136,
          134,
          134,
          127,
          126,
          125,
          124,
          123,
          123,
          120,
          121,
          113,
          113,
          112,
          112,
          112,
          111,
          110,
          110,
          107,
          107,
          110,
          110,
          109,
          109,
          109,
          108,
          108,
          109,
          109,
          108,
          108,
          108,
          108,
          109,
          107,
          106,
          106,
          105,
          105,
          107,
          108,
          108,
          108,
          108,
          127,
          106,
          111,
          113,
          111,
          109,
          109,
          107,
          107,
          108,
          108,
          108,
          107,
          108,
          109,
          108,
          109,
          109,
          108,
          133,
          79,
          99,
          113,
          116,
          108,
          105,
          106,
          109,
          108,
          109,
          109,
          107,
          106,
          108,
          108,
          108,
          108,
          107,
          107,
          109,
          108,
          108,
          108,
          108,
          109,
          63,
          109,
          109,
          94,
          104,
          110,
          107,
          108,
          110,
          110,
          110,
          109,
          110,
          109,
          110,
          113,
          110,
          110,
          109,
          111,
          112,
          110,
          110,
          110,
          110,
          109,
          110,
          110,
          110,
          110,
          85,
          108,
          111,
          108,
          109,
          109,
          109,
          109,
          109,
          109,
          109,
          112,
          106,
          110,
          110,
          109,
          109,
          81,
          110,
          110,
          110,
          110,
          110,
          109,
          109,
          67,
          110,
          110,
          110,
          109,
          79,
          110,
          110,
          102,
          114,
          106,
          109,
          109,
          110,
          110,
          110,
          110,
          110,
          110,
          110,
          109,
          110,
          110,
          110,
          103,
          119,
          111,
          109,
          110,
          111,
          105,
          108,
          109,
          109,
          109,
          109,
          110,
          110,
          109,
          109,
          110,
          110,
          110,
          108,
          120,
          106,
          109,
          110,
          110,
          110,
          110,
          107,
          106,
          104,
          108,
          109,
          109,
          109,
          120,
          107,
          108,
          109,
          110,
          110,
          110,
          110,
          114,
          108,
          109,
          109,
          108,
          110,
          109,
          109,
          110,
          109,
          109,
          110,
          110,
          109,
          109,
          110,
          110,
          113,
          110,
          110,
          110,
          110,
          89,
          147,
          107,
          109,
          109,
          110,
          96,
          109,
          74,
          99,
          89,
          97,
          110,
          110,
          110,
          110,
          110,
          109,
          109,
          114,
          105,
          110,
          101,
          108,
          109,
          110,
          110,
          110,
          110,
          110,
          111,
          87,
          104,
          110,
          112,
          105,
          143,
          105,
          107,
          116,
          120,
          109,
          110,
          103,
          110,
          110,
          104,
          96,
          239,
          118,
          89,
          103,
          138,
          114,
          110,
          110,
          110,
          110,
          91,
          109,
          89,
          90,
          94,
          113,
          76,
          92,
          84,
          89,
          103,
          118,
          104,
          91,
          125,
          94,
          85,
          95,
          102,
          93,
          90,
          110,
          127,
          113,
          107,
          112,
          110,
          96,
          147,
          128,
          131,
          105,
          102,
          100,
          109,
          122,
          98,
          118,
          123,
          101,
          120,
          101,
          103,
          133,
          111,
          98,
          125,
          105,
          102,
          112,
          120,
          85,
          110,
          111,
          111,
          117,
          114,
          103,
          119,
          121,
          116,
          125,
          95,
          119,
          142,
          106,
          113,
          102,
          78,
          110,
          118,
          115,
          114,
          113,
          111,
          117,
          112,
          114,
          117,
          115,
          94,
          117,
          116,
          114,
          119,
          108,
          125,
          109,
          111,
          114,
          114,
          114,
          118,
          112,
          112,
          113,
          106,
          117,
          107,
          119,
          102,
          109,
          112,
          113,
          127,
          110,
          111,
          114,
          113,
          103,
          157,
          231,
          159,
          116,
          113,
          98,
          106,
          76,
          42,
          107,
          106,
          127,
          104,
          91,
          108,
          101,
          86,
          54,
          104,
          161,
          96,
          97,
          96,
          101,
          65,
          101,
          98,
          99,
          100,
          100,
          101,
          102,
          103,
          103,
          104,
          105,
          105,
          106,
          107,
          108,
          108,
          113,
          224,
          120,
          31,
          121,
          129,
          112,
          119,
          120,
          123,
          123,
          123,
          132,
          104,
          103,
          118,
          138,
          161,
          146,
          155,
          96,
          28,
          114,
          174,
          154,
          152,
          143,
          138,
          134,
          149,
          70,
          51,
          23,
          15,
          26,
          131,
          128,
          150,
          159,
          94,
          154,
          127,
          24,
          128,
          155,
          147,
          161,
          66,
          29,
          20,
          156,
          118,
          76,
          90,
          15,
          154,
          163,
          154,
          141,
          143,
          154,
          180,
          30,
          163,
          124,
          152,
          119,
          130,
          108,
          126,
          75
        ],
        "speed_kts": [
          0,
          18,
          36,
          54,
          72,
          90,
          109,
          127,
          145,
          163,
          181,
          190,
          452,
          442,
          444,
          448,
          190,
          460,
          474,
          449,
          445,
          450,
          200,
          454,
          454,
          190,
          520,
          452,
          454,
          240,
          451,
          435,
          260,
          469,
          480,
          480,
          100,
          452,
          453,
          230,
          400,
          455,
          500,
          210,
          250,
          453,
          457,
          460,
          442,
          450,
          360,
          444,
          445,
          447,
          230,
          487,
          410,
          455,
          570,
          450,
          447,
          447,
          360,
          476,
          467,
          451,
          446,
          320,
          456,
          460,
          560,
          270,
          470,
          960,
          440,
          454,
          444,
          444,
          447,
          439,
          482,
          453,
          452,
          430,
          439,
          442,
          450,
          451,
          480,
          310,
          458,
          454,
          280,
          437,
          478,
          460,
          430,
          450,
          130,
          400,
          450,
          457,
          451,
          451,
          453,
          451,
          20,
          460,
          452,
          453,
          452,
          70,
          510,
          457,
          451,
          140,
          435,
          460,
          880,
          431,
          453,
          455,
          450,
          350,
          457,
          455,
          455,
          455,
          453,
          456,
          456,
          540,
          461,
          456,
          310,
          610,
          459,
          459,
          70,
          340,
          466,
          390,
          220,
          60,
          400,
          340,
          590,
          790,
          980,
          90,
          330,
          320,
          230,
          150,
          580,
          270,
          270,
          660,
          110,
          270,
          552,
          482,
          467,
          455,
          456,
          455,
          396,
          530,
          290,
          436,
          462,
          90,
          300,
          454,
          463,
          461,
          459,
          350,
          260,
          449,
          451,
          454,
          190,
          800,
          120,
          453,
          456,
          110,
          30,
          40,
          580,
          590,
          490,
          490,
          490,
          340,
          610,
          624,
          594,
          80,
          180,
          540,
          537,
          320,
          40,
          260,
          220,
          300,
          580,
          380,
          540,
          400,
          590,
          120,
          270,
          580,
          430,
          280,
          330,
          430,
          321,
          330,
          350,
          30,
          500,
          200,
          220,
          80,
          680,
          190,
          170,
          380,
          430,
          650,
          650,
          860,
          220,
          160,
          440,
          462,
          453,
          370,
          440,
          290,
          360,
          390,
          300,
          250,
          490,
          390,
          180,
          437,
          452,
          454,
          454,
          458,
          410,
          453,
          449,
          447,
          461,
          459,
          360,
          410,
          380,
          220,
          370,
          520,
          473,
          451,
          280,
          260,
          260,
          300,
          510,
          400,
          390,
          451,
          460,
          200,
          450,
          450,
          480,
          483,
          430,
          360,
          461,
          300,
          466,
          462,
          430,
          310,
          461,
          510,
          840,
          400,
          459,
          456,
          420,
          390,
          442,
          160,
          290,
          454,
          458,
          490,
          451,
          455,
          453,
          10,
          170,
          451,
          449,
          380,
          463,
          462,
          90,
          457,
          457,
          455,
          455,
          458,
          458,
          330,
          300,
          917,
          210,
          458,
          350,
          444,
          450,
          457,
          456,
          270,
          410,
          280,
          310,
          200,
          120,
          280,
          470,
          463,
          456,
          150,
          464,
          390,
          390,
          454,
          457,
          470,
          451,
          468,
          459,
          458,
          180,
          464,
          462,
          461,
          459,
          320,
          457,
          461,
          456,
          459,
          400,
          350,
          460,
          462,
          466,
          457,
          457,
          460,
          460,
          459,
          458,
          380,
          190,
          440,
          310,
          500,
          462,
          462,
          458,
          462,
          460,
          459,
          457,
          459,
          459,
          461,
          460,
          457,
          461,
          461,
          466,
          461,
          463,
          410,
          464,
          467,
          380,
          467,
          462,
          459,
          456,
          458,
          462,
          461,
          458,
          459,
          459,
          458,
          458,
          462,
          461,
          460,
          461,
          462,
          461,
          460,
          457,
          461,
          464,
          456,
          455,
          469,
          465,
          460,
          455,
          458,
          461,
          463,
          462,
          460,
          463,
          464,
          463,
          462,
          300,
          350,
          459,
          462,
          465,
          476,
          468,
          458,
          463,
          462,
          463,
          459,
          455,
          350,
          390,
          270,
          455,
          240,
          390,
          260,
          447,
          463,
          457,
          449,
          447,
          448,
          390,
          260,
          458,
          90,
          120,
          410,
          300,
          449,
          444,
          441,
          441,
          447,
          450,
          453,
          454,
          456,
          458,
          454,
          455,
          453,
          451,
          452,
          410,
          330,
          70,
          260,
          220,
          457,
          454,
          451,
          453,
          452,
          455,
          455,
          457,
          455,
          452,
          450,
          451,
          456,
          451,
          456,
          230,
          459,
          457,
          270,
          340,
          463,
          452,
          448,
          452,
          456,
          455,
          380,
          290,
          260,
          435,
          444,
          452,
          452,
          451,
          454,
          456,
          459,
          454,
          449,
          450,
          452,
          454,
          456,
          451,
          456,
          457,
          459,
          458,
          459,
          459,
          150,
          490,
          435,
          330,
          478,
          457,
          461,
          460,
          461,
          466,
          466,
          461,
          462,
          458,
          464,
          461,
          461,
          460,
          454,
          453,
          458,
          604,
          100,
          470,
          446,
          457,
          452,
          463,
          466,
          486,
          498,
          497,
          120,
          405,
          423,
          438,
          454,
          459,
          449,
          458,
          458,
          455,
          454,
          458,
          230,
          417,
          435,
          150,
          498,
          501,
          499,
          619,
          420,
          270,
          318,
          396,
          422,
          460,
          472,
          473,
          473,
          100,
          486,
          443,
          460,
          460,
          458,
          455,
          459,
          460,
          458,
          460,
          447,
          462,
          454,
          458,
          460,
          458,
          456,
          460,
          459,
          460,
          460,
          458,
          455,
          456,
          455,
          457,
          460,
          459,
          459,
          458,
          458,
          455,
          462,
          457,
          459,
          450,
          457,
          459,
          462,
          457,
          454,
          455,
          457,
          458,
          460,
          458,
          457,
          455,
          457,
          458,
          457,
          458,
          458,
          458,
          457,
          459,
          456,
          451,
          450,
          462,
          220,
          450,
          50,
          400,
          330,
          310,
          370,
          340,
          980,
          340,
          440,
          710,
          320,
          60,
          610,
          410,
          350,
          360,
          290,
          490,
          190,
          520,
          540,
          290,
          560,
          420,
          430,
          280,
          140,
          920,
          450,
          270,
          410,
          190,
          120,
          470,
          280,
          870,
          330,
          280,
          466,
          467,
          900,
          390,
          270,
          790,
          570,
          370,
          220,
          460,
          480,
          710,
          260,
          810,
          722,
          634,
          547,
          459,
          450,
          270,
          460,
          440,
          360,
          474,
          461,
          464,
          560,
          140,
          465,
          467,
          466,
          466,
          468,
          469,
          468,
          469,
          370,
          260,
          390,
          480,
          472,
          380,
          432,
          490,
          260,
          410,
          370,
          400,
          490,
          280,
          300,
          420,
          160,
          400,
          140,
          460,
          70,
          464,
          330,
          440,
          330,
          430,
          230,
          280,
          280,
          477,
          488,
          510,
          320,
          390,
          492,
          380,
          470,
          580,
          830,
          830,
          457,
          370,
          250,
          250,
          310,
          400,
          510,
          463,
          10,
          467,
          660,
          160,
          500,
          50,
          470,
          320,
          340,
          400,
          666,
          180,
          310,
          520,
          430,
          172,
          380,
          190,
          330,
          468,
          561,
          561,
          482,
          300,
          470,
          469,
          470,
          473,
          370,
          90,
          150,
          430,
          459,
          470,
          500,
          330,
          410,
          280,
          390,
          467,
          469,
          370,
          390,
          320,
          480,
          561,
          240,
          290,
          473,
          473,
          471,
          529,
          491,
          320,
          510,
          320,
          644,
          456,
          902,
          90,
          500,
          460,
          430,
          555,
          110,
          210,
          466,
          420,
          400,
          410,
          541,
          310,
          450,
          430,
          350,
          472,
          420,
          400,
          390,
          486,
          540,
          420,
          240,
          474,
          440,
          470,
          443,
          350,
          470,
          490,
          434,
          410,
          472,
          473,
          473,
          474,
          475,
          474,
          474,
          474,
          474,
          475,
          476,
          469,
          480,
          260,
          471,
          220,
          478,
          400,
          501,
          484,
          430,
          481,
          476,
          485,
          475,
          200,
          480,
          300,
          230,
          280,
          350,
          180,
          700,
          150,
          160,
          290,
          610,
          280,
          470,
          280,
          478,
          460,
          370,
          430,
          390,
          464,
          140,
          270,
          260,
          280,
          320,
          478,
          210,
          320,
          360,
          450,
          250,
          950,
          485,
          488,
          482,
          462,
          466,
          469,
          468,
          473,
          470,
          461,
          466,
          471,
          469,
          469,
          467,
          360,
          630,
          479,
          10,
          480,
          499,
          390,
          160,
          489,
          472,
          473,
          477,
          479,
          479,
          370,
          490,
          487,
          477,
          476,
          476,
          474,
          476,
          475,
          473,
          475,
          350,
          440,
          400,
          370,
          520,
          330,
          380,
          410,
          360,
          430,
          300,
          490,
          350,
          330,
          470,
          340,
          476,
          471,
          472,
          474,
          460,
          462,
          460,
          464,
          468,
          460,
          424,
          468,
          420,
          420,
          610,
          450,
          330,
          520,
          370,
          463,
          310,
          490,
          465,
          390,
          430,
          465,
          469,
          460,
          330,
          320,
          380,
          500,
          470,
          440,
          230,
          460,
          440,
          466,
          410,
          461,
          465,
          458,
          459,
          462,
          468,
          468,
          468,
          469,
          466,
          390,
          441,
          448,
          466,
          471,
          473,
          469,
          471,
          469,
          472,
          472,
          470,
          472,
          471,
          280,
          280,
          60,
          473,
          468,
          470,
          471,
          469,
          471,
          474,
          290,
          440,
          450,
          477,
          475,
          471,
          465,
          360,
          471,
          470,
          468,
          330,
          330,
          190,
          330,
          473,
          450,
          410,
          473,
          469,
          469,
          471,
          190,
          360,
          370,
          290,
          350,
          340,
          350,
          466,
          180,
          240,
          410,
          474,
          410,
          510,
          220,
          480,
          170,
          310,
          482,
          390,
          465,
          500,
          540,
          463,
          290,
          430,
          450,
          190,
          360,
          220,
          340,
          260,
          260,
          472,
          473,
          472,
          472,
          471,
          30,
          500,
          240,
          140,
          30,
          469,
          240,
          100,
          474,
          475,
          473,
          475,
          471,
          474,
          475,
          472,
          471,
          471,
          200,
          580,
          473,
          472,
          473,
          472,
          400,
          490,
          350,
          410,
          350,
          240,
          480,
          240,
          488,
          290,
          290,
          280,
          340,
          380,
          290,
          480,
          470,
          290,
          477,
          476,
          476,
          474,
          470,
          470,
          473,
          471,
          420,
          40,
          330,
          479,
          475,
          474,
          474,
          474,
          473,
          474,
          475,
          360,
          477,
          473,
          560,
          70,
          475,
          474,
          474,
          474,
          475,
          476,
          475,
          473,
          473,
          360,
          390,
          220,
          300,
          477,
          350,
          310,
          370,
          400,
          310,
          474,
          474,
          474,
          474,
          475,
          240,
          474,
          430,
          350,
          440,
          280,
          480,
          680,
          230,
          478,
          476,
          475,
          475,
          475,
          477,
          60,
          350,
          440,
          320,
          472,
          471,
          473,
          473,
          473,
          473,
          280,
          472,
          468,
          472,
          473,
          473,
          473,
          472,
          471,
          470,
          473,
          470,
          472,
          470,
          360,
          490,
          466,
          320,
          480,
          310,
          471,
          300,
          190,
          450,
          240,
          474,
          472,
          471,
          471,
          300,
          410,
          210,
          430,
          460,
          350,
          476,
          472,
          469,
          470,
          471,
          475,
          474,
          472,
          467,
          320,
          310,
          270,
          466,
          400,
          130,
          110,
          380,
          230,
          464,
          466,
          240,
          420,
          462,
          330,
          630,
          457,
          340,
          310,
          450,
          290,
          467,
          466,
          465,
          458,
          290,
          461,
          462,
          460,
          370,
          220,
          450,
          468,
          461,
          461,
          462,
          459,
          464,
          460,
          190,
          400,
          140,
          455,
          461,
          462,
          458,
          456,
          461,
          462,
          462,
          240,
          464,
          462,
          459,
          459,
          458,
          460,
          460,
          464,
          462,
          462,
          460,
          458,
          300,
          310,
          460,
          459,
          459,
          460,
          458,
          460,
          350,
          465,
          490,
          160,
          330,
          260,
          457,
          459,
          459,
          460,
          459,
          459,
          459,
          459,
          461,
          459,
          461,
          460,
          459,
          461,
          190,
          270,
          456,
          120,
          290,
          460,
          461,
          461,
          460,
          420,
          459,
          461,
          458,
          457,
          459,
          459,
          458,
          460,
          460,
          456,
          461,
          460,
          458,
          462,
          460,
          463,
          466,
          466,
          467,
          467,
          461,
          468,
          471,
          474,
          465,
          472,
          465,
          467,
          471,
          461,
          466,
          466,
          467,
          470,
          471,
          466,
          465,
          462,
          461,
          462,
          461,
          466,
          464,
          467,
          460,
          464,
          469,
          465,
          463,
          466,
          465,
          465,
          464,
          466,
          469,
          467,
          466,
          467,
          466,
          464,
          458,
          270,
          472,
          459,
          449,
          456,
          457,
          458,
          300,
          470,
          469,
          459,
          465,
          469,
          466,
          459,
          464,
          463,
          465,
          462,
          200,
          350,
          491,
          270,
          433,
          459,
          472,
          470,
          453,
          454,
          457,
          458,
          462,
          470,
          465,
          460,
          456,
          459,
          464,
          463,
          458,
          463,
          462,
          456,
          458,
          458,
          520,
          454,
          455,
          320,
          450,
          452,
          444,
          455,
          458,
          452,
          456,
          456,
          456,
          458,
          250,
          462,
          453,
          451,
          451,
          280,
          445,
          455,
          458,
          453,
          454,
          452,
          450,
          454,
          458,
          452,
          340,
          447,
          460,
          450,
          450,
          449,
          450,
          449,
          450,
          448,
          449,
          340,
          290,
          300,
          450,
          453,
          447,
          130,
          450,
          447,
          446,
          451,
          449,
          449,
          449,
          453,
          453,
          448,
          449,
          370,
          310,
          449,
          447,
          270,
          438,
          260,
          450,
          449,
          446,
          448,
          448,
          447,
          444,
          446,
          446,
          447,
          446,
          447,
          449,
          441,
          260,
          446,
          447,
          448,
          448,
          220,
          447,
          447,
          448,
          443,
          450,
          445,
          443,
          447,
          446,
          446,
          445,
          443,
          260,
          430,
          260,
          444,
          449,
          446,
          441,
          438,
          290,
          432,
          320,
          443,
          448,
          447,
          446,
          300,
          427,
          443,
          446,
          449,
          447,
          448,
          448,
          452,
          450,
          455,
          250,
          447,
          452,
          454,
          453,
          453,
          454,
          456,
          456,
          454,
          451,
          454,
          457,
          457,
          465,
          459,
          458,
          456,
          458,
          270,
          150,
          458,
          457,
          459,
          459,
          290,
          200,
          480,
          330,
          180,
          453,
          453,
          458,
          458,
          459,
          455,
          457,
          456,
          480,
          456,
          457,
          160,
          453,
          455,
          461,
          460,
          458,
          456,
          460,
          459,
          459,
          456,
          270,
          456,
          390,
          450,
          140,
          445,
          380,
          280,
          444,
          451,
          340,
          448,
          456,
          260,
          130,
          690,
          300,
          490,
          290,
          370,
          456,
          454,
          456,
          452,
          451,
          390,
          320,
          320,
          320,
          690,
          360,
          360,
          250,
          710,
          710,
          470,
          420,
          240,
          400,
          180,
          260,
          840,
          110,
          550,
          30,
          30,
          350,
          300,
          430,
          360,
          470,
          390,
          250,
          370,
          100,
          230,
          150,
          260,
          160,
          240,
          350,
          360,
          250,
          210,
          300,
          220,
          270,
          360,
          270,
          500,
          270,
          420,
          320,
          40,
          320,
          340,
          920,
          140,
          320,
          360,
          20,
          390,
          450,
          320,
          360,
          300,
          390,
          280,
          430,
          230,
          350,
          370,
          290,
          290,
          340,
          310,
          480,
          430,
          350,
          370,
          290,
          410,
          400,
          510,
          300,
          300,
          220,
          370,
          360,
          450,
          360,
          450,
          430,
          370,
          483,
          481,
          482,
          400,
          400,
          485,
          390,
          400,
          320,
          420,
          330,
          370,
          260,
          360,
          410,
          70,
          440,
          230,
          440,
          370,
          710,
          90,
          430,
          220,
          390,
          300,
          300,
          370,
          470,
          280,
          270,
          465,
          120,
          470,
          180,
          460,
          380,
          290,
          450,
          330,
          430,
          130,
          457,
          458,
          250,
          473,
          370,
          380,
          350,
          349,
          347,
          346,
          345,
          344,
          342,
          341,
          340,
          338,
          337,
          336,
          335,
          334,
          322,
          318,
          314,
          310,
          302,
          300,
          300,
          302,
          302,
          302,
          302,
          302,
          302,
          302,
          302,
          302,
          300,
          300,
          298,
          296,
          294,
          292,
          290,
          286,
          282,
          278,
          278,
          272,
          270,
          266,
          264,
          262,
          260,
          260,
          258,
          258,
          258,
          256,
          256,
          256,
          256,
          256,
          256,
          254,
          254,
          254,
          254,
          254,
          254,
          252,
          252,
          252,
          252,
          252,
          252,
          252,
          252,
          254,
          254,
          252,
          254,
          254,
          254,
          254,
          254,
          254,
          254,
          256,
          260,
          258,
          258
        ],
        "speed_mph": [
          0.0,
          21.0,
          41.0,
          62.0,
          83.0,
          104.0,
          125.0,
          146.0,
          167.0,
          188.0,
          208.0,
          219.0,
          520.0,
          509.0,
          511.0,
          516.0,
          219.0,
          529.0,
          545.0,
          517.0,
          512.0,
          518.0,
          230.0,
          522.0,
          522.0,
          219.0,
          598.0,
          520.0,
          522.0,
          276.0,
          519.0,
          501.0,
          299.0,
          540.0,
          552.0,
          552.0,
          115.0,
          520.0,
          521.0,
          265.0,
          460.0,
          524.0,
          575.0,
          242.0,
          288.0,
          521.0,
          526.0,
          529.0,
          509.0,
          518.0,
          414.0,
          511.0,
          512.0,
          514.0,
          265.0,
          560.0,
          472.0,
          524.0,
          656.0,
          518.0,
          514.0,
          514.0,
          414.0,
          548.0,
          537.0,
          519.0,
          513.0,
          368.0,
          525.0,
          529.0,
          644.0,
          311.0,
          541.0,
          1105.0,
          506.0,
          522.0,
          511.0,
          511.0,
          514.0,
          505.0,
          555.0,
          521.0,
          520.0,
          495.0,
          505.0,
          509.0,
          518.0,
          519.0,
          552.0,
          357.0,
          527.0,
          522.0,
          322.0,
          503.0,
          550.0,
          529.0,
          495.0,
          518.0,
          150.0,
          460.0,
          518.0,
          526.0,
          519.0,
          519.0,
          521.0,
          519.0,
          23.0,
          529.0,
          520.0,
          521.0,
          520.0,
          81.0,
          587.0,
          526.0,
          519.0,
          161.0,
          501.0,
          529.0,
          1013.0,
          496.0,
          521.0,
          524.0,
          518.0,
          403.0,
          526.0,
          524.0,
          524.0,
          524.0,
          521.0,
          525.0,
          525.0,
          621.0,
          531.0,
          525.0,
          357.0,
          702.0,
          528.0,
          528.0,
          81.0,
          391.0,
          536.0,
          449.0,
          253.0,
          69.0,
          460.0,
          391.0,
          679.0,
          909.0,
          1128.0,
          104.0,
          380.0,
          368.0,
          265.0,
          173.0,
          667.0,
          311.0,
          311.0,
          760.0,
          127.0,
          311.0,
          635.0,
          555.0,
          537.0,
          524.0,
          525.0,
          524.0,
          456.0,
          610.0,
          334.0,
          502.0,
          532.0,
          104.0,
          345.0,
          522.0,
          533.0,
          531.0,
          528.0,
          403.0,
          299.0,
          517.0,
          519.0,
          522.0,
          219.0,
          921.0,
          138.0,
          521.0,
          525.0,
          127.0,
          35.0,
          46.0,
          667.0,
          679.0,
          564.0,
          564.0,
          564.0,
          391.0,
          702.0,
          718.0,
          684.0,
          92.0,
          207.0,
          621.0,
          618.0,
          368.0,
          46.0,
          299.0,
          253.0,
          345.0,
          667.0,
          437.0,
          621.0,
          460.0,
          679.0,
          138.0,
          311.0,
          667.0,
          495.0,
          322.0,
          380.0,
          495.0,
          369.0,
          380.0,
          403.0,
          35.0,
          575.0,
          230.0,
          253.0,
          92.0,
          783.0,
          219.0,
          196.0,
          437.0,
          495.0,
          748.0,
          748.0,
          990.0,
          253.0,
          184.0,
          506.0,
          532.0,
          521.0,
          426.0,
          506.0,
          334.0,
          414.0,
          449.0,
          345.0,
          288.0,
          564.0,
          449.0,
          207.0,
          503.0,
          520.0,
          522.0,
          522.0,
          527.0,
          472.0,
          521.0,
          517.0,
          514.0,
          531.0,
          528.0,
          414.0,
          472.0,
          437.0,
          253.0,
          426.0,
          598.0,
          544.0,
          519.0,
          322.0,
          299.0,
          299.0,
          345.0,
          587.0,
          460.0,
          449.0,
          519.0,
          529.0,
          230.0,
          518.0,
          518.0,
          552.0,
          556.0,
          495.0,
          414.0,
          531.0,
          345.0,
          536.0,
          532.0,
          495.0,
          357.0,
          531.0,
          587.0,
          967.0,
          460.0,
          528.0,
          525.0,
          483.0,
          449.0,
          509.0,
          184.0,
          334.0,
          522.0,
          527.0,
          564.0,
          519.0,
          524.0,
          521.0,
          12.0,
          196.0,
          519.0,
          517.0,
          437.0,
          533.0,
          532.0,
          104.0,
          526.0,
          526.0,
          524.0,
          524.0,
          527.0,
          527.0,
          380.0,
          345.0,
          1055.0,
          242.0,
          527.0,
          403.0,
          511.0,
          518.0,
          526.0,
          525.0,
          311.0,
          472.0,
          322.0,
          357.0,
          230.0,
          138.0,
          322.0,
          541.0,
          533.0,
          525.0,
          173.0,
          534.0,
          449.0,
          449.0,
          522.0,
          526.0,
          541.0,
          519.0,
          539.0,
          528.0,
          527.0,
          207.0,
          534.0,
          532.0,
          531.0,
          528.0,
          368.0,
          526.0,
          531.0,
          525.0,
          528.0,
          460.0,
          403.0,
          529.0,
          532.0,
          536.0,
          526.0,
          526.0,
          529.0,
          529.0,
          528.0,
          527.0,
          437.0,
          219.0,
          506.0,
          357.0,
          575.0,
          532.0,
          532.0,
          527.0,
          532.0,
          529.0,
          528.0,
          526.0,
          528.0,
          528.0,
          531.0,
          529.0,
          526.0,
          531.0,
          531.0,
          536.0,
          531.0,
          533.0,
          472.0,
          534.0,
          537.0,
          437.0,
          537.0,
          532.0,
          528.0,
          525.0,
          527.0,
          532.0,
          531.0,
          527.0,
          528.0,
          528.0,
          527.0,
          527.0,
          532.0,
          531.0,
          529.0,
          531.0,
          532.0,
          531.0,
          529.0,
          526.0,
          531.0,
          534.0,
          525.0,
          524.0,
          540.0,
          535.0,
          529.0,
          524.0,
          527.0,
          531.0,
          533.0,
          532.0,
          529.0,
          533.0,
          534.0,
          533.0,
          532.0,
          345.0,
          403.0,
          528.0,
          532.0,
          535.0,
          548.0,
          539.0,
          527.0,
          533.0,
          532.0,
          533.0,
          528.0,
          524.0,
          403.0,
          449.0,
          311.0,
          524.0,
          276.0,
          449.0,
          299.0,
          514.0,
          533.0,
          526.0,
          517.0,
          514.0,
          516.0,
          449.0,
          299.0,
          527.0,
          104.0,
          138.0,
          472.0,
          345.0,
          517.0,
          511.0,
          507.0,
          507.0,
          514.0,
          518.0,
          521.0,
          522.0,
          525.0,
          527.0,
          522.0,
          524.0,
          521.0,
          519.0,
          520.0,
          472.0,
          380.0,
          81.0,
          299.0,
          253.0,
          526.0,
          522.0,
          519.0,
          521.0,
          520.0,
          524.0,
          524.0,
          526.0,
          524.0,
          520.0,
          518.0,
          519.0,
          525.0,
          519.0,
          525.0,
          265.0,
          528.0,
          526.0,
          311.0,
          391.0,
          533.0,
          520.0,
          516.0,
          520.0,
          525.0,
          524.0,
          437.0,
          334.0,
          299.0,
          501.0,
          511.0,
          520.0,
          520.0,
          519.0,
          522.0,
          525.0,
          528.0,
          522.0,
          517.0,
          518.0,
          520.0,
          522.0,
          525.0,
          519.0,
          525.0,
          526.0,
          528.0,
          527.0,
          528.0,
          528.0,
          173.0,
          564.0,
          501.0,
          380.0,
          550.0,
          526.0,
          531.0,
          529.0,
          531.0,
          536.0,
          536.0,
          531.0,
          532.0,
          527.0,
          534.0,
          531.0,
          531.0,
          529.0,
          522.0,
          521.0,
          527.0,
          695.0,
          115.0,
          541.0,
          513.0,
          526.0,
          520.0,
          533.0,
          536.0,
          559.0,
          573.0,
          572.0,
          138.0,
          466.0,
          487.0,
          504.0,
          522.0,
          528.0,
          517.0,
          527.0,
          527.0,
          524.0,
          522.0,
          527.0,
          265.0,
          480.0,
          501.0,
          173.0,
          573.0,
          577.0,
          574.0,
          712.0,
          483.0,
          311.0,
          366.0,
          456.0,
          486.0,
          529.0,
          543.0,
          544.0,
          544.0,
          115.0,
          559.0,
          510.0,
          529.0,
          529.0,
          527.0,
          524.0,
          528.0,
          529.0,
          527.0,
          529.0,
          514.0,
          532.0,
          522.0,
          527.0,
          529.0,
          527.0,
          525.0,
          529.0,
          528.0,
          529.0,
          529.0,
          527.0,
          524.0,
          525.0,
          524.0,
          526.0,
          529.0,
          528.0,
          528.0,
          527.0,
          527.0,
          524.0,
          532.0,
          526.0,
          528.0,
          518.0,
          526.0,
          528.0,
          532.0,
          526.0,
          522.0,
          524.0,
          526.0,
          527.0,
          529.0,
          527.0,
          526.0,
          524.0,
          526.0,
          527.0,
          526.0,
          527.0,
          527.0,
          527.0,
          526.0,
          528.0,
          525.0,
          519.0,
          518.0,
          532.0,
          253.0,
          518.0,
          58.0,
          460.0,
          380.0,
          357.0,
          426.0,
          391.0,
          1128.0,
          391.0,
          506.0,
          817.0,
          368.0,
          69.0,
          702.0,
          472.0,
          403.0,
          414.0,
          334.0,
          564.0,
          219.0,
          598.0,
          621.0,
          334.0,
          644.0,
          483.0,
          495.0,
          322.0,
          161.0,
          1059.0,
          518.0,
          311.0,
          472.0,
          219.0,
          138.0,
          541.0,
          322.0,
          1001.0,
          380.0,
          322.0,
          536.0,
          537.0,
          1036.0,
          449.0,
          311.0,
          909.0,
          656.0,
          426.0,
          253.0,
          529.0,
          552.0,
          817.0,
          299.0,
          932.0,
          831.0,
          730.0,
          629.0,
          528.0,
          518.0,
          311.0,
          529.0,
          506.0,
          414.0,
          545.0,
          531.0,
          534.0,
          644.0,
          161.0,
          535.0,
          537.0,
          536.0,
          536.0,
          539.0,
          540.0,
          539.0,
          540.0,
          426.0,
          299.0,
          449.0,
          552.0,
          543.0,
          437.0,
          497.0,
          564.0,
          299.0,
          472.0,
          426.0,
          460.0,
          564.0,
          322.0,
          345.0,
          483.0,
          184.0,
          460.0,
          161.0,
          529.0,
          81.0,
          534.0,
          380.0,
          506.0,
          380.0,
          495.0,
          265.0,
          322.0,
          322.0,
          549.0,
          562.0,
          587.0,
          368.0,
          449.0,
          566.0,
          437.0,
          541.0,
          667.0,
          955.0,
          955.0,
          526.0,
          426.0,
          288.0,
          288.0,
          357.0,
          460.0,
          587.0,
          533.0,
          12.0,
          537.0,
          760.0,
          184.0,
          575.0,
          58.0,
          541.0,
          368.0,
          391.0,
          460.0,
          766.0,
          207.0,
          357.0,
          598.0,
          495.0,
          198.0,
          437.0,
          219.0,
          380.0,
          539.0,
          646.0,
          646.0,
          555.0,
          345.0,
          541.0,
          540.0,
          541.0,
          544.0,
          426.0,
          104.0,
          173.0,
          495.0,
          528.0,
          541.0,
          575.0,
          380.0,
          472.0,
          322.0,
          449.0,
          537.0,
          540.0,
          426.0,
          449.0,
          368.0,
          552.0,
          646.0,
          276.0,
          334.0,
          544.0,
          544.0,
          542.0,
          609.0,
          565.0,
          368.0,
          587.0,
          368.0,
          741.0,
          525.0,
          1038.0,
          104.0,
          575.0,
          529.0,
          495.0,
          639.0,
          127.0,
          242.0,
          536.0,
          483.0,
          460.0,
          472.0,
          623.0,
          357.0,
          518.0,
          495.0,
          403.0,
          543.0,
          483.0,
          460.0,
          449.0,
          559.0,
          621.0,
          483.0,
          276.0,
          545.0,
          506.0,
          541.0,
          510.0,
          403.0,
          541.0,
          564.0,
          499.0,
          472.0,
          543.0,
          544.0,
          544.0,
          545.0,
          547.0,
          545.0,
          545.0,
          545.0,
          545.0,
          547.0,
          548.0,
          540.0,
          552.0,
          299.0,
          542.0,
          253.0,
          550.0,
          460.0,
          577.0,
          557.0,
          495.0,
          554.0,
          548.0,
          558.0,
          547.0,
          230.0,
          552.0,
          345.0,
          265.0,
          322.0,
          403.0,
          207.0,
          806.0,
          173.0,
          184.0,
          334.0,
          702.0,
          322.0,
          541.0,
          322.0,
          550.0,
          529.0,
          426.0,
          495.0,
          449.0,
          534.0,
          161.0,
          311.0,
          299.0,
          322.0,
          368.0,
          550.0,
          242.0,
          368.0,
          414.0,
          518.0,
          288.0,
          1093.0,
          558.0,
          562.0,
          555.0,
          532.0,
          536.0,
          540.0,
          539.0,
          544.0,
          541.0,
          531.0,
          536.0,
          542.0,
          540.0,
          540.0,
          537.0,
          414.0,
          725.0,
          551.0,
          12.0,
          552.0,
          574.0,
          449.0,
          184.0,
          563.0,
          543.0,
          544.0,
          549.0,
          551.0,
          551.0,
          426.0,
          564.0,
          560.0,
          549.0,
          548.0,
          548.0,
          545.0,
          548.0,
          547.0,
          544.0,
          547.0,
          403.0,
          506.0,
          460.0,
          426.0,
          598.0,
          380.0,
          437.0,
          472.0,
          414.0,
          495.0,
          345.0,
          564.0,
          403.0,
          380.0,
          541.0,
          391.0,
          548.0,
          542.0,
          543.0,
          545.0,
          529.0,
          532.0,
          529.0,
          534.0,
          539.0,
          529.0,
          488.0,
          539.0,
          483.0,
          483.0,
          702.0,
          518.0,
          380.0,
          598.0,
          426.0,
          533.0,
          357.0,
          564.0,
          535.0,
          449.0,
          495.0,
          535.0,
          540.0,
          529.0,
          380.0,
          368.0,
          437.0,
          575.0,
          541.0,
          506.0,
          265.0,
          529.0,
          506.0,
          536.0,
          472.0,
          531.0,
          535.0,
          527.0,
          528.0,
          532.0,
          539.0,
          539.0,
          539.0,
          540.0,
          536.0,
          449.0,
          507.0,
          516.0,
          536.0,
          542.0,
          544.0,
          540.0,
          542.0,
          540.0,
          543.0,
          543.0,
          541.0,
          543.0,
          542.0,
          322.0,
          322.0,
          69.0,
          544.0,
          539.0,
          541.0,
          542.0,
          540.0,
          542.0,
          545.0,
          334.0,
          506.0,
          518.0,
          549.0,
          547.0,
          542.0,
          535.0,
          414.0,
          542.0,
          541.0,
          539.0,
          380.0,
          380.0,
          219.0,
          380.0,
          544.0,
          518.0,
          472.0,
          544.0,
          540.0,
          540.0,
          542.0,
          219.0,
          414.0,
          426.0,
          334.0,
          403.0,
          391.0,
          403.0,
          536.0,
          207.0,
          276.0,
          472.0,
          545.0,
          472.0,
          587.0,
          253.0,
          552.0,
          196.0,
          357.0,
          555.0,
          449.0,
          535.0,
          575.0,
          621.0,
          533.0,
          334.0,
          495.0,
          518.0,
          219.0,
          414.0,
          253.0,
          391.0,
          299.0,
          299.0,
          543.0,
          544.0,
          543.0,
          543.0,
          542.0,
          35.0,
          575.0,
          276.0,
          161.0,
          35.0,
          540.0,
          276.0,
          115.0,
          545.0,
          547.0,
          544.0,
          547.0,
          542.0,
          545.0,
          547.0,
          543.0,
          542.0,
          542.0,
          230.0,
          667.0,
          544.0,
          543.0,
          544.0,
          543.0,
          460.0,
          564.0,
          403.0,
          472.0,
          403.0,
          276.0,
          552.0,
          276.0,
          562.0,
          334.0,
          334.0,
          322.0,
          391.0,
          437.0,
          334.0,
          552.0,
          541.0,
          334.0,
          549.0,
          548.0,
          548.0,
          545.0,
          541.0,
          541.0,
          544.0,
          542.0,
          483.0,
          46.0,
          380.0,
          551.0,
          547.0,
          545.0,
          545.0,
          545.0,
          544.0,
          545.0,
          547.0,
          414.0,
          549.0,
          544.0,
          644.0,
          81.0,
          547.0,
          545.0,
          545.0,
          545.0,
          547.0,
          548.0,
          547.0,
          544.0,
          544.0,
          414.0,
          449.0,
          253.0,
          345.0,
          549.0,
          403.0,
          357.0,
          426.0,
          460.0,
          357.0,
          545.0,
          545.0,
          545.0,
          545.0,
          547.0,
          276.0,
          545.0,
          495.0,
          403.0,
          506.0,
          322.0,
          552.0,
          783.0,
          265.0,
          550.0,
          548.0,
          547.0,
          547.0,
          547.0,
          549.0,
          69.0,
          403.0,
          506.0,
          368.0,
          543.0,
          542.0,
          544.0,
          544.0,
          544.0,
          544.0,
          322.0,
          543.0,
          539.0,
          543.0,
          544.0,
          544.0,
          544.0,
          543.0,
          542.0,
          541.0,
          544.0,
          541.0,
          543.0,
          541.0,
          414.0,
          564.0,
          536.0,
          368.0,
          552.0,
          357.0,
          542.0,
          345.0,
          219.0,
          518.0,
          276.0,
          545.0,
          543.0,
          542.0,
          542.0,
          345.0,
          472.0,
          242.0,
          495.0,
          529.0,
          403.0,
          548.0,
          543.0,
          540.0,
          541.0,
          542.0,
          547.0,
          545.0,
          543.0,
          537.0,
          368.0,
          357.0,
          311.0,
          536.0,
          460.0,
          150.0,
          127.0,
          437.0,
          265.0,
          534.0,
          536.0,
          276.0,
          483.0,
          532.0,
          380.0,
          725.0,
          526.0,
          391.0,
          357.0,
          518.0,
          334.0,
          537.0,
          536.0,
          535.0,
          527.0,
          334.0,
          531.0,
          532.0,
          529.0,
          426.0,
          253.0,
          518.0,
          539.0,
          531.0,
          531.0,
          532.0,
          528.0,
          534.0,
          529.0,
          219.0,
          460.0,
          161.0,
          524.0,
          531.0,
          532.0,
          527.0,
          525.0,
          531.0,
          532.0,
          532.0,
          276.0,
          534.0,
          532.0,
          528.0,
          528.0,
          527.0,
          529.0,
          529.0,
          534.0,
          532.0,
          532.0,
          529.0,
          527.0,
          345.0,
          357.0,
          529.0,
          528.0,
          528.0,
          529.0,
          527.0,
          529.0,
          403.0,
          535.0,
          564.0,
          184.0,
          380.0,
          299.0,
          526.0,
          528.0,
          528.0,
          529.0,
          528.0,
          528.0,
          528.0,
          528.0,
          531.0,
          528.0,
          531.0,
          529.0,
          528.0,
          531.0,
          219.0,
          311.0,
          525.0,
          138.0,
          334.0,
          529.0,
          531.0,
          531.0,
          529.0,
          483.0,
          528.0,
          531.0,
          527.0,
          526.0,
          528.0,
          528.0,
          527.0,
          529.0,
          529.0,
          525.0,
          531.0,
          529.0,
          527.0,
          532.0,
          529.0,
          533.0,
          536.0,
          536.0,
          537.0,
          537.0,
          531.0,
          539.0,
          542.0,
          545.0,
          535.0,
          543.0,
          535.0,
          537.0,
          542.0,
          531.0,
          536.0,
          536.0,
          537.0,
          541.0,
          542.0,
          536.0,
          535.0,
          532.0,
          531.0,
          532.0,
          531.0,
          536.0,
          534.0,
          537.0,
          529.0,
          534.0,
          540.0,
          535.0,
          533.0,
          536.0,
          535.0,
          535.0,
          534.0,
          536.0,
          540.0,
          537.0,
          536.0,
          537.0,
          536.0,
          534.0,
          527.0,
          311.0,
          543.0,
          528.0,
          517.0,
          525.0,
          526.0,
          527.0,
          345.0,
          541.0,
          540.0,
          528.0,
          535.0,
          540.0,
          536.0,
          528.0,
          534.0,
          533.0,
          535.0,
          532.0,
          230.0,
          403.0,
          565.0,
          311.0,
          498.0,
          528.0,
          543.0,
          541.0,
          521.0,
          522.0,
          526.0,
          527.0,
          532.0,
          541.0,
          535.0,
          529.0,
          525.0,
          528.0,
          534.0,
          533.0,
          527.0,
          533.0,
          532.0,
          525.0,
          527.0,
          527.0,
          598.0,
          522.0,
          524.0,
          368.0,
          518.0,
          520.0,
          511.0,
          524.0,
          527.0,
          520.0,
          525.0,
          525.0,
          525.0,
          527.0,
          288.0,
          532.0,
          521.0,
          519.0,
          519.0,
          322.0,
          512.0,
          524.0,
          527.0,
          521.0,
          522.0,
          520.0,
          518.0,
          522.0,
          527.0,
          520.0,
          391.0,
          514.0,
          529.0,
          518.0,
          518.0,
          517.0,
          518.0,
          517.0,
          518.0,
          516.0,
          517.0,
          391.0,
          334.0,
          345.0,
          518.0,
          521.0,
          514.0,
          150.0,
          518.0,
          514.0,
          513.0,
          519.0,
          517.0,
          517.0,
          517.0,
          521.0,
          521.0,
          516.0,
          517.0,
          426.0,
          357.0,
          517.0,
          514.0,
          311.0,
          504.0,
          299.0,
          518.0,
          517.0,
          513.0,
          516.0,
          516.0,
          514.0,
          511.0,
          513.0,
          513.0,
          514.0,
          513.0,
          514.0,
          517.0,
          507.0,
          299.0,
          513.0,
          514.0,
          516.0,
          516.0,
          253.0,
          514.0,
          514.0,
          516.0,
          510.0,
          518.0,
          512.0,
          510.0,
          514.0,
          513.0,
          513.0,
          512.0,
          510.0,
          299.0,
          495.0,
          299.0,
          511.0,
          517.0,
          513.0,
          507.0,
          504.0,
          334.0,
          497.0,
          368.0,
          510.0,
          516.0,
          514.0,
          513.0,
          345.0,
          491.0,
          510.0,
          513.0,
          517.0,
          514.0,
          516.0,
          516.0,
          520.0,
          518.0,
          524.0,
          288.0,
          514.0,
          520.0,
          522.0,
          521.0,
          521.0,
          522.0,
          525.0,
          525.0,
          522.0,
          519.0,
          522.0,
          526.0,
          526.0,
          535.0,
          528.0,
          527.0,
          525.0,
          527.0,
          311.0,
          173.0,
          527.0,
          526.0,
          528.0,
          528.0,
          334.0,
          230.0,
          552.0,
          380.0,
          207.0,
          521.0,
          521.0,
          527.0,
          527.0,
          528.0,
          524.0,
          526.0,
          525.0,
          552.0,
          525.0,
          526.0,
          184.0,
          521.0,
          524.0,
          531.0,
          529.0,
          527.0,
          525.0,
          529.0,
          528.0,
          528.0,
          525.0,
          311.0,
          525.0,
          449.0,
          518.0,
          161.0,
          512.0,
          437.0,
          322.0,
          511.0,
          519.0,
          391.0,
          516.0,
          525.0,
          299.0,
          150.0,
          794.0,
          345.0,
          564.0,
          334.0,
          426.0,
          525.0,
          522.0,
          525.0,
          520.0,
          519.0,
          449.0,
          368.0,
          368.0,
          368.0,
          794.0,
          414.0,
          414.0,
          288.0,
          817.0,
          817.0,
          541.0,
          483.0,
          276.0,
          460.0,
          207.0,
          299.0,
          967.0,
          127.0,
          633.0,
          35.0,
          35.0,
          403.0,
          345.0,
          495.0,
          414.0,
          541.0,
          449.0,
          288.0,
          426.0,
          115.0,
          265.0,
          173.0,
          299.0,
          184.0,
          276.0,
          403.0,
          414.0,
          288.0,
          242.0,
          345.0,
          253.0,
          311.0,
          414.0,
          311.0,
          575.0,
          311.0,
          483.0,
          368.0,
          46.0,
          368.0,
          391.0,
          1059.0,
          161.0,
          368.0,
          414.0,
          23.0,
          449.0,
          518.0,
          368.0,
          414.0,
          345.0,
          449.0,
          322.0,
          495.0,
          265.0,
          403.0,
          426.0,
          334.0,
          334.0,
          391.0,
          357.0,
          552.0,
          495.0,
          403.0,
          426.0,
          334.0,
          472.0,
          460.0,
          587.0,
          345.0,
          345.0,
          253.0,
          426.0,
          414.0,
          518.0,
          414.0,
          518.0,
          495.0,
          426.0,
          556.0,
          554.0,
          555.0,
          460.0,
          460.0,
          558.0,
          449.0,
          460.0,
          368.0,
          483.0,
          380.0,
          426.0,
          299.0,
          414.0,
          472.0,
          81.0,
          506.0,
          265.0,
          506.0,
          426.0,
          817.0,
          104.0,
          495.0,
          253.0,
          449.0,
          345.0,
          345.0,
          426.0,
          541.0,
          322.0,
          311.0,
          535.0,
          138.0,
          541.0,
          207.0,
          529.0,
          437.0,
          334.0,
          518.0,
          380.0,
          495.0,
          150.0,
          526.0,
          527.0,
          288.0,
          544.0,
          426.0,
          437.0,
          403.0,
          402.0,
          399.0,
          398.0,
          397.0,
          396.0,
          394.0,
          392.0,
          391.0,
          389.0,
          388.0,
          387.0,
          386.0,
          384.0,
          371.0,
          366.0,
          361.0,
          357.0,
          348.0,
          345.0,
          345.0,
          348.0,
          348.0,
          348.0,
          348.0,
          348.0,
          348.0,
          348.0,
          348.0,
          348.0,
          345.0,
          345.0,
          343.0,
          341.0,
          338.0,
          336.0,
          334.0,
          329.0,
          325.0,
          320.0,
          320.0,
          313.0,
          311.0,
          306.0,
          304.0,
          302.0,
          299.0,
          299.0,
          297.0,
          297.0,
          297.0,
          295.0,
          295.0,
          295.0,
          295.0,
          295.0,
          295.0,
          292.0,
          292.0,
          292.0,
          292.0,
          292.0,
          292.0,
          290.0,
          290.0,
          290.0,
          290.0,
          290.0,
          290.0,
          290.0,
          290.0,
          292.0,
          292.0,
          290.0,
          292.0,
          292.0,
          292.0,
          292.0,
          292.0,
          292.0,
          292.0,
          295.0,
          299.0,
          297.0,
          297.0
        ],
        "altitude_ft": [
          26825,
          27539,
          28254,
          28968,
          29682,
          30396,
          31111,
          31825,
          32539,
          33254,
          33968,
          34325,
          34400,
          34450,
          34500,
          34550,
          34625,
          34775,
          35475,
          35550,
          36425,
          37350,
          37500,
          37550,
          37600,
          37600,
          37650,
          37675,
          37700,
          37725,
          37775,
          37800,
          37825,
          37850,
          37875,
          37900,
          37950,
          37975,
          38000,
          38050,
          38075,
          38100,
          38125,
          38225,
          38250,
          38325,
          38425,
          38450,
          38500,
          38525,
          38550,
          38600,
          38625,
          38650,
          38675,
          38700,
          38725,
          38775,
          38800,
          38850,
          39125,
          39175,
          39200,
          39225,
          39250,
          39275,
          39325,
          39550,
          39600,
          39650,
          39850,
          39875,
          39925,
          40025,
          40075,
          40100,
          40125,
          40175,
          40200,
          40300,
          40325,
          40350,
          40375,
          40425,
          40450,
          40475,
          40575,
          40600,
          40800,
          40800,
          40850,
          40875,
          40900,
          40925,
          40925,
          40950,
          40975,
          41025,
          41025,
          41050,
          41075,
          41100,
          41125,
          41150,
          41175,
          41200,
          41425,
          41450,
          41475,
          41475,
          41525,
          41550,
          41575,
          41575,
          41600,
          41625,
          41650,
          41650,
          41675,
          41700,
          41700,
          41775,
          41800,
          41800,
          41825,
          41825,
          41850,
          41875,
          41900,
          41925,
          41925,
          41950,
          41950,
          41975,
          42000,
          42175,
          42375,
          42525,
          42550,
          42550,
          42550,
          42575,
          42575,
          42600,
          42625,
          42675,
          42675,
          42700,
          42700,
          42725,
          42775,
          42800,
          42825,
          42850,
          42850,
          42875,
          42875,
          42900,
          42925,
          42950,
          42950,
          42975,
          42975,
          42975,
          43000,
          43000,
          43025,
          43025,
          43050,
          43075,
          43075,
          43150,
          43175,
          43175,
          43175,
          43200,
          43200,
          43225,
          43225,
          43250,
          43250,
          43275,
          43300,
          43300,
          43325,
          43325,
          43350,
          43350,
          43375,
          43375,
          43400,
          43400,
          43425,
          43450,
          43450,
          43475,
          43475,
          43500,
          43500,
          43525,
          43525,
          43550,
          43550,
          43575,
          43575,
          43600,
          43600,
          43600,
          43625,
          43625,
          43625,
          43650,
          43650,
          43675,
          43675,
          43675,
          43700,
          43700,
          43700,
          43725,
          43725,
          43750,
          43750,
          43750,
          43775,
          43775,
          43775,
          43800,
          43800,
          43800,
          43825,
          43825,
          43825,
          43850,
          43850,
          43850,
          43875,
          43875,
          43900,
          43900,
          43925,
          43925,
          43925,
          43950,
          43950,
          43975,
          43975,
          43975,
          44000,
          44000,
          44025,
          44025,
          44025,
          44050,
          44050,
          44050,
          44075,
          44075,
          44100,
          44100,
          44100,
          44125,
          44125,
          44175,
          44200,
          44225,
          44225,
          44225,
          44250,
          44250,
          44250,
          44275,
          44275,
          44300,
          44300,
          44325,
          44325,
          44350,
          44350,
          44350,
          44400,
          44400,
          44425,
          44425,
          44425,
          44450,
          44450,
          44475,
          44475,
          44475,
          44500,
          44500,
          44525,
          44525,
          44575,
          44600,
          44600,
          44600,
          44625,
          44650,
          44675,
          44675,
          44675,
          44700,
          44800,
          44975,
          45000,
          45000,
          45000,
          45000,
          45000,
          45000,
          45000,
          45000,
          45000,
          45000,
          45000,
          45000,
          45000,
          45000,
          45000,
          45000,
          45000,
          45000,
          45000,
          45000,
          45000,
          45000,
          45000,
          45000,
          45000,
          45000,
          45000,
          45000,
          45000,
          45000,
          45000,
          45000,
          45000,
          45000,
          45000,
          45000,
          45000,
          45000,
          45000,
          45000,
          45000,
          45000,
          45000,
          45000,
          45000,
          45000,
          45000,
          45000,
          45000,
          45000,
          45000,
          45000,
          45000,
          45000,
          45000,
          45000,
          45000,
          45000,
          45000,
          45000,
          45000,
          45000,
          45000,
          45000,
          45000,
          45000,
          45000,
          45000,
          45000,
          45000,
          45000,
          45000,
          45000,
          45000,
          45000,
          45000,
          45000,
          45000,
          45000,
          45000,
          45000,
          45000,
          45000,
          45000,
          45000,
          45000,
          45000,
          45000,
          45000,
          45000,
          45000,
          45000,
          45000,
          45000,
          45000,
          45000,
          45000,
          45000,
          45000,
          45000,
          45000,
          45000,
          45000,
          45000,
          45000,
          45000,
          45000,
          45000,
          45000,
          45000,
          45000,
          45000,
          45000,
          45000,
          45000,
          45000,
          45000,
          45000,
          45000,
          45000,
          45000,
          45000,
          45000,
          45000,
          45000,
          45000,
          45000,
          45000,
          45000,
          45000,
          45000,
          45000,
          45000,
          45000,
          45000,
          45000,
          45000,
          45000,
          45000,
          45000,
          45000,
          45000,
          45000,
          45000,
          45000,
          45000,
          45000,
          45000,
          45000,
          45000,
          45000,
          45000,
          45000,
          45000,
          45000,
          45000,
          45000,
          45000,
          45000,
          45000,
          45000,
          45000,
          45000,
          45000,
          45000,
          45000,
          45000,
          45000,
          45000,
          45000,
          45000,
          45000,
          45000,
          45000,
          45000,
          45000,
          45000,
          45000,
          45000,
          45000,
          45000,
          45000,
          45000,
          45000,
          45000,
          45000,
          45000,
          45000,
          45000,
          45000,
          45000,
          45000,
          45000,
          45000,
          45000,
          45000,
          45000,
          45000,
          45000,
          45000,
          45000,
          45000,
          45000,
          45000,
          45000,
          45000,
          45000,
          45000,
          45000,
          45000,
          45000,
          45000,
          45000,
          45000,
          45000,
          45000,
          45000,
          45000,
          45000,
          45000,
          45000,
          45000,
          45000,
          45000,
          45000,
          45000,
          45000,
          45000,
          45000,
          45000,
          45000,
          45000,
          45000,
          45000,
          45000,
          45000,
          45000,
          45000,
          45000,
          45000,
          45000,
          45000,
          45000,
          45000,
          45000,
          45000,
          45000,
          45000,
          45000,
          45000,
          45000,
          45000,
          45000,
          45000,
          45000,
          45000,
          45000,
          45000,
          45000,
          45000,
          45000,
          45000,
          45000,
          45000,
          45000,
          45000,
          45000,
          45000,
          45000,
          45000,
          45000,
          45000,
          45000,
          45000,
          45000,
          45000,
          45000,
          45000,
          45000,
          45000,
          45000,
          45000,
          45000,
          45000,
          45000,
          45000,
          45000,
          45000,
          45000,
          45000,
          45000,
          45000,
          45000,
          45000,
          45000,
          45000,
          45000,
          45000,
          45000,
          45000,
          45000,
          45000,
          45000,
          45000,
          45000,
          45000,
          45000,
          45000,
          45000,
          45000,
          45000,
          45000,
          45000,
          45000,
          45000,
          45000,
          45000,
          45000,
          45000,
          45000,
          45000,
          45000,
          45000,
          45000,
          45000,
          45000,
          45000,
          45000,
          45000,
          45000,
          45000,
          45000,
          45000,
          45000,
          45000,
          45000,
          45000,
          45000,
          45000,
          45000,
          45000,
          45000,
          45000,
          45000,
          45000,
          45000,
          45000,
          45000,
          45000,
          45000,
          45000,
          45000,
          45000,
          45000,
          45000,
          45000,
          45000,
          45000,
          45000,
          45000,
          45000,
          45000,
          45000,
          45000,
          45000,
          45000,
          45000,
          45000,
          45000,
          45000,
          45000,
          45000,
          45000,
          45000,
          45000,
          45000,
          45000,
          45000,
          45000,
          45000,
          45000,
          45000,
          45000,
          45000,
          45000,
          45000,
          45000,
          45000,
          45000,
          45000,
          45000,
          45000,
          45000,
          45000,
          45000,
          45000,
          45000,
          45000,
          45000,
          45000,
          45000,
          45000,
          45000,
          45000,
          45000,
          45000,
          45000,
          45000,
          45000,
          45000,
          45000,
          45000,
          45000,
          45000,
          45000,
          45000,
          45000,
          45000,
          45000,
          45000,
          45000,
          45000,
          45000,
          45000,
          45000,
          45000,
          45000,
          45000,
          45000,
          45000,
          45000,
          45000,
          45000,
          45000,
          45000,
          45000,
          45000,
          45000,
          45000,
          45000,
          45000,
          45000,
          45000,
          45000,
          45000,
          45000,
          45000,
          45000,
          45000,
          45000,
          45000,
          45000,
          45000,
          45000,
          45000,
          45000,
          45000,
          45000,
          45000,
          45000,
          45000,
          45000,
          45000,
          45000,
          45000,
          45000,
          45000,
          45000,
          45000,
          45000,
          45000,
          45000,
          45000,
          45000,
          45000,
          45000,
          45000,
          45000,
          45000,
          45000,
          45000,
          45000,
          45000,
          45000,
          45000,
          45000,
          45000,
          45000,
          45000,
          45000,
          45000,
          45000,
          45000,
          45000,
          45000,
          45000,
          45000,
          45000,
          45000,
          45000,
          45000,
          45000,
          45000,
          45000,
          45000,
          45000,
          45000,
          45000,
          45000,
          45000,
          45000,
          45000,
          45000,
          45000,
          45000,
          45000,
          45000,
          45000,
          45000,
          45000,
          45000,
          45000,
          45000,
          45000,
          45000,
          45000,
          45000,
          45000,
          45000,
          45000,
          45000,
          45000,
          45000,
          45000,
          45000,
          45000,
          45000,
          45000,
          45000,
          45000,
          45000,
          45000,
          45000,
          45000,
          45000,
          45000,
          45000,
          45000,
          45000,
          45000,
          45000,
          45000,
          45000,
          45000,
          45000,
          45000,
          45000,
          45000,
          45000,
          45000,
          45000,
          45000,
          45000,
          45000,
          45000,
          45000,
          45000,
          45000,
          45000,
          45000,
          45000,
          45000,
          45000,
          45000,
          45000,
          45000,
          45000,
          45000,
          45000,
          45000,
          45000,
          45000,
          45000,
          45000,
          45000,
          45000,
          45000,
          45000,
          45000,
          45000,
          45000,
          45000,
          45000,
          45000,
          45000,
          45000,
          45000,
          45000,
          45000,
          45000,
          45000,
          45000,
          45000,
          45000,
          45000,
          45000,
          45000,
          45000,
          45000,
          45000,
          45000,
          45000,
          45000,
          45000,
          45000,
          45000,
          45000,
          45000,
          45000,
          45000,
          45000,
          45000,
          45000,
          45000,
          45000,
          45000,
          45000,
          45000,
          45000,
          45000,
          45000,
          45000,
          45000,
          45000,
          45000,
          45000,
          45000,
          45000,
          45000,
          45000,
          45000,
          45000,
          45000,
          45000,
          45000,
          45000,
          45000,
          45000,
          45000,
          45000,
          45000,
          45000,
          45000,
          45000,
          45000,
          45000,
          45000,
          45000,
          45000,
          45000,
          45000,
          45000,
          45000,
          45000,
          45000,
          45000,
          45000,
          45000,
          45000,
          45000,
          45000,
          45000,
          45000,
          45000,
          45000,
          45000,
          45000,
          45000,
          45000,
          45000,
          45000,
          45000,
          45000,
          45000,
          45000,
          45000,
          45000,
          45000,
          45000,
          45000,
          45000,
          45000,
          45000,
          45000,
          45000,
          45000,
          45000,
          45000,
          45000,
          45000,
          45000,
          45000,
          45000,
          45000,
          45000,
          45000,
          45000,
          45000,
          45000,
          45000,
          45000,
          45000,
          45000,
          45000,
          45000,
          45000,
          45000,
          45000,
          45000,
          45000,
          45000,
          45000,
          45000,
          45000,
          45000,
          45000,
          45000,
          45000,
          45000,
          45000,
          45000,
          45000,
          45000,
          45000,
          45000,
          45000,
          45000,
          45000,
          45000,
          45000,
          45000,
          45000,
          45000,
          45000,
          45000,
          45000,
          45000,
          45000,
          45000,
          45000,
          45000,
          45000,
          45000,
          45000,
          45000,
          45000,
          45000,
          45000,
          45000,
          45000,
          45000,
          45000,
          45000,
          45000,
          45000,
          45000,
          45000,
          45000,
          45000,
          45000,
          45000,
          45000,
          45000,
          45000,
          45000,
          45000,
          45000,
          45000,
          45000,
          45000,
          45000,
          45000,
          45000,
          45000,
          45000,
          45000,
          45000,
          45000,
          45000,
          45000,
          45000,
          45000,
          45000,
          45000,
          45000,
          45000,
          45000,
          45000,
          45000,
          45000,
          45000,
          45000,
          45000,
          45000,
          45000,
          45000,
          45000,
          45000,
          45000,
          45000,
          45000,
          45000,
          45000,
          45000,
          45000,
          45000,
          45000,
          45000,
          45000,
          45000,
          45000,
          45000,
          45000,
          45000,
          45000,
          45000,
          45000,
          45000,
          45000,
          45000,
          45000,
          45000,
          45000,
          45000,
          45000,
          45000,
          45000,
          45000,
          45000,
          45000,
          45000,
          45000,
          45000,
          45000,
          45000,
          45000,
          45000,
          45000,
          45000,
          45000,
          45000,
          45000,
          45000,
          45000,
          45000,
          45000,
          45000,
          45000,
          45000,
          45000,
          45000,
          45000,
          45000,
          45000,
          45000,
          45000,
          45000,
          45000,
          45000,
          45000,
          45000,
          45000,
          45000,
          45000,
          45000,
          45000,
          45000,
          45000,
          45000,
          45000,
          45000,
          45000,
          45000,
          45000,
          45000,
          45000,
          45000,
          45000,
          45000,
          45000,
          45000,
          45000,
          45000,
          45000,
          45000,
          45000,
          45000,
          45000,
          45000,
          45000,
          45000,
          45000,
          45000,
          45000,
          45000,
          45000,
          45000,
          45000,
          45000,
          45000,
          45000,
          45000,
          45000,
          45000,
          45000,
          45000,
          45000,
          45000,
          45000,
          45000,
          45000,
          45000,
          45000,
          45000,
          45000,
          45000,
          45000,
          45000,
          45000,
          45000,
          45000,
          45000,
          45000,
          45000,
          45000,
          45000,
          45000,
          45000,
          45000,
          45000,
          45000,
          45000,
          45000,
          45000,
          45000,
          45000,
          45000,
          45000,
          45000,
          45000,
          45000,
          45000,
          45000,
          45000,
          45000,
          45000,
          45000,
          45000,
          45000,
          45000,
          45000,
          45000,
          45000,
          45000,
          45000,
          45000,
          45000,
          45000,
          45000,
          45000,
          45000,
          45000,
          45000,
          45000,
          45000,
          45000,
          45000,
          45000,
          45000,
          45000,
          45000,
          45000,
          45000,
          45000,
          45000,
          45000,
          45000,
          45000,
          45000,
          45000,
          45000,
          45000,
          45000,
          45000,
          45000,
          45000,
          45000,
          45000,
          45000,
          45000,
          45000,
          45000,
          45000,
          45000,
          45000,
          45000,
          45000,
          45000,
          45000,
          45000,
          45000,
          45000,
          45000,
          45000,
          45000,
          45000,
          45000,
          45000,
          45000,
          45000,
          45000,
          45000,
          45000,
          45000,
          45000,
          45000,
          45000,
          45000,
          45000,
          45000,
          45000,
          45000,
          45000,
          45000,
          45000,
          45000,
          45000,
          45000,
          45000,
          45000,
          45000,
          45000,
          45000,
          45000,
          45000,
          45000,
          45000,
          45000,
          45000,
          45000,
          45000,
          45000,
          45000,
          45000,
          45000,
          45000,
          45000,
          45000,
          45000,
          45000,
          45000,
          45000,
          45000,
          45000,
          45000,
          45000,
          45000,
          45000,
          45000,
          45000,
          45000,
          45000,
          45000,
          45000,
          45000,
          45000,
          45000,
          45000,
          45000,
          45000,
          45000,
          45000,
          45000,
          45000,
          45000,
          45000,
          45000,
          45000,
          45000,
          45000,
          45000,
          45000,
          45000,
          45000,
          45000,
          45000,
          45000,
          45000,
          45000,
          45000,
          45000,
          45000,
          45000,
          45000,
          45000,
          45000,
          45000,
          45000,
          45000,
          45000,
          45000,
          45000,
          45000,
          45000,
          45000,
          45000,
          45000,
          45000,
          45000,
          45000,
          45000,
          45000,
          45000,
          45000,
          45000,
          45000,
          45000,
          45000,
          45000,
          45000,
          45000,
          45000,
          45000,
          45000,
          45000,
          45000,
          45000,
          45000,
          45000,
          45000,
          45000,
          45000,
          45000,
          45000,
          45000,
          45000,
          45000,
          45000,
          45000,
          45000,
          45000,
          45000,
          45000,
          45000,
          45000,
          45000,
          45000,
          45000,
          45000,
          45000,
          45000,
          45000,
          45000,
          45000,
          45000,
          45000,
          45000,
          45000,
          45000,
          45000,
          45000,
          45000,
          45000,
          45000,
          45000,
          45000,
          45000,
          45000,
          45000,
          45000,
          45000,
          45000,
          45000,
          45000,
          45000,
          45000,
          45000,
          45000,
          45000,
          45000,
          45000,
          45000,
          45000,
          45000,
          45000,
          45000,
          45000,
          45000,
          45000,
          45000,
          45000,
          45000,
          45000,
          45000,
          45000,
          45000,
          45000,
          45000,
          45000,
          45000,
          45000,
          45000,
          45000,
          45000,
          45000,
          45000,
          45000,
          45000,
          45000,
          45000,
          45000,
          45000,
          45000,
          45000,
          45000,
          45000,
          45000,
          45000,
          45000,
          45000,
          45000,
          45000,
          45000,
          45000,
          45000,
          45000,
          45000,
          45000,
          45000,
          45000,
          45000,
          45000,
          45000,
          45000,
          45000,
          45000,
          45000,
          45000,
          45000,
          45000,
          45000,
          45000,
          45000,
          45000,
          45000,
          45000,
          45000,
          45000,
          45000,
          45000,
          45000,
          45000,
          45000,
          45000,
          45000,
          45000,
          45000,
          45000,
          45000,
          45000,
          45000,
          45000,
          45000,
          45000,
          45000,
          45000,
          45000,
          45000,
          45000,
          45000,
          45000,
          45000,
          45000,
          45000,
          45000,
          45000,
          45000,
          45000,
          45000,
          45000,
          45000,
          45000,
          45000,
          45000,
          45000,
          45000,
          45000,
          45000,
          45000,
          45000,
          45000,
          45000,
          45000,
          45000,
          45000,
          44975,
          44950,
          44925,
          44900,
          44850,
          44800,
          44775,
          44725,
          44675,
          44650,
          44600,
          44550,
          44500,
          44450,
          44400,
          44350,
          44300,
          43450,
          42825,
          42350,
          42275,
          42175,
          42100,
          42025,
          41925,
          41825,
          41750,
          41675,
          41575,
          41500,
          41425,
          41275,
          41150,
          41075,
          40975,
          40900,
          40800,
          40700,
          40600,
          40525,
          40425,
          40350,
          40250,
          40150,
          40075,
          39975,
          39900,
          39800,
          39700,
          39625,
          39525,
          39425,
          39350,
          39250,
          39150,
          39075,
          38950,
          38875,
          38800,
          38675,
          38600,
          38500,
          38400,
          38325,
          38225,
          38150,
          38050,
          37950,
          37850,
          37775,
          37575,
          37500,
          37350,
          37275,
          37175,
          37075,
          36950,
          36875,
          36775,
          36675,
          36600,
          36500,
          36400,
          36325,
          36225,
          36000,
          35800,
          35425,
          35325,
          34825,
          34575,
          34375,
          34275,
          34175,
          34050,
          33900,
          33825,
          33675,
          33600,
          33450,
          33350,
          33225,
          33050,
          32900,
          32825,
          32450,
          32250,
          32075,
          31850,
          31750,
          31650,
          31600,
          31525,
          31475,
          31425,
          31400,
          31350,
          31300,
          31250,
          31200,
          31125,
          31100,
          31000,
          30925,
          30875,
          30825,
          30750,
          30700,
          30650,
          30550,
          30500,
          30400,
          30325,
          30275,
          30200,
          30150,
          30100,
          30050,
          29925,
          29875,
          29800,
          29750,
          29700,
          29575,
          29525,
          29475,
          29400,
          29325,
          29275,
          29225,
          29100,
          29025,
          28825,
          28650,
          28525,
          28450,
          28400,
          28375,
          28225,
          28150,
          28100,
          28075,
          27825,
          27775,
          27725,
          27675,
          27625,
          27550,
          27525,
          27475,
          27425,
          27275,
          27225,
          27125,
          26900,
          26800,
          26750,
          26625,
          26525,
          26400,
          26325,
          26250,
          26175,
          26125,
          26050,
          25900,
          25825,
          25775,
          25700,
          25600,
          25400,
          24400,
          24050,
          23950,
          23825,
          23000,
          22950,
          22250,
          22175,
          22100,
          22025,
          21750,
          21650,
          21575,
          21525,
          21475,
          21325,
          21125,
          21025,
          20950,
          20875,
          20450,
          20250,
          20100,
          20025,
          19825,
          19475,
          19225,
          19150,
          19000,
          18298,
          17596,
          16894,
          16192,
          15490,
          14788,
          14086,
          13384,
          12682,
          11980,
          11278,
          10576,
          10225,
          10050,
          9950,
          9850,
          9700,
          9300,
          9150,
          9125,
          8725,
          8575,
          8500,
          8475,
          8450,
          8425,
          8400,
          8375,
          8325,
          8300,
          8275,
          8250,
          8225,
          8200,
          8175,
          8150,
          8125,
          8100,
          8050,
          8050,
          8000,
          7975,
          7950,
          7950,
          7950,
          7925,
          7925,
          7925,
          7925,
          7925,
          7925,
          7925,
          7925,
          7925,
          7925,
          7925,
          7925,
          7925,
          7925,
          7925,
          7925,
          7925,
          7925,
          7925,
          7925,
          7925,
          7925,
          7925,
          7925,
          7925,
          7925,
          7925,
          7925,
          7925,
          7925,
          7925,
          7925,
          7925,
          7925,
          7925,
          7925,
          7925,
          7825,
          7750
        ],
        "vertical_rate_fpm": [
          0.0,
          0.0,
          0.0,
          0.0,
          0.0,
          0.0,
          0.0,
          0.0,
          0.0,
          0.0,
          0.0,
          0.0,
          0.0,
          0.0,
          0.0,
          0.0,
          0.0,
          0.0,
          0.0,
          0.0,
          0.0,
          0.0,
          0.0,
          0.0,
          0.0,
          0.0,
          0.0,
          0.0,
          0.0,
          0.0,
          0.0,
          0.0,
          0.0,
          0.0,
          0.0,
          0.0,
          0.0,
          0.0,
          0.0,
          0.0,
          0.0,
          0.0,
          0.0,
          0.0,
          0.0,
          0.0,
          0.0,
          0.0,
          0.0,
          0.0,
          0.0,
          0.0,
          0.0,
          0.0,
          0.0,
          0.0,
          0.0,
          0.0,
          0.0,
          0.0,
          0.0,
          0.0,
          0.0,
          0.0,
          0.0,
          0.0,
          0.0,
          0.0,
          0.0,
          0.0,
          0.0,
          0.0,
          0.0,
          0.0,
          0.0,
          0.0,
          0.0,
          0.0,
          0.0,
          0.0,
          0.0,
          0.0,
          0.0,
          0.0,
          0.0,
          0.0,
          0.0,
          0.0,
          0.0,
          0.0,
          0.0,
          0.0,
          0.0,
          0.0,
          0.0,
          0.0,
          0.0,
          0.0,
          0.0,
          0.0,
          0.0,
          0.0,
          0.0,
          0.0,
          0.0,
          0.0,
          0.0,
          0.0,
          0.0,
          0.0,
          0.0,
          0.0,
          0.0,
          0.0,
          0.0,
          0.0,
          0.0,
          0.0,
          0.0,
          0.0,
          0.0,
          0.0,
          0.0,
          0.0,
          0.0,
          0.0,
          0.0,
          0.0,
          0.0,
          0.0,
          0.0,
          0.0,
          0.0,
          0.0,
          0.0,
          0.0,
          0.0,
          0.0,
          0.0,
          0.0,
          0.0,
          0.0,
          0.0,
          0.0,
          0.0,
          0.0,
          0.0,
          0.0,
          0.0,
          0.0,
          0.0,
          0.0,
          0.0,
          0.0,
          0.0,
          0.0,
          0.0,
          0.0,
          0.0,
          0.0,
          0.0,
          0.0,
          0.0,
          0.0,
          0.0,
          0.0,
          0.0,
          0.0,
          0.0,
          0.0,
          0.0,
          0.0,
          0.0,
          0.0,
          0.0,
          0.0,
          0.0,
          0.0,
          0.0,
          0.0,
          0.0,
          0.0,
          0.0,
          0.0,
          0.0,
          0.0,
          0.0,
          0.0,
          0.0,
          0.0,
          0.0,
          0.0,
          0.0,
          0.0,
          0.0,
          0.0,
          0.0,
          0.0,
          0.0,
          0.0,
          0.0,
          0.0,
          0.0,
          0.0,
          0.0,
          0.0,
          0.0,
          0.0,
          0.0,
          0.0,
          0.0,
          0.0,
          0.0,
          0.0,
          0.0,
          0.0,
          0.0,
          0.0,
          0.0,
          0.0,
          0.0,
          0.0,
          0.0,
          0.0,
          0.0,
          0.0,
          0.0,
          0.0,
          0.0,
          0.0,
          0.0,
          0.0,
          0.0,
          0.0,
          0.0,
          0.0,
          0.0,
          0.0,
          0.0,
          0.0,
          0.0,
          0.0,
          0.0,
          0.0,
          0.0,
          0.0,
          0.0,
          0.0,
          0.0,
          0.0,
          0.0,
          0.0,
          0.0,
          0.0,
          0.0,
          0.0,
          0.0,
          0.0,
          0.0,
          0.0,
          0.0,
          0.0,
          0.0,
          0.0,
          0.0,
          0.0,
          0.0,
          0.0,
          0.0,
          0.0,
          0.0,
          0.0,
          0.0,
          0.0,
          0.0,
          0.0,
          0.0,
          0.0,
          0.0,
          0.0,
          0.0,
          0.0,
          0.0,
          0.0,
          0.0,
          0.0,
          0.0,
          0.0,
          0.0,
          0.0,
          0.0,
          0.0,
          0.0,
          0.0,
          0.0,
          0.0,
          0.0,
          0.0,
          0.0,
          0.0,
          0.0,
          0.0,
          0.0,
          0.0,
          0.0,
          0.0,
          0.0,
          0.0,
          0.0,
          0.0,
          0.0,
          0.0,
          0.0,
          0.0,
          0.0,
          0.0,
          0.0,
          0.0,
          0.0,
          0.0,
          0.0,
          0.0,
          0.0,
          0.0,
          0.0,
          0.0,
          0.0,
          0.0,
          0.0,
          0.0,
          0.0,
          0.0,
          0.0,
          0.0,
          0.0,
          0.0,
          0.0,
          0.0,
          0.0,
          0.0,
          0.0,
          0.0,
          0.0,
          0.0,
          0.0,
          0.0,
          0.0,
          0.0,
          0.0,
          0.0,
          0.0,
          0.0,
          0.0,
          0.0,
          0.0,
          0.0,
          0.0,
          0.0,
          0.0,
          0.0,
          0.0,
          0.0,
          0.0,
          0.0,
          0.0,
          0.0,
          0.0,
          0.0,
          0.0,
          0.0,
          0.0,
          0.0,
          0.0,
          0.0,
          0.0,
          0.0,
          0.0,
          0.0,
          0.0,
          0.0,
          0.0,
          0.0,
          0.0,
          0.0,
          0.0,
          0.0,
          0.0,
          0.0,
          0.0,
          0.0,
          0.0,
          0.0,
          0.0,
          0.0,
          0.0,
          0.0,
          0.0,
          0.0,
          0.0,
          0.0,
          0.0,
          0.0,
          0.0,
          0.0,
          0.0,
          0.0,
          0.0,
          0.0,
          0.0,
          0.0,
          0.0,
          0.0,
          0.0,
          0.0,
          0.0,
          0.0,
          0.0,
          0.0,
          0.0,
          0.0,
          0.0,
          0.0,
          0.0,
          0.0,
          0.0,
          0.0,
          0.0,
          0.0,
          0.0,
          0.0,
          0.0,
          0.0,
          0.0,
          0.0,
          0.0,
          0.0,
          0.0,
          0.0,
          0.0,
          0.0,
          0.0,
          0.0,
          0.0,
          0.0,
          0.0,
          0.0,
          0.0,
          0.0,
          0.0,
          0.0,
          0.0,
          0.0,
          0.0,
          0.0,
          0.0,
          0.0,
          0.0,
          0.0,
          0.0,
          0.0,
          0.0,
          0.0,
          0.0,
          0.0,
          0.0,
          0.0,
          0.0,
          0.0,
          0.0,
          0.0,
          0.0,
          0.0,
          0.0,
          0.0,
          0.0,
          0.0,
          0.0,
          0.0,
          0.0,
          0.0,
          0.0,
          0.0,
          0.0,
          0.0,
          0.0,
          0.0,
          0.0,
          0.0,
          0.0,
          0.0,
          0.0,
          0.0,
          0.0,
          0.0,
          0.0,
          0.0,
          0.0,
          0.0,
          0.0,
          0.0,
          0.0,
          0.0,
          0.0,
          0.0,
          0.0,
          0.0,
          0.0,
          0.0,
          0.0,
          0.0,
          0.0,
          0.0,
          0.0,
          0.0,
          0.0,
          0.0,
          0.0,
          0.0,
          0.0,
          0.0,
          0.0,
          0.0,
          0.0,
          0.0,
          0.0,
          0.0,
          0.0,
          0.0,
          0.0,
          0.0,
          0.0,
          0.0,
          0.0,
          0.0,
          0.0,
          0.0,
          0.0,
          0.0,
          0.0,
          0.0,
          0.0,
          0.0,
          0.0,
          0.0,
          0.0,
          0.0,
          0.0,
          0.0,
          0.0,
          0.0,
          0.0,
          0.0,
          0.0,
          0.0,
          0.0,
          0.0,
          0.0,
          0.0,
          0.0,
          0.0,
          0.0,
          0.0,
          0.0,
          0.0,
          0.0,
          0.0,
          0.0,
          0.0,
          0.0,
          0.0,
          0.0,
          0.0,
          0.0,
          0.0,
          0.0,
          0.0,
          0.0,
          0.0,
          0.0,
          0.0,
          0.0,
          0.0,
          0.0,
          0.0,
          0.0,
          0.0,
          0.0,
          0.0,
          0.0,
          0.0,
          0.0,
          0.0,
          0.0,
          0.0,
          0.0,
          0.0,
          0.0,
          0.0,
          0.0,
          0.0,
          0.0,
          0.0,
          0.0,
          0.0,
          0.0,
          0.0,
          0.0,
          0.0,
          0.0,
          0.0,
          0.0,
          0.0,
          0.0,
          0.0,
          0.0,
          0.0,
          0.0,
          0.0,
          0.0,
          0.0,
          0.0,
          0.0,
          0.0,
          0.0,
          0.0,
          0.0,
          0.0,
          0.0,
          0.0,
          0.0,
          0.0,
          0.0,
          0.0,
          0.0,
          0.0,
          0.0,
          0.0,
          0.0,
          0.0,
          0.0,
          0.0,
          0.0,
          0.0,
          0.0,
          0.0,
          0.0,
          0.0,
          0.0,
          0.0,
          0.0,
          0.0,
          0.0,
          0.0,
          0.0,
          0.0,
          0.0,
          0.0,
          0.0,
          0.0,
          0.0,
          0.0,
          0.0,
          0.0,
          0.0,
          0.0,
          0.0,
          0.0,
          0.0,
          0.0,
          0.0,
          0.0,
          0.0,
          0.0,
          0.0,
          0.0,
          0.0,
          0.0,
          0.0,
          0.0,
          0.0,
          0.0,
          0.0,
          0.0,
          0.0,
          0.0,
          0.0,
          0.0,
          0.0,
          0.0,
          0.0,
          0.0,
          0.0,
          0.0,
          0.0,
          0.0,
          0.0,
          0.0,
          0.0,
          0.0,
          0.0,
          0.0,
          0.0,
          0.0,
          0.0,
          0.0,
          0.0,
          0.0,
          0.0,
          0.0,
          0.0,
          0.0,
          0.0,
          0.0,
          0.0,
          0.0,
          0.0,
          0.0,
          0.0,
          0.0,
          0.0,
          0.0,
          0.0,
          0.0,
          0.0,
          0.0,
          0.0,
          0.0,
          0.0,
          0.0,
          0.0,
          0.0,
          0.0,
          0.0,
          0.0,
          0.0,
          0.0,
          0.0,
          0.0,
          0.0,
          0.0,
          0.0,
          0.0,
          0.0,
          0.0,
          0.0,
          0.0,
          0.0,
          0.0,
          0.0,
          0.0,
          0.0,
          0.0,
          0.0,
          0.0,
          0.0,
          0.0,
          0.0,
          0.0,
          0.0,
          0.0,
          0.0,
          0.0,
          0.0,
          0.0,
          0.0,
          0.0,
          0.0,
          0.0,
          0.0,
          0.0,
          0.0,
          0.0,
          0.0,
          0.0,
          0.0,
          0.0,
          0.0,
          0.0,
          0.0,
          0.0,
          0.0,
          0.0,
          0.0,
          0.0,
          0.0,
          0.0,
          0.0,
          0.0,
          0.0,
          0.0,
          0.0,
          0.0,
          0.0,
          0.0,
          0.0,
          0.0,
          0.0,
          0.0,
          0.0,
          0.0,
          0.0,
          0.0,
          0.0,
          0.0,
          0.0,
          0.0,
          0.0,
          0.0,
          0.0,
          0.0,
          0.0,
          0.0,
          0.0,
          0.0,
          0.0,
          0.0,
          0.0,
          0.0,
          0.0,
          0.0,
          0.0,
          0.0,
          0.0,
          0.0,
          0.0,
          0.0,
          0.0,
          0.0,
          0.0,
          0.0,
          0.0,
          0.0,
          0.0,
          0.0,
          0.0,
          0.0,
          0.0,
          0.0,
          0.0,
          0.0,
          0.0,
          0.0,
          0.0,
          0.0,
          0.0,
          0.0,
          0.0,
          0.0,
          0.0,
          0.0,
          0.0,
          0.0,
          0.0,
          0.0,
          0.0,
          0.0,
          0.0,
          0.0,
          0.0,
          0.0,
          0.0,
          0.0,
          0.0,
          0.0,
          0.0,
          0.0,
          0.0,
          0.0,
          0.0,
          0.0,
          0.0,
          0.0,
          0.0,
          0.0,
          0.0,
          0.0,
          0.0,
          0.0,
          0.0,
          0.0,
          0.0,
          0.0,
          0.0,
          0.0,
          0.0,
          0.0,
          0.0,
          0.0,
          0.0,
          0.0,
          0.0,
          0.0,
          0.0,
          0.0,
          0.0,
          0.0,
          0.0,
          0.0,
          0.0,
          0.0,
          0.0,
          0.0,
          0.0,
          0.0,
          0.0,
          0.0,
          0.0,
          0.0,
          0.0,
          0.0,
          0.0,
          0.0,
          0.0,
          0.0,
          0.0,
          0.0,
          0.0,
          0.0,
          0.0,
          0.0,
          0.0,
          0.0,
          0.0,
          0.0,
          0.0,
          0.0,
          0.0,
          0.0,
          0.0,
          0.0,
          0.0,
          0.0,
          0.0,
          0.0,
          0.0,
          0.0,
          0.0,
          0.0,
          0.0,
          0.0,
          0.0,
          0.0,
          0.0,
          0.0,
          0.0,
          0.0,
          0.0,
          0.0,
          0.0,
          0.0,
          0.0,
          0.0,
          0.0,
          0.0,
          0.0,
          0.0,
          0.0,
          0.0,
          0.0,
          0.0,
          0.0,
          0.0,
          0.0,
          0.0,
          0.0,
          0.0,
          0.0,
          0.0,
          0.0,
          0.0,
          0.0,
          0.0,
          0.0,
          0.0,
          0.0,
          0.0,
          0.0,
          0.0,
          0.0,
          0.0,
          0.0,
          0.0,
          0.0,
          0.0,
          0.0,
          0.0,
          0.0,
          0.0,
          0.0,
          0.0,
          0.0,
          0.0,
          0.0,
          0.0,
          0.0,
          0.0,
          0.0,
          0.0,
          0.0,
          0.0,
          0.0,
          0.0,
          0.0,
          0.0,
          0.0,
          0.0,
          0.0,
          0.0,
          0.0,
          0.0,
          0.0,
          0.0,
          0.0,
          0.0,
          0.0,
          0.0,
          0.0,
          0.0,
          0.0,
          0.0,
          0.0,
          0.0,
          0.0,
          0.0,
          0.0,
          0.0,
          0.0,
          0.0,
          0.0,
          0.0,
          0.0,
          0.0,
          0.0,
          0.0,
          0.0,
          0.0,
          0.0,
          0.0,
          0.0,
          0.0,
          0.0,
          0.0,
          0.0,
          0.0,
          0.0,
          0.0,
          0.0,
          0.0,
          0.0,
          0.0,
          0.0,
          0.0,
          0.0,
          0.0,
          0.0,
          0.0,
          0.0,
          0.0,
          0.0,
          0.0,
          0.0,
          0.0,
          0.0,
          0.0,
          0.0,
          0.0,
          0.0,
          0.0,
          0.0,
          0.0,
          0.0,
          0.0,
          0.0,
          0.0,
          0.0,
          0.0,
          0.0,
          0.0,
          0.0,
          0.0,
          0.0,
          0.0,
          0.0,
          0.0,
          0.0,
          0.0,
          0.0,
          0.0,
          0.0,
          0.0,
          0.0,
          0.0,
          0.0,
          0.0,
          0.0,
          0.0,
          0.0,
          0.0,
          0.0,
          0.0,
          0.0,
          0.0,
          0.0,
          0.0,
          0.0,
          0.0,
          0.0,
          0.0,
          0.0,
          0.0,
          0.0,
          0.0,
          0.0,
          0.0,
          0.0,
          0.0,
          0.0,
          0.0,
          0.0,
          0.0,
          0.0,
          0.0,
          0.0,
          0.0,
          0.0,
          0.0,
          0.0,
          0.0,
          0.0,
          0.0,
          0.0,
          0.0,
          0.0,
          0.0,
          0.0,
          0.0,
          0.0,
          0.0,
          0.0,
          0.0,
          0.0,
          0.0,
          0.0,
          0.0,
          0.0,
          0.0,
          0.0,
          0.0,
          0.0,
          0.0,
          0.0,
          0.0,
          0.0,
          0.0,
          0.0,
          0.0,
          0.0,
          0.0,
          0.0,
          0.0,
          0.0,
          0.0,
          0.0,
          0.0,
          0.0,
          0.0,
          0.0,
          0.0,
          0.0,
          0.0,
          0.0,
          0.0,
          0.0,
          0.0,
          0.0,
          0.0,
          0.0,
          0.0,
          0.0,
          0.0,
          0.0,
          0.0,
          0.0,
          0.0,
          0.0,
          0.0,
          0.0,
          0.0,
          0.0,
          0.0,
          0.0,
          0.0,
          0.0,
          0.0,
          0.0,
          0.0,
          0.0,
          0.0,
          0.0,
          0.0,
          0.0,
          0.0,
          0.0,
          0.0,
          0.0,
          0.0,
          0.0,
          0.0,
          0.0,
          0.0,
          0.0,
          0.0,
          0.0,
          0.0,
          0.0,
          0.0,
          0.0,
          0.0,
          0.0,
          0.0,
          0.0,
          0.0,
          0.0,
          0.0,
          0.0,
          0.0,
          0.0,
          0.0,
          0.0,
          0.0,
          0.0,
          0.0,
          0.0,
          0.0,
          0.0,
          0.0,
          0.0,
          0.0,
          0.0,
          0.0,
          0.0,
          0.0,
          0.0,
          0.0,
          0.0,
          0.0,
          0.0,
          0.0,
          0.0,
          0.0,
          0.0,
          0.0,
          0.0,
          0.0,
          0.0,
          0.0,
          0.0,
          0.0,
          0.0,
          0.0,
          0.0,
          0.0,
          0.0,
          0.0,
          0.0,
          0.0,
          0.0,
          0.0,
          0.0,
          0.0,
          0.0,
          0.0,
          0.0,
          0.0,
          0.0,
          0.0,
          0.0,
          0.0,
          0.0,
          0.0,
          0.0,
          0.0,
          0.0,
          0.0,
          0.0,
          0.0,
          0.0,
          0.0,
          0.0,
          0.0,
          0.0,
          0.0,
          0.0,
          0.0,
          0.0,
          0.0,
          0.0,
          0.0,
          0.0,
          0.0,
          0.0,
          0.0,
          0.0,
          0.0,
          0.0,
          0.0,
          0.0,
          0.0,
          0.0,
          0.0,
          0.0,
          0.0,
          0.0,
          0.0,
          0.0,
          0.0,
          0.0,
          0.0,
          0.0,
          0.0,
          0.0,
          0.0,
          0.0,
          0.0,
          0.0,
          0.0,
          0.0,
          0.0,
          0.0,
          0.0,
          0.0,
          0.0,
          0.0,
          0.0,
          0.0,
          0.0,
          0.0,
          0.0,
          0.0,
          0.0,
          0.0,
          0.0,
          0.0,
          0.0,
          0.0,
          0.0,
          0.0,
          0.0,
          0.0,
          0.0,
          0.0,
          0.0,
          0.0,
          0.0,
          0.0,
          0.0,
          0.0,
          0.0,
          0.0,
          0.0,
          0.0,
          0.0,
          0.0,
          0.0,
          0.0,
          0.0,
          0.0,
          0.0,
          0.0,
          0.0,
          0.0,
          0.0,
          0.0,
          0.0,
          0.0,
          0.0,
          0.0,
          0.0,
          0.0,
          0.0,
          0.0,
          0.0,
          0.0,
          0.0,
          0.0,
          0.0,
          0.0,
          0.0,
          0.0,
          0.0,
          0.0,
          0.0,
          0.0,
          0.0,
          0.0,
          0.0,
          0.0,
          0.0,
          0.0,
          0.0,
          0.0,
          0.0,
          0.0,
          0.0,
          0.0,
          0.0,
          0.0,
          0.0,
          0.0,
          0.0,
          0.0,
          0.0,
          0.0,
          0.0,
          0.0,
          0.0,
          0.0,
          0.0,
          0.0,
          0.0,
          0.0,
          0.0,
          0.0,
          0.0,
          0.0,
          0.0,
          0.0,
          0.0,
          0.0,
          0.0,
          0.0,
          0.0,
          0.0,
          0.0,
          0.0,
          0.0,
          0.0,
          0.0,
          0.0,
          0.0,
          0.0,
          0.0,
          0.0,
          0.0,
          0.0,
          0.0,
          0.0,
          0.0,
          0.0,
          0.0,
          0.0,
          0.0,
          0.0,
          0.0,
          0.0,
          0.0,
          0.0,
          0.0,
          0.0,
          0.0,
          0.0,
          0.0,
          0.0,
          0.0,
          0.0,
          0.0,
          0.0,
          0.0,
          0.0,
          0.0,
          0.0,
          0.0,
          0.0,
          0.0,
          0.0,
          0.0,
          0.0,
          0.0,
          0.0,
          0.0,
          0.0,
          0.0,
          0.0,
          0.0,
          0.0,
          0.0,
          0.0,
          0.0,
          0.0,
          0.0,
          0.0,
          0.0,
          0.0,
          0.0,
          0.0,
          0.0,
          0.0,
          0.0,
          0.0,
          0.0,
          0.0,
          0.0,
          0.0,
          0.0,
          0.0,
          0.0,
          0.0,
          0.0,
          0.0,
          0.0,
          0.0,
          0.0,
          0.0,
          0.0,
          0.0,
          0.0,
          0.0,
          0.0,
          0.0,
          0.0,
          0.0,
          0.0,
          0.0,
          0.0,
          0.0,
          0.0,
          0.0,
          0.0,
          0.0,
          0.0,
          0.0,
          0.0,
          0.0,
          0.0,
          0.0,
          0.0,
          0.0,
          0.0,
          0.0,
          0.0,
          0.0,
          0.0,
          0.0,
          0.0,
          0.0,
          0.0,
          0.0,
          0.0,
          0.0,
          0.0,
          0.0,
          0.0,
          0.0,
          0.0,
          0.0,
          0.0,
          0.0,
          0.0,
          0.0,
          0.0,
          0.0,
          0.0,
          0.0,
          0.0,
          0.0,
          0.0,
          0.0,
          0.0,
          0.0,
          0.0,
          0.0,
          0.0,
          0.0,
          0.0,
          0.0,
          0.0,
          0.0,
          0.0,
          0.0,
          0.0,
          0.0,
          0.0,
          0.0,
          0.0,
          0.0,
          0.0,
          0.0,
          0.0,
          0.0,
          0.0,
          0.0,
          0.0,
          0.0,
          0.0,
          0.0,
          0.0,
          0.0,
          0.0,
          0.0,
          0.0,
          0.0,
          0.0,
          0.0,
          0.0,
          0.0,
          0.0,
          0.0,
          0.0,
          0.0,
          0.0,
          0.0,
          0.0,
          0.0,
          0.0,
          0.0,
          0.0,
          0.0,
          0.0,
          0.0,
          0.0,
          0.0,
          0.0,
          0.0,
          0.0,
          0.0,
          0.0,
          0.0,
          0.0,
          0.0,
          0.0,
          0.0,
          0.0,
          0.0,
          0.0,
          0.0,
          0.0,
          0.0,
          0.0,
          0.0,
          0.0,
          0.0,
          0.0,
          0.0,
          0.0,
          0.0,
          0.0,
          0.0,
          0.0,
          0.0,
          0.0,
          0.0,
          0.0,
          0.0,
          0.0,
          0.0,
          0.0,
          0.0,
          0.0,
          0.0,
          0.0,
          0.0,
          0.0,
          0.0,
          0.0,
          0.0,
          0.0,
          0.0,
          0.0,
          0.0,
          0.0,
          0.0,
          0.0,
          0.0,
          0.0,
          0.0,
          0.0,
          0.0,
          0.0,
          0.0,
          0.0,
          0.0,
          0.0,
          0.0,
          0.0,
          0.0,
          0.0,
          0.0,
          0.0,
          0.0,
          0.0,
          0.0,
          0.0,
          0.0,
          0.0,
          0.0,
          0.0,
          0.0,
          0.0,
          0.0,
          0.0,
          0.0,
          0.0,
          0.0,
          0.0,
          0.0,
          0.0,
          0.0,
          0.0,
          0.0,
          0.0,
          0.0,
          0.0,
          0.0,
          0.0,
          0.0,
          0.0,
          0.0,
          0.0,
          0.0,
          0.0,
          0.0,
          0.0,
          0.0,
          0.0,
          0.0,
          0.0,
          0.0,
          0.0,
          0.0,
          0.0,
          0.0,
          0.0,
          0.0,
          0.0,
          0.0,
          0.0,
          0.0,
          0.0,
          0.0,
          0.0,
          0.0,
          0.0,
          0.0,
          0.0,
          0.0,
          0.0,
          0.0,
          0.0,
          0.0,
          0.0,
          0.0,
          0.0,
          0.0,
          0.0,
          0.0,
          0.0,
          0.0,
          0.0,
          0.0,
          0.0,
          0.0,
          0.0,
          0.0,
          0.0,
          0.0,
          0.0,
          0.0,
          0.0,
          0.0,
          0.0,
          0.0,
          0.0,
          0.0,
          0.0,
          0.0,
          0.0,
          0.0,
          0.0,
          0.0,
          0.0,
          0.0,
          0.0,
          0.0,
          0.0,
          0.0,
          0.0,
          0.0,
          0.0,
          0.0,
          0.0,
          0.0,
          0.0,
          0.0,
          0.0,
          0.0,
          0.0,
          0.0,
          0.0,
          0.0,
          0.0,
          0.0,
          0.0,
          0.0,
          0.0,
          0.0,
          0.0,
          0.0,
          0.0,
          0.0,
          0.0,
          0.0,
          0.0,
          0.0,
          0.0,
          0.0,
          0.0,
          0.0,
          0.0,
          0.0,
          0.0,
          0.0,
          0.0,
          0.0,
          0.0,
          0.0,
          0.0,
          0.0,
          0.0,
          0.0,
          0.0,
          0.0,
          0.0,
          0.0,
          0.0,
          0.0,
          0.0,
          0.0,
          0.0,
          0.0,
          0.0,
          0.0,
          0.0,
          0.0,
          0.0,
          0.0,
          0.0,
          0.0,
          0.0,
          0.0,
          0.0,
          0.0,
          0.0,
          0.0,
          0.0,
          0.0,
          0.0,
          0.0,
          0.0,
          0.0,
          0.0,
          0.0,
          0.0,
          0.0,
          0.0,
          0.0,
          0.0,
          0.0,
          0.0,
          0.0,
          0.0,
          0.0,
          0.0,
          0.0,
          0.0,
          0.0,
          0.0,
          0.0,
          0.0,
          0.0,
          0.0,
          0.0,
          0.0,
          0.0,
          0.0,
          0.0,
          0.0,
          0.0,
          0.0,
          0.0,
          0.0,
          0.0,
          0.0,
          0.0,
          0.0,
          0.0,
          0.0,
          0.0,
          0.0,
          0.0,
          0.0,
          0.0,
          0.0,
          0.0,
          0.0,
          0.0,
          0.0,
          0.0,
          0.0,
          0.0,
          0.0,
          0.0,
          0.0,
          0.0,
          0.0,
          0.0
        ]
      }
    }
  ]
}